Tag,Probability,Binary Prediction
,0.31467723846435547,1
(kansallinen) identiteetti,0.22131873667240143,1
(koulu)hyvinvointi,0.19421547651290894,1
- archives,0.2087138593196869,1
1 tyypin diabetes,0.39021798968315125,1
1. luokka,0.23382295668125153,1
1.-luokkalaiset,0.36377236247062683,1
12.30,0.11239223927259445,0
1600-luku,0.397051066160202,1
16S rDNA,0.20371215045452118,1
1700-luku,0.5029789209365845,1
1800-luku,0.6103647947311401,1
1800-luvun maaseutuyhteisö,0.22987999022006989,1
1850-luku,0.13334041833877563,0
1860-luku,0.22764630615711212,1
1888-1921,0.12800316512584686,0
1890-luku,0.2811639904975891,1
1895–1905,0.2884610891342163,1
18S rDNA,0.141902357339859,1
1900-luku,0.5048164129257202,1
1910-luku,0.38867658376693726,1
1920-luku,0.48964762687683105,1
1930-luku,0.44219881296157837,1
1940-luku,0.6178543567657471,1
1950-luku,0.465297669172287,1
1960-luku,0.6216309666633606,1
1970-luku,0.6392118334770203,1
1970-luvun taide,0.2868565320968628,1
1980-luku,0.5664682984352112,1
1990-luku,0.5276728272438049,1
1999-2003,0.12801547348499298,0
2 x 2 achievement motivation,0.18047191202640533,1
2 x 2 tavoiteorientaatio,0.25531476736068726,1
2000-luku,0.5088361501693726,1
2007,0.16810642182826996,1
2010-luku,0.36208033561706543,1
2055 climate,0.2633562684059143,1
2D materials,0.19798649847507477,1
2nd and 3rd graders,0.2148364782333374,1
3D liikeanalysi,0.24497613310813904,1
3D printing,0.13465502858161926,0
3D sensor,0.2108469158411026,1
3D-sensori,0.33757755160331726,1
3D-tulostus,0.4205262064933777,1
3G,0.24732306599617004,1
3G-tekniikka,0.23306456208229065,1
3rd graders,0.1384844332933426,0
4G,0.19863897562026978,1
4G-tekniikka,0.181426003575325,1
5G,0.21045391261577606,1
7. ja 8. luokkalaiset,0.17009112238883972,1
8. ja 9. luokkalaiset,0.24321849644184113,1
9. -luokkalainen,0.2350858598947525,1
9‐luokkalaiset,0.2567276358604431,1
: Stakeholders,0.1835688054561615,1
: päänsärky,0.3277788758277893,1
A/B-testaus,0.1510905921459198,1
A/D,0.15856723487377167,1
AAC,0.2609221041202545,1
AAT,0.2684159278869629,1
ACBI -lomake,0.15825679898262024,1
ACSI,0.3157166540622711,1
ACT,0.45447614789009094,1
AD/HD,0.318953275680542,1
ADC,0.13259649276733398,0
ADD,0.2564443051815033,1
ADDRR,0.21037611365318298,1
ADHD,0.7481644153594971,1
ADHD-oireet,0.2676794230937958,1
AEP,0.22741258144378662,1
AHR,0.23727501928806305,1
AHR-agonisti,0.23355606198310852,1
AI,0.1430245339870453,1
AI developers,0.17176195979118347,1
AI ethics,0.1793798953294754,1
AI guidelines,0.12237660586833954,0
AI tracking,0.3021738827228546,1
AIESEC Jyväskylä,0.3377099931240082,1
AIS-järjestelmä,0.3654527962207794,1
ANT,0.27579548954963684,1
AOP,0.20348888635635376,1
API,0.23064298927783966,1
API Design,0.3559885323047638,1
APT,0.2791318893432617,1
APT28,0.2855907678604126,1
ASMR,0.2129964530467987,1
ASP,0.2223857194185257,1
AT,0.17327675223350525,1
ATDD,0.26479777693748474,1
ATQ-R,0.4859030544757843,1
Aalborg,0.22928905487060547,1
Aalto, Alvar,0.4169769883155823,1
Aalto-keskus,0.2178182750940323,1
Aamulehti,0.3001273572444916,1
Aamulehti (sanomalehti),0.329386442899704,1
Aasia,0.2321595698595047,1
Abe, Shinzo,0.2074151188135147,1
Abu Dhabi,0.33711203932762146,1
Academic Learning Time (ALT),0.300520122051239,1
Acceptance,0.16302481293678284,1
Acceptance and Commitment Therapy,0.31349706649780273,1
Acculturation,0.28246206045150757,1
Acculturation strategy,0.2012161910533905,1
Acculturative stress,0.11848240345716476,0
Acinetobacter baumannii,0.2752661406993866,1
Action Research,0.21955302357673645,1
AdS/CFT,0.3412455916404724,1
Adaptation,0.26198914647102356,1
Admission Process of Teacher Candidates,0.20174668729305267,1
Afganistan,0.18584251403808594,1
Afganistanin sota (2001-2021),0.2502273917198181,1
Afrikka,0.3356103003025055,1
Agamben, Giorgio,0.27608779072761536,1
Agile,0.3733188509941101,1
Agile Software Development,0.11538298428058624,0
Agit-Prop,0.3096010386943817,1
Agricultural Policy,0.15947325527668,1
Ahtila, Eija-Liisa,0.2812153398990631,1
Ahvenanmaa,0.15344461798667908,1
Ahvenjärvi, Sanna,0.17371675372123718,1
Aikuislukio,0.27343785762786865,1
Aikuissosiaalityö,0.2088312953710556,1
Air transportation,0.27604004740715027,1
Airlines,0.17985476553440094,1
Ajankäyttö,0.2317129671573639,1
Aksiomaattinen joukko-oppi,0.20541568100452423,1
Alahärmä,0.17269591987133026,1
Albumiformaatti,0.2706677317619324,1
Alcott, Louisa M,0.21228325366973877,1
Aleksis Kiven kuolinmökki,0.30519071221351624,1
Alexander-tekniikka,0.25035011768341064,1
Alkoholiliike,0.24776938557624817,1
Alkuportaat-hanke,0.16838742792606354,1
Alkuportaat-seurantatutkimus,0.2757112979888916,1
Alliance Party of Northern Ireland,0.34516987204551697,1
Allianssi,0.29275280237197876,1
Almost Ideal Demand System,0.2794996500015259,1
Alpha Diversity,0.14799320697784424,1
Alppihiihto,0.27925819158554077,1
Alue-ekologia,0.25927630066871643,1
Alzheimerin tauti,0.2740916609764099,1
Amazon Lex,0.17883950471878052,1
American Civil War,0.20635618269443512,1
Amerikan vallankumous,0.2936544418334961,1
Amerikka,0.24429520964622498,1
Amerintiaani mediassa,0.2805962562561035,1
Amerintiaanit,0.16893063485622406,1
Ammatillinen identiteetti,0.24396562576293945,1
Ammatillinen koulutus,0.2985799014568329,1
Ammatillisuus,0.13210412859916687,0
Ammattinimike,0.25288406014442444,1
Amt Trittau,0.2127629667520523,1
Anderson, James C,0.13043312728405,0
Andit,0.22229045629501343,1
Android,0.5278638601303101,1
Anglo-amerikkalaiset suhteet,0.2532631754875183,1
Angola,0.19090743362903595,1
Angular,0.28545480966567993,1
Anodonta anatina,0.10363387316465378,0
Anomaly,0.3059419095516205,1
Anthony Giddens,0.275028795003891,1
Antigone,0.18940667808055878,1
Anxiety,0.26065894961357117,1
Apache Kafka,0.3144732713699341,1
Apache Samza,0.2453635334968567,1
Apicomplexa,0.17068174481391907,1
ApoBodit,0.22225283086299896,1
Apologia,0.26346468925476074,1
Arab female,0.17414630949497223,1
Arabia,0.18156994879245758,1
Arabs,0.1580287516117096,1
Aratos,0.2924879491329193,1
ArcGIS,0.2819218933582306,1
ArchiMate,0.31469783186912537,1
Arctia plantaginis,0.14052565395832062,1
Arduino,0.33114445209503174,1
Aristoteles,0.44887182116508484,1
Armenia,0.11697423458099365,0
Arnold Boos,0.1537666916847229,1
Arvo,0.18664702773094177,1
Arvosteleva kirjaluettelo,0.19215044379234314,1
Arvot,0.2571868300437927,1
Asia economical miracles,0.18170922994613647,1
Asiakasanalytiikka,0.24166801571846008,1
Asiakassegmentointi,0.2603042721748352,1
Asians,0.1044793501496315,0
Asiantuntijuus,0.2334640473127365,1
Asiasanat – Keywords Intercultural communication,0.18720875680446625,1
Asiasanat: aliupseereiden koulutus,0.21498772501945496,1
Asiasanat: diabetes,0.3511720895767212,1
Asiasanat: koettu terveys,0.3680192232131958,1
Aspergerin oireyhtymä,0.19307643175125122,1
Assessment tool,0.21173250675201416,1
Association,0.13603951036930084,0
Associations,0.3560774028301239,1
Assosiaatio,0.18446382880210876,1
Asterix,0.4197773039340973,1
Asumisura,0.33112919330596924,1
Ateneumin taidemuseo,0.2767348289489746,1
Athletic career,0.29238301515579224,1
Atlas.ti,0.21972757577896118,1
Austin, John Langshaw,0.14597509801387787,1
Autenttisuus,0.244737908244133,1
Authenticity,0.1796707808971405,1
Authenticity; Länsimainen klassinen musiikki,0.2039484679698944,1
Authentizität,0.2579283118247986,1
Authentizität im Fremdsprachenlernen,0.1653381884098053,1
Autoethnography,0.13762244582176208,0
Avainsanat: I-tason koulutus,0.3076722323894501,1
Avainsanat: Nuoret,0.2678467035293579,1
Avainsanat: alakoulun ruotsin opettaja,0.12446277588605881,0
Avesta,0.18820121884346008,1
Avienus, Rufius Festus,0.3175530731678009,1
Avioliitto,0.15427489578723907,1
Azerbaidžan,0.17332065105438232,1
Azerbaijan,0.22103290259838104,1
Azure,0.10979188978672028,0
B1-svenska,0.14736254513263702,1
B2B,0.5767245292663574,1
B2B context,0.40838509798049927,1
B2B-yritykset,0.2541445791721344,1
BAS,0.30433592200279236,1
BASIC EDUCATION,0.18740186095237732,1
BBC,0.17136509716510773,1
BBI-indeksi,0.20078815519809723,1
BCH-koodit,0.22349242866039276,1
BDD,0.21970321238040924,1
BDI,0.3249574303627014,1
BE,0.10939164459705353,0
BELF,0.2995273768901825,1
BERS-2,0.3011425733566284,1
BI&A,0.252701073884964,1
BI&A-palvelut,0.23144611716270447,1
BI-järjestelmä,0.25786158442497253,1
BIBs,0.2947491407394409,1
BIN,0.1698819100856781,1
BIS,0.27396297454833984,1
BMI,0.42079874873161316,1
BMP,0.4180701673030853,1
BMP4,0.4267994463443756,1
BN,0.30013856291770935,1
BRICS countries,0.3823133409023285,1
BRICS-maat,0.34194710850715637,1
BSC,0.27798572182655334,1
BSD,0.3180599510669708,1
BSDE,0.23670117557048798,1
Babacan, Ali,0.20239998400211334,1
Bagdad,0.21736566722393036,1
Bangladeshi students,0.09866351634263992,0
Barcode Index Number,0.14231674373149872,1
Barker, Jane,0.28211382031440735,1
Barkhausen noise,0.4642128348350525,1
Barriers,0.21046707034111023,1
Barthes, Roland,0.18928852677345276,1
Barthesin malli,0.2042275220155716,1
Basic Education Act,0.2286384105682373,1
Basic Psychological Needs in Physical Education Scale,0.23407934606075287,1
Batch Processing,0.2524562180042267,1
Batch culture,0.18717828392982483,1
Bayes,0.17968668043613434,1
Bayes-tilastotiede,0.16510771214962006,1
Beamforming,0.1650255173444748,1
Beauty Image,0.21727047860622406,1
Beck Depression Inventory,0.35614466667175293,1
Beethoven op. 13,0.3116432726383209,1
Begegnungspädagogik,0.2941359579563141,1
Behavior Change Support Systems,0.26366108655929565,1
Behavioral and Emotional Rating Scale-2,0.3138229250907898,1
Behavioral online brand engagement,0.3021200895309448,1
Belgia,0.3096916675567627,1
Belgium,0.17552074790000916,1
Beliefs,0.11634907126426697,0
Benfordin laki,0.2494739592075348,1
Bergson,0.1841871440410614,1
Bernstein, Eduard,0.313420832157135,1
Beyala, Calixthe,0.2536109983921051,1
Big Hero 6,0.2027619481086731,1
Bildung,0.3721262216567993,1
Binaarioppositio,0.26212722063064575,1
Binary Opposition,0.22661855816841125,1
Biomekaniikka,0.2593736946582794,1
Biosphere Impact Balance sheet,0.30192962288856506,1
Bitcoin,0.14195695519447327,1
Black Lives Matter,0.22128649055957794,1
Blockchain,0.24942614138126373,1
Blogit,0.2341511994600296,1
Bluetooth,0.36595290899276733,1
Bochum,0.29566335678100586,1
Bolognan prosessi,0.17248301208019257,1
Boolen malli,0.26108410954475403,1
Borgin RPE-asteikko,0.20669901371002197,1
Borgin asteikko,0.2980577051639557,1
Boris Johnson,0.17187589406967163,1
Born Global,0.3545587658882141,1
Bourdieu,0.18301531672477722,1
Bourdieu, Pierre,0.23864580690860748,1
Brain,0.39376458525657654,1
Brain-derived Neurotrophic Factor,0.26393184065818787,1
Brand,0.16332140564918518,1
Brand Expectations,0.3333127200603485,1
Brand Portfolio,0.3570685088634491,1
Brand Reputation,0.3218882381916046,1
Brand experience,0.2055204212665558,1
Brand usage intent,0.1808495819568634,1
Branding,0.3936396837234497,1
Brasilia,0.15871311724185944,1
Brazil,0.25598323345184326,1
Brazil’s CCA,0.22825585305690765,1
Breivik, Anders Behring,0.2722167372703552,1
Brent,0.20639796555042267,1
Brexit,0.19800899922847748,1
Brides,0.12389466166496277,0
Britain,0.21449275314807892,1
Britannia,0.1483665257692337,1
Britannian parlamentti,0.35873910784721375,1
Bromatut palonestoaineet,0.11140884459018707,0
Brontë, Charlotte,0.17673486471176147,1
Brown, Michael,0.20120325684547424,1
Bryophyta,0.1251007616519928,0
Bucephalid trematodes,0.10823604464530945,0
Buenos Aires,0.10450898110866547,0
Bulgaria,0.3223586082458496,1
Burnett, Frances Hodgson,0.2912832498550415,1
Burnout,0.24880586564540863,1
Burroughs, William,0.14688481390476227,1
Business English,0.22472022473812103,1
Business English lingua franca (BELF),0.20562325417995453,1
Business Model,0.22986185550689697,1
Business school,0.24017110466957092,1
Butler, Judith,0.22338362038135529,1
Bysantti,0.21845003962516785,1
C-komponentti,0.23758681118488312,1
CADS,0.2669842541217804,1
CALL,0.1789087951183319,1
CAR,0.15715019404888153,1
CBASP -hoitomalli,0.23342286050319672,1
CBDC,0.17947173118591309,1
CBDmon,0.1794809252023697,1
CCTV cameras,0.22447097301483154,1
CD-levyt,0.3283228874206543,1
CDA,0.25801724195480347,1
CDR,0.19936341047286987,1
CE implementation,0.26142609119415283,1
CE projects,0.2504110634326935,1
CEA,0.29425299167633057,1
CEFR,0.32809925079345703,1
CERC model,0.44854673743247986,1
CERN,0.1727476716041565,1
CFD,0.18012693524360657,1
CFP,0.2824387550354004,1
CKM,0.2562510669231415,1
CLC,0.2695747911930084,1
CLI,0.28133925795555115,1
CLIL,0.21249467134475708,1
CLIL 4Cs,0.14891010522842407,1
CLIL Home Economics,0.21278275549411774,1
CLT,0.11568918824195862,0
CLV,0.2544798254966736,1
CMC,0.23254899680614471,1
CMC and gender,0.2542039453983307,1
CMDA,0.3190458118915558,1
CO2 compensation,0.27790313959121704,1
COVID-19,0.8665137887001038,1
COX-I,0.15700820088386536,1
CP-oireyhtymä,0.2090364545583725,1
CP-vamma,0.165980264544487,1
CP-vammaiset,0.2506750822067261,1
CPP (cyber-physical process),0.14858528971672058,1
CPS (cyber-physical systems),0.13205532729625702,0
CRISPR,0.15414650738239288,1
CRM,0.3778432309627533,1
CSR,0.37066635489463806,1
CSR audits,0.18441461026668549,1
CVG-ICP-OES,0.31450846791267395,1
CYP1A-inhibiittori,0.2376130074262619,1
Calderón, Felipe,0.3279556334018707,1
Capability Approach,0.19143959879875183,1
Capability Maturity Model (CMM),0.20881254971027374,1
Cardanon kaavat,0.2803843915462494,1
Career Development of Women,0.3267875611782074,1
Carl Bengts,0.1542186439037323,1
Carl Schmitt,0.246134951710701,1
Carlstedt, Birger,0.19801312685012817,1
Carroll, Noël,0.31139612197875977,1
Categorization,0.3512200117111206,1
Cauchy-Riemannin yhtälöt,0.21295425295829773,1
Central Eastern European Countries,0.21692119538784027,1
Central-Banking,0.21878650784492493,1
Cervidae,0.36053577065467834,1
Chantal Mouffe,0.24987250566482544,1
Chávez, Hugo,0.19390754401683807,1
CheckMyLevel,0.3460924029350281,1
Chief Digital Officer,0.31091147661209106,1
Chiewitz, Georg Theodor,0.28358525037765503,1
Chile,0.20585785806179047,1
China,0.4932357966899872,1
Chinese,0.19484253227710724,1
Chinese business culture,0.2497309297323227,1
Chinese heritage learners,0.10382269322872162,0
Chinese identity,0.16154982149600983,1
Chinese market,0.16575899720191956,1
Chinese room argument,0.33009713888168335,1
Chinese schools,0.20957045257091522,1
Chinese speakers,0.2801705300807953,1
Chinese transnationals,0.1433214545249939,1
Chironomidae,0.34558093547821045,1
Chris Cleave,0.20693698525428772,1
Christchurch,0.16737879812717438,1
Christianity online,0.2415713667869568,1
Cicero, Marcus Tullius,0.26030081510543823,1
Cisneros, Sandra,0.2756440043449402,1
Class B,0.4490206837654114,1
Class-Wide Positive Behavior Support,0.2926090955734253,1
Clethrionomys glareolus,0.48689448833465576,1
Clinical improvisation,0.24445661902427673,1
Cloud,0.2192825824022293,1
CnC,0.1668458878993988,1
Co-evolution,0.1978531777858734,1
CoAP,0.2678478956222534,1
CoVar,0.21242351830005646,1
Coleoptera,0.2969628870487213,1
Collaboration,0.15844093263149261,1
Collective Management Organization,0.2636481821537018,1
Colombian armed conflict,0.363205224275589,1
Communication Theory of Identity,0.14850151538848877,1
Communicative Language Teaching,0.24198390543460846,1
Communicative constitution of organization,0.17495010793209076,1
Complete Vocal Technique,0.2515910565853119,1
Complexity,0.30908334255218506,1
Complexity Science,0.21635599434375763,1
Complexity Theory,0.20190772414207458,1
Computer-Mediated Communication,0.15932366251945496,1
Concurrent training,0.3861182630062103,1
Content and Language Integrated Learning (CLIL),0.3082129657268524,1
Convenience,0.28623321652412415,1
Coping,0.2556751072406769,1
Coregonus albula,0.317298948764801,1
Coregonus lavaretus,0.39177846908569336,1
Corporate Environmental Management,0.24419036507606506,1
Corporate Volunteering,0.2421966791152954,1
Corporate online presence,0.1512579768896103,1
Corporate social responsibility,0.18254432082176208,1
Corticospinal excitability,0.2691879868507385,1
Cosmopolitan,0.15683121979236603,1
Cost,0.2747670114040375,1
Costa Rica,0.21894431114196777,1
Coudenhove-Kalergi, Rickhard,0.287097692489624,1
Coxin regressiomalli,0.22199109196662903,1
Crisis Communication Scorecard,0.31963831186294556,1
Critical Discourse Analysis,0.4666481018066406,1
Critical Discursive Psychology,0.24480709433555603,1
Critical discourse analysis,0.2638113498687744,1
Crohnin tauti,0.2568521499633789,1
Cross-Cultural Experience,0.22631235420703888,1
Cross-country skiing,0.4011351466178894,1
CrossFit-kulttuuri,0.17519137263298035,1
CrossFit-urheilija,0.1992262899875641,1
Cuba,0.2789480984210968,1
Cultural Hegemony.,0.23300780355930328,1
Cultural Identity,0.195730522274971,1
Cultural schemas,0.3282696604728699,1
Cultural values,0.24150648713111877,1
Culture teaching,0.13216286897659302,0
Curating skills,0.1478690654039383,1
Currencies,0.3521876335144043,1
Customer Relationship Management,0.13728950917720795,0
Customer brand engagement,0.24138633906841278,1
Customer engagement,0.2297300100326538,1
Customer experience,0.17439612746238708,1
Cyber Deception,0.25632360577583313,1
D-optimaalisuus,0.18204078078269958,1
DAC,0.375506192445755,1
DAF,0.2230558544397354,1
DCD,0.25945332646369934,1
DEP,0.1998484879732132,1
DFT,0.5799601078033447,1
DFTB,0.3580438494682312,1
DGBL,0.2101517766714096,1
DICE-malli,0.2800050377845764,1
DJ,0.315632164478302,1
DLT,0.12234193831682205,0
DMT,0.2716427147388458,1
DNA,0.5977349877357483,1
DNA analysis,0.21253156661987305,1
DNA barcodes,0.2461450695991516,1
DNA barcoding,0.189057394862175,1
DNA-analyysi,0.21350902318954468,1
DNA-sekvenssi,0.2909572124481201,1
DNA-vasta-aineet,0.243214949965477,1
DNA-viivakoodit,0.2452063411474228,1
DOC,0.19905032217502594,1
DR,0.21900132298469543,1
DRM,0.21709376573562622,1
DT (digital twin),0.19951045513153076,1
DTLS,0.43978381156921387,1
DXA,0.2983596920967102,1
DaF,0.35706502199172974,1
Dahl, Roald,0.26426297426223755,1
Daily mail (sanomalehti),0.4078805148601532,1
Dalcroze-rytmiikka,0.24880343675613403,1
Dancer,0.2017916440963745,1
Daniel Handler,0.131058469414711,0
Daphnia magna,0.32711008191108704,1
Data Application,0.33828747272491455,1
Datalähtöinen markkinointi,0.35561510920524597,1
Daudet, Alphonse,0.49051252007484436,1
Dean, Jeffrey T,0.2787630558013916,1
Death Stranding,0.09842399507761002,0
Decapoda,0.19447414577007294,1
Deinococcus radiodurans,0.3974071443080902,1
Delta Covar,0.244449183344841,1
Derrida, Jacques,0.15860995650291443,1
Descartes, René,0.21994732320308685,1
Design Fluency Test,0.32399189472198486,1
Design science,0.3574106991291046,1
Designmuseo,0.2213609516620636,1
Deterrence Theory,0.20212052762508392,1
Development cooperation project,0.2069670855998993,1
Dewey, John,0.1938692331314087,1
Dialogflow,0.262370765209198,1
Die Welle,0.2753215730190277,1
Diffie-Hellman,0.21081934869289398,1
Digenea,0.13838624954223633,0
Digitaalinen taloushallinto,0.19254112243652344,1
Digital Rights Management,0.26465487480163574,1
Digital natives,0.22917181253433228,1
Digitalisaatio,0.3078320622444153,1
Diptera,0.18785373866558075,1
Diracin yhtälö,0.2583073377609253,1
Dirichlet'n ongelma,0.23839692771434784,1
Disabled Sports,0.16986699402332306,1
Diskurssintutkimus,0.2151365727186203,1
Disney,0.3974061906337738,1
Distributed leadership,0.24197790026664734,1
Diversity,0.1457897275686264,1
Diversity Management,0.3540172278881073,1
Dmitri,0.1304592341184616,0
Domestic Resource Mobilization,0.23823803663253784,1
Doppler-levenemä,0.24619655311107635,1
Dostojevski,0.2762536406517029,1
Dove,0.1926891803741455,1
Doyle, Arthur Conan,0.3066854774951935,1
Drosophila montana,0.3682008683681488,1
Duchenne muscular dystrophy,0.33093366026878357,1
Duchennen lihasdystrofia,0.45360520482063293,1
Duolingo,0.1656286120414734,1
Dyslexia,0.3402157127857208,1
EAP,0.09557893127202988,0
ECHO-virukset,0.2949066758155823,1
ECR2,0.23969724774360657,1
ECRIS,0.37259358167648315,1
EDA,0.23242469131946564,1
EDA-synkronia,0.40914666652679443,1
EDE-Q,0.3283155858516693,1
EDUCATIONAL TECHNOLOGY,0.2036963850259781,1
EEG,0.4537763297557831,1
EFL,0.5517650842666626,1
EFL learn-ing,0.16623543202877045,1
EFL teaching,0.6061448454856873,1
EGFP,0.2522083520889282,1
EGNITE,0.24665017426013947,1
EIL,0.15928718447685242,1
EMAS,0.23055359721183777,1
EMG,0.3731004297733307,1
EMS,0.2081737518310547,1
ERC20,0.09610883891582489,0
ERF,0.3284381330013275,1
ERM,0.24423766136169434,1
ERP,0.5202307105064392,1
ERP-järjestelmän ylläpito ja kehitys,0.36621952056884766,1
ERP-tutkimus,0.2570735216140747,1
ESG,0.39881205558776855,1
ESG (Environment,0.2238633930683136,1
ESP,0.1701812595129013,1
EU Taxonomy,0.21994981169700623,1
EU-maat,0.16060221195220947,1
EU-politiikka,0.19252458214759827,1
Early Interaction,0.24448035657405853,1
East Asia,0.2712715268135071,1
Ebola,0.6111139059066772,1
Echovirus 1,0.3705749213695526,1
EcoStart,0.15286116302013397,1
Ecological Modernization,0.21124829351902008,1
Economic growth,0.11401404440402985,0
Ecosystems,0.2764051556587219,1
Edelfelt, Carl,0.19912397861480713,1
Educational virtual worlds,0.2610608637332916,1
Eduskunta,0.45434775948524475,1
Eeva Kilpi,0.25778523087501526,1
Effective leadership role,0.20866000652313232,1
Effectual Networks,0.24429717659950256,1
Effectuation,0.30715301632881165,1
Ekapeli,0.5026797652244568,1
Elite Football,0.38246384263038635,1
Elmi,0.3990984261035919,1
Eläkkeelle jääminen,0.24980804324150085,1
Elämäkerta,0.2201070934534073,1
Elämän puu (elokuva),0.3551710844039917,1
Elämänhallinta,0.19009053707122803,1
Emission,0.17181441187858582,1
Emissions Mitigation,0.16490167379379272,1
EmotionML,0.18274131417274475,1
Emotional Energy,0.17456790804862976,1
Emotional Responses,0.20279106497764587,1
Emotional Text to speech,0.12421849370002747,0
Endophytes,0.19608797132968903,1
Enegia (yhtiö),0.18735840916633606,1
Energia,0.23414970934391022,1
Energiatehokkuus,0.2154708206653595,1
Energy management,0.1895049810409546,1
Englanti,0.33722108602523804,1
Englantia äidinkielenään puhuvat opettajat,0.2097930759191513,1
English,0.334745317697525,1
English Defence League,0.25550663471221924,1
English and Swedish teachers,0.19033022224903107,1
English as a Foreign Language,0.20561926066875458,1
English as a foreign language,0.29788753390312195,1
English as a lingua franca,0.38814520835876465,1
English as a medium of instruction,0.2759983539581299,1
English as an Additional Language,0.21676529943943024,1
English as an International Language,0.20935778319835663,1
English as an international language,0.28017011284828186,1
English as lingua franca,0.2581575810909271,1
English for Academic Purposes,0.06678926199674606,0
English for specific purposes,0.23428310453891754,1
English in Finland,0.279952734708786,1
English language,0.6620480418205261,1
English language literature,0.25185099244117737,1
English language teacher,0.1872122883796692,1
English language teaching,0.3043118119239807,1
English teaching,0.24105024337768555,1
English textbooks,0.26888686418533325,1
Entrepre-neurship,0.16293761134147644,1
Entrepreneurial Failure,0.25846806168556213,1
Entrepreneurship,0.33066579699516296,1
Environment Query System,0.3900285065174103,1
Environmental Management System,0.35873648524284363,1
Environmental reporting,0.23789139091968536,1
Epätyypillinen työaika,0.2553269863128662,1
Equilibrium and Kinetic modeling,0.24405412375926971,1
Erasmus Intensive Program,0.161630317568779,1
Erasmus-vaihto,0.21212241053581238,1
Erdogan, Recep Tayyip,0.1776771992444992,1
Eric-Emmanuel Schmitt,0.16407860815525055,1
Erich Fromm,0.20254160463809967,1
Erikson, Erik. H,0.2008826583623886,1
Eritrea,0.14937655627727509,1
Eron jälkeinen vaino,0.2114424705505371,1
Erving Goffman,0.23359009623527527,1
Esiopetus,0.20023468136787415,1
Esox lucius L.,0.24392056465148926,1
Esteettömyys,0.25119179487228394,1
Etelä-Afrikka,0.3658577799797058,1
Etelä-Konneveden kansallispuisto,0.2790268659591675,1
Etelä-Korea,0.3986683189868927,1
Etelä-Pohjanmaa,0.5314087867736816,1
Etelä-Savon maakuntaliitto,0.2909100651741028,1
Etelä-Savon taidetoimikunta,0.18875491619110107,1
Etelä-Sudan,0.20352692902088165,1
Etelä-Suomen Sanomat (sanomalehti),0.31621816754341125,1
Etelä-Suomi,0.1292058676481247,0
Etelävaltiot (Yhdysvallat),0.17025423049926758,1
Ethereum,0.08689586818218231,0
Ethiopia,0.3104095757007599,1
Ethnicity,0.23202064633369446,1
Etiopia,0.35916784405708313,1
Euler-Lagrangen yhtälö,0.24603013694286346,1
Euraasian talousunioni,0.21597297489643097,1
Euroopan integraatio,0.17652134597301483,1
Euroopan parlamentti,0.3609986901283264,1
Euroopan talous- ja rahaliitto,0.41933152079582214,1
Euroopan turvallisuussopimus,0.23652330040931702,1
Euroopan unioni,0.666142463684082,1
Euroopan vihreät ja vapaa-allianssi -ryhmä,0.18540729582309723,1
Eurooppa,0.5621826648712158,1
Eurooppa-koulut,0.12839333713054657,0
Eurooppa-neuvosto,0.2999991178512573,1
Eurooppalainen viitekehys,0.2413027435541153,1
Europe,0.16157136857509613,1
European Central Bank,0.3237640857696533,1
European Integration,0.19846975803375244,1
European Parliament,0.1894853413105011,1
European Schools,0.13203197717666626,0
European Union,0.3078443706035614,1
European Union countries,0.17236031591892242,1
European education,0.117769755423069,0
European identity,0.19790397584438324,1
Europeaness,0.20883038640022278,1
Europeans,0.12794174253940582,0
Exercise motivation,0.25546345114707947,1
Expatriate Management,0.2386234849691391,1
Experts ratings,0.1803750842809677,1
ExtremeRun,0.24922025203704834,1
F1 Esports,0.3301449418067932,1
FAIR,0.13318422436714172,0
FAS,0.1871744692325592,1
FCI1,0.31964951753616333,1
FCI5,0.38100436329841614,1
FEM,0.15485335886478424,1
FET,0.20188044011592865,1
FHL-lihas,0.43992578983306885,1
FIM -toimintakykymittari,0.36556434631347656,1
FIMP,0.3279888927936554,1
FL learning and teaching,0.2076014280319214,1
FLE,0.3049977123737335,1
FLIM,0.27098187804222107,1
FOREIGN LANGUAGE LEARNING,0.29505908489227295,1
FPA,0.3103694021701813,1
FRAM-menetelmä,0.3037012219429016,1
FRET,0.2152826189994812,1
FSC,0.33391374349594116,1
FSH,0.2442924529314041,1
FTIR,0.14483177661895752,1
FTIR-ATR,0.17814427614212036,1
Fabry-Perot,0.19694456458091736,1
Facebook,0.7102475762367249,1
Factor Model,0.2767135798931122,1
Family business,0.13163621723651886,0
FasL,0.27304092049598694,1
Fear of failure,0.32339411973953247,1
Feedback Loops,0.16789303719997406,1
Feliks Ojanen,0.15445850789546967,1
Female Asian Look,0.15115845203399658,1
Female self-initiated expatriates,0.3402596116065979,1
Feminist Critical Discourse Analysis,0.14007411897182465,1
Fenno-Ugric,0.1474418342113495,1
Fenton-reaktio,0.27780818939208984,1
FiR 1,0.27768683433532715,1
Final Fantasy,0.23468497395515442,1
Financial Stability,0.2764505445957184,1
Fingerprint,0.15382471680641174,1
Finland,0.734306275844574,1
Finland Swedish,0.21758075058460236,1
Finnair,0.29030707478523254,1
Finnair (yhtiö),0.19171841442584991,1
Finnish as a second language,0.3079146444797516,1
Finnish as a second language learners,0.19678041338920593,1
Finnish baseball,0.23509180545806885,1
Finnish companies,0.24027517437934875,1
Finnish comprehensive school,0.29140400886535645,1
Finnish context,0.2219548523426056,1
Finnish cross-border acquisitions,0.14319713413715363,1
Finnish culture,0.16370375454425812,1
Finnish education,0.4407835006713867,1
Finnish education identity,0.2572198808193207,1
Finnish higher educational institution,0.17718859016895294,1
Finnish identity,0.43921902775764465,1
Finnish language,0.32107076048851013,1
Finnish telecommunications companies,0.2708052098751068,1
Finnish-Chinese bilingual identity,0.16236527264118195,1
Finnishness,0.4766154885292053,1
Finns,0.2977122366428375,1
First North,0.4175019860267639,1
Firstbeat Hyvinvointianalyysi,0.28979790210723877,1
Flemish,0.1131439357995987,0
Flerspråkighet,0.291058212518692,1
Florida,0.23662534356117249,1
Flutter,0.3724002540111542,1
Focus group,0.19546762108802795,1
Foneeminen harjoittelu,0.42889803647994995,1
Food Delivery Applications,0.3341256082057953,1
Football,0.15550744533538818,1
Foreign language teaching,0.19982796907424927,1
Formula 1 -luokka,0.5804979801177979,1
Forum Macao,0.21902604401111603,1
Foucault,0.3332511782646179,1
Foucault, Michel,0.629684329032898,1
Fourier transform infrared spectroscopy,0.15573912858963013,1
Framinghamin riskiprofiili,0.406370609998703,1
France,0.24360233545303345,1
Frankfurter Allgemeine Zeitung,0.18530716001987457,1
Frankfurtin koulukunta,0.20261284708976746,1
Freejazz,0.2424410581588745,1
Freinet-pedagogiikka,0.4585772752761841,1
French as a foreign language,0.26959875226020813,1
Frendit (televisiosarja),0.21488560736179352,1
Frendit (tv-ohjelma),0.20004971325397491,1
Freud, Sigmund,0.30823180079460144,1
Frigyes, Hidas,0.1913619190454483,1
Frozen 2,0.16221338510513306,1
Fry,0.3596685230731964,1
Functional income distribution,0.22832581400871277,1
Fyysinen aktiivisuus,0.47387996315956116,1
Fyysinen kunto,0.4441189765930176,1
GARCH,0.22832266986370087,1
GARCH-in-Mean,0.2057216316461563,1
GDPR,0.2560890316963196,1
GLM,0.30535367131233215,1
GLP2019,0.1810668706893921,1
GLR,0.1396721750497818,0
GMM,0.19480293989181519,1
GREAT,0.23015251755714417,1
GRI,0.4546998143196106,1
GUI personalization,0.23785480856895447,1
GUI-testaus,0.4106214940547943,1
Galgut, Damon,0.24677444994449615,1
Game Studies,0.32089847326278687,1
Game design elements,0.28418290615081787,1
Gamification,0.22731368243694305,1
Gasification modeling,0.2355605810880661,1
Gaut, Berys,0.19531625509262085,1
Ge-detectors,0.22957512736320496,1
Geant4,0.3321380317211151,1
Gender,0.25973019003868103,1
Gender – climate change – participatory forest management – REDD+ – Tanzania,0.3606419861316681,1
George Sand,0.3177497982978821,1
Georgia,0.1584295630455017,1
Geresdlak,0.25038430094718933,1
Gerhardsson Snellman, Johan Wilhelm,0.3331635594367981,1
German,0.17466801404953003,1
German biofuel legislation,0.36533936858177185,1
German-Slovakian Cooperation,0.17640841007232666,1
Germanicus,0.2804625630378723,1
Germans,0.2013319730758667,1
Germany,0.3187270760536194,1
Ghana,0.24031716585159302,1
Gibbons, Dave,0.24159114062786102,1
Gilmore girls (televisiosarja),0.25842520594596863,1
Giorgio Agamben,0.23528344929218292,1
Glamour,0.17658746242523193,1
Glee (televisiosarja),0.16462521255016327,1
Global Forest Change,0.2966870367527008,1
Global Reporting Initiative,0.3745357096195221,1
Global Virtual Teams,0.25698214769363403,1
Global inequality,0.20192894339561462,1
Go,0.30576813220977783,1
Goal Attainment Scaling,0.337850958108902,1
Golden Compass (peli),0.2519564926624298,1
Good Housekeeping,0.17595510184764862,1
GoodBalance,0.346286416053772,1
Google,0.23616661131381989,1
Google Cloud,0.10202683508396149,0
Grammar teaching methods,0.2576074004173279,1
Grand Theft Auto,0.3105222284793854,1
Grand Theft Auto V (peli),0.21467047929763794,1
Gratitude,0.19586016237735748,1
Gravity flow model,0.3559061884880066,1
Greece,0.27786892652511597,1
Green,0.2456243485212326,1
Green Anglicans Movement,0.17195551097393036,1
Green Office,0.30116572976112366,1
Grounded theory,0.257889986038208,1
Group Communication,0.24545961618423462,1
Group Therapy,0.22132861614227295,1
Group therapy,0.2926191985607147,1
Guardian (sanomalehti),0.4305310845375061,1
Guggenheim-museo,0.20962971448898315,1
Gummel plot,0.14737841486930847,1
Gylich, Pehr Johan,0.2735750377178192,1
H-refleksi,0.32852599024772644,1
HAHKU-mentori,0.23356519639492035,1
HARMONIE-AROME,0.19750359654426575,1
HBCD,0.16918332874774933,1
HCPS (human-in-the-loop cyber-physical systems),0.20577315986156464,1
HCR,0.3841204345226288,1
HDL cholesterol,0.33583033084869385,1
HDL-kolesteroli,0.2334822416305542,1
HIISI,0.3728787302970886,1
HIIT,0.1255818009376526,0
HIT-harjoittelu,0.4087350368499756,1
HOJKS,0.4924485683441162,1
HOMER,0.2586245834827423,1
HOPS,0.39186516404151917,1
HOT,0.25438857078552246,1
HPLC-MS/MS,0.1252351701259613,0
HPS,0.21493878960609436,1
HR,0.2252809852361679,1
HR-analytiikka,0.16301865875720978,1
HR-järjestelmä,0.3828994333744049,1
HR-kumppani,0.2141178548336029,1
HR-kumppanuus,0.14943689107894897,1
HRV,0.32642170786857605,1
HTI-analyysi,0.39071422815322876,1
HTTP cookie,0.46290045976638794,1
Haavisto, Pekka,0.2561402916908264,1
Haber-Weiss-reaktio,0.35459059476852417,1
Habermas, Jürgen,0.14861877262592316,1
Hackneyn malli,0.14462679624557495,1
Hankasalmi,0.3138946294784546,1
Hannah Arendt,0.1818300485610962,1
Hardcap,0.13930390775203705,0
Harnack-funktiot,0.1461964249610901,1
Harnackin epäyhtälö,0.17147134244441986,1
Harris, Sam,0.2105061560869217,1
Harry Potter,0.2004665583372116,1
Hartola,0.21574333310127258,1
Harvinaiset maametallit,0.15007343888282776,1
Haskell,0.42580270767211914,1
Hayao Miyazaki,0.22715257108211517,1
Häiriökäyttäytyminen,0.31361663341522217,1
HbA1c,0.2851385772228241,1
Head Heart Hands approach,0.19479548931121826,1
Heart rate variability,0.25745508074760437,1
Heather Douglas,0.26300254464149475,1
Heckmanin malli,0.1907328963279724,1
Heidegger, Martin,0.2920807898044586,1
Heikkilä, Jussi,0.22911490499973297,1
Heinola,0.31117042899131775,1
Heinähattu ja Vilttitossu-sarja,0.16126073896884918,1
Helin, Henrik,0.23315522074699402,1
Hellboy (elokuva),0.22516286373138428,1
Hellisonin vastuuntuntoisuuden malli,0.4028879404067993,1
Helsigin Sanomat (sanomalehti),0.16012179851531982,1
Helsingin Sanomat,0.49520134925842285,1
Helsingin Sanomat (sanomalehti),0.3701983392238617,1
Helsingin kaupunginmuseo,0.4217045307159424,1
Helsingin sanomat,0.3904251754283905,1
Helsinki,0.3719208240509033,1
Henkilökohtaiset tavoitteet,0.31972113251686096,1
Henkilöstöjohtaminen,0.22708310186862946,1
Henneguya zschokkei,0.20481839776039124,1
Hennion, Antoine,0.23239412903785706,1
Henrik Vibskov,0.2767486572265625,1
Hera,0.11517725139856339,0
Herakleitos,0.19360539317131042,1
Herzberg, Fredric,0.3765389621257782,1
Hideo Kojima,0.1791759431362152,1
Higgins, John,0.18965360522270203,1
High Point University,0.17637786269187927,1
High-intensity interval training,0.24729910492897034,1
Higher education,0.3754684627056122,1
Hindrances,0.27941200137138367,1
Hirschman,0.2515159547328949,1
Hirvensalo,0.28376346826553345,1
Hitaat lukijat,0.27487310767173767,1
Hiukkasherätteinen röntgen-emissio,0.23836831748485565,1
Hjelmslevin lause,0.30043715238571167,1
Hoffman reflex,0.3131033182144165,1
Hofstede’s cultural dimensions,0.15350231528282166,1
Holmes, Sherlock,0.23874828219413757,1
Honneth,0.22062596678733826,1
Honneth, Alex,0.2777014374732971,1
Huawei (yhtiö),0.25209566950798035,1
Hubble parameter,0.3510591685771942,1
Hufvudstadsbladet,0.15350088477134705,1
Huhtasuo,0.25562822818756104,1
Human Resource Management,0.2505964934825897,1
Human parvovirus B19,0.2579563856124878,1
Human trafficking,0.1900395005941391,1
Humanistinen ammattikorkeakoulu,0.3727961480617523,1
Hungary,0.13081367313861847,0
Huotarinen, Vilja-Tuulia,0.21847116947174072,1
Husserl, Edmund,0.12269778549671173,0
Hybrid wind-PV energy system,0.17523792386054993,1
Hydrometallurgia,0.3409103453159332,1
Hyvä kuntoutuskäytäntö,0.21677201986312866,1
Hyväksymis- ja Omistautumisterapia,0.29457858204841614,1
Hämeenlinna,0.1677594631910324,1
Härkönen, Anna-Leena,0.1708020567893982,1
IAM,0.21928814053535461,1
IAS 36,0.3075970709323883,1
IAS 39,0.22566774487495422,1
IB upper secondary school,0.2703055441379547,1
IB-lukio,0.1872994601726532,1
IBA,0.17851775884628296,1
IBM Watson Text to Speech,0.1489734649658203,1
IBM Watson Tone Analyser,0.18036651611328125,1
IC,0.25403156876564026,1
ICCS 2009,0.23094691336154938,1
ICD,0.22177745401859283,1
ICF,0.4257427453994751,1
ICF.,0.2529948353767395,1
ICO,0.26254773139953613,1
ICP,0.1327890157699585,0
ICP-OES,0.43561363220214844,1
ICP-TQ-MS,0.15384337306022644,1
ICT,0.5173707604408264,1
ICT varautuminen,0.2777746915817261,1
ICT-ala,0.19985707104206085,1
ICT-organisaatio,0.19477209448814392,1
ICT-organisaatiot,0.2616969048976898,1
ICT-taidot,0.38563403487205505,1
ID2,0.3710373044013977,1
IDS,0.41104307770729065,1
IFRS,0.29197195172309875,1
IFRS 3,0.23590998351573944,1
IFRS 8,0.34637975692749023,1
IFRS 9,0.2107766717672348,1
IFRS-standardit,0.5948784947395325,1
IGF-1,0.426338791847229,1
IGISOL,0.3832339942455292,1
IGRM-malli,0.440419465303421,1
IID (independent and identical distributed) data,0.12833034992218018,0
IMTAP,0.33321547508239746,1
IPAD,0.36055949330329895,1
IPAQ,0.2486247718334198,1
IRC-Galleria,0.19317011535167694,1
IS curriculum,0.3562251925468445,1
IS discontinuance,0.22500520944595337,1
ISD,0.2529892921447754,1
ISO 14001,0.15781016647815704,1
ISO 27000,0.19292707741260529,1
ISO 27001,0.31297290325164795,1
ISO 27001 - sertifikaatti,0.33151695132255554,1
ISO 27002,0.40141499042510986,1
ISO/IEC 27001,0.3750922381877899,1
ISOLDE,0.18919825553894043,1
ISRE 2400,0.3051877021789551,1
IT integration,0.2978113889694214,1
IT integration success factors,0.28991979360580444,1
IT service management,0.2234134078025818,1
IT-integraatio,0.1937749981880188,1
IT-käyttöönotto,0.3581892251968384,1
IT-palvelunhallinta,0.36675241589546204,1
IT-projekti,0.15122736990451813,1
IT-projektin onnistuminen,0.20548830926418304,1
IT-sopimukset,0.25982725620269775,1
IT-strategia,0.3553057312965393,1
ITE-taide,0.2923474907875061,1
ITIL,0.28585222363471985,1
ITIL 4,0.462589293718338,1
ITSM,0.46802690625190735,1
IZOF model,0.27000564336776733,1
Identiteetti,0.22140979766845703,1
Identity work,0.2348886877298355,1
Ihastjärvi,0.2879556119441986,1
Ihde, Don,0.20335239171981812,1
Ihmisen parvovirus B19,0.37102729082107544,1
Iida Rauma,0.2737768292427063,1
Iittala,0.18090979754924774,1
Ikääntyneet,0.39774876832962036,1
Ilmastonmuutos,0.3069920241832733,1
Ilta-Sanomat,0.25152626633644104,1
Iltalehti,0.36577630043029785,1
Iltapäivälehti,0.20195873081684113,1
Image (aikakauslehti),0.1777428686618805,1
Imatra,0.2696649730205536,1
Imatrankoski,0.2739790081977844,1
Immigrant entrepreneurship,0.1901259422302246,1
Immigration,0.1745714396238327,1
InAs,0.21980145573616028,1
Inari,0.2538989782333374,1
Incident Management,0.33342257142066956,1
Inclusive education,0.12494012713432312,0
Index of inclusion,0.1650628000497818,1
Indicators of Intelligence,0.3026524484157562,1
Indigenous methodology,0.23429635167121887,1
Indonesia,0.31971031427383423,1
Indonesian schools,0.24840544164180756,1
Industrial metabolism,0.18246906995773315,1
Infant Masturbation,0.28358715772628784,1
Infertility,0.24788784980773926,1
Inflation,0.22189593315124512,1
Information Security,0.24592384696006775,1
Information security behavior,0.3660765588283539,1
Inkluusio,0.20856165885925293,1
Instagram,0.6254198551177979,1
Integraatio,0.250293105840683,1
Integroitu raportointi,0.25093233585357666,1
Interaction,0.23940329253673553,1
Interaction Ritual Chains,0.21139174699783325,1
Intercultural Communication,0.3634973168373108,1
Intercultural Communication Competence,0.22410278022289276,1
Intercultural business communication,0.1489306092262268,1
Intercultural communication,0.200322687625885,1
Intercultural competence,0.19303983449935913,1
Intercultural couples,0.17184580862522125,1
Intercultural identity,0.24994297325611115,1
Intercultural management,0.16931569576263428,1
Intercultural relationships,0.16513259708881378,1
International Baccalaureate Diploma Programme (IBDP),0.1962362676858902,1
International Leadership,0.17152507603168488,1
International Marriage Broker Regulation Act (IMBRA),0.15452221035957336,1
International students,0.1370355486869812,0
International tourism,0.14967183768749237,1
Internationalization,0.4352293908596039,1
Internet,0.8134552836418152,1
Internet Channel,0.1800113469362259,1
Internet Deception,0.5289555191993713,1
Internet based exercise management system,0.24425022304058075,1
Internet of Things,0.2618807852268219,1
Internet of things,0.5072245001792908,1
Internet-meemit,0.23856216669082642,1
Internetin hallinta,0.39509686827659607,1
Interoception,0.19802719354629517,1
Interpersonaalinen vuorovaikutus,0.2086450159549713,1
Interpersonal Relationships,0.29619845747947693,1
Intia,0.2682468295097351,1
Intialainen filosofia,0.27687200903892517,1
Investor relations,0.24813809990882874,1
IoT,0.568060040473938,1
IoT-järjestelmä,0.3833587169647217,1
Irigaray, Luce,0.27940014004707336,1
Irish Free State,0.22983606159687042,1
Irish mobile operator,0.2309969961643219,1
Islam,0.1256897747516632,0
Iso Kivijärvi,0.1790987253189087,1
Iso-Britannia,0.6034192442893982,1
Israel,0.3212961256504059,1
Israeli/Palestinian conflict,0.1495131105184555,1
Israelin-Palestiinan konflikti,0.23299123346805573,1
Issue Management,0.3164635896682739,1
Italia,0.25976070761680603,1
Italy,0.2405785173177719,1
Itsetuntemus,0.20442263782024384,1
Itä Aasi,0.26771360635757446,1
Itä-Aasia,0.1999020278453827,1
Itä-Afrikka,0.27087709307670593,1
Itä-Eurooppa,0.35530707240104675,1
Itä-Suomi,0.26973819732666016,1
Itämeri,0.3760138154029846,1
Itävalta,0.2098311334848404,1
Ivlevin valikointi-indeksi,0.2806732952594757,1
Ixodes ricinus,0.31906864047050476,1
J. R. R. Tolkien,0.1431061327457428,1
JYFL-ACCLAB,0.22251787781715393,1
JYFLTRAP,0.3798177242279053,1
JYUTube,0.2502458691596985,1
Jaettujen maiden politiikka,0.22835657000541687,1
JamMo-oppimisympäristö,0.23788297176361084,1
Japan,0.4416999816894531,1
Japani,0.5099847316741943,1
Jarmo Mäkilä,0.15604105591773987,1
Jatkokoulutus- ja uravalinnat,0.30282050371170044,1
JavaScript,0.45935767889022827,1
Jensenin alpha,0.3130512833595276,1
John Locke,0.15291394293308258,1
John Rawls,0.41825559735298157,1
John Smith Rock Festival,0.24750123918056488,1
John-alueet,0.21076752245426178,1
Johtaminen,0.3680223822593689,1
Jokinen, Elina,0.30433887243270874,1
Jokivartio, Seppo,0.22787274420261383,1
Jonas Heiska,0.10048896074295044,0
Jooga,0.15696924924850464,1
Joroinen,0.23311524093151093,1
Josef Stenbäck,0.27257561683654785,1
Josephson junction,0.2414834350347519,1
Journalistinen kulttuuri,0.3310280740261078,1
Joutsa,0.21142920851707458,1
Joutseno,0.1989557147026062,1
Julian Savulescu,0.16180624067783356,1
Jumala,0.3180745244026184,1
Junge Freiheit,0.39949116110801697,1
Juoksija (aikakauslehti),0.29450684785842896,1
Juuka jatsaa,0.1985587477684021,1
Juupajoen kirkko,0.26265430450439453,1
Juupajoki,0.1759539097547531,1
Jypeli,0.2796788513660431,1
Jyränkö,0.19571945071220398,1
Jyväskylä,0.7438933253288269,1
Jyväskylä Sinfonia,0.19423799216747284,1
Jyväskylän Seminaari,0.27127349376678467,1
Jyväskylän Seminaarin kirjasto,0.11115420609712601,0
Jyväskylän Sinfonia,0.3124975562095642,1
Jyväskylän Vanha hautausmaa,0.11178798228502274,0
Jyväskylän ammattikikorkeakoulu,0.23348744213581085,1
Jyväskylän kaupunki,0.2604847848415375,1
Jyväskylän maalaiskunta,0.239202618598938,1
Jyväskylän musiikkikampus,0.31921082735061646,1
Jyväskylän musiikkiluokkien A-kuoro,0.1912839561700821,1
Jyväskylän musiikkiluokkien kuoro,0.18143843114376068,1
Jyväskylän seminaari,0.3525662124156952,1
Jyväskylän yliopisto,0.5097211003303528,1
Jyväskylän ylioppilaslehti,0.2237250953912735,1
Jyvässeudun työllistämisyhdistys - JST ry,0.171287402510643,1
Järviseutu,0.24313734471797943,1
Jönköpingin lääni,0.19748930633068085,1
K-Means,0.290096640586853,1
K-complex,0.30946817994117737,1
KAIMeR,0.241932675242424,1
KAiKU Glove,0.25526589155197144,1
KIILA-kuntoutujat,0.34970951080322266,1
KIng, Ingle,0.13670779764652252,0
KPI,0.14766825735569,1
KTK-testit,0.39017775654792786,1
Kainuu,0.20158010721206665,1
Kaitsepolitseiamet,0.21045735478401184,1
Kakskerta,0.2899230122566223,1
Kalasatama (Helsinki),0.258221834897995,1
Kaleva,0.2705513536930084,1
Kalevala,0.2109357863664627,1
Kalevalainen jäsenkorjaus,0.2390587031841278,1
Kalvo,0.1929350048303604,1
Kanada,0.46204107999801636,1
Kanban,0.3086087703704834,1
Kansainvälinen Paralympiakomitea,0.5256357789039612,1
Kansalaisuus,0.2206275314092636,1
Kansallinen Kokoomus (puolue),0.31667691469192505,1
Kansallinen turvallisuusauditointikriteeristö,0.18401308357715607,1
Kansan Lehti (sanomalehti),0.234124094247818,1
Kansaneläkelaitos,0.511125385761261,1
Kant,0.14121085405349731,1
Kant, Immanuel,0.4523571729660034,1
Karelian Republic,0.24537478387355804,1
Karjala,0.19049568474292755,1
Kashmir,0.36537614464759827,1
Kassila, Matti,0.2694654166698456,1
Kasvattilapset,0.1720181107521057,1
Katajanokka (Helsinki),0.2533615231513977,1
Katja Kettu,0.20766717195510864,1
Kauhajoki,0.1758377104997635,1
Kauneus ja terveys (aikakauslehti),0.27393025159835815,1
Kaunis koti (aikakauslehti),0.15307600796222687,1
Kauppasuhteet,0.22405338287353516,1
Kehitysvammaisuus,0.282879114151001,1
Kelan lääkinnällinen kuntoutus,0.244735449552536,1
Kenia,0.5444660186767578,1
Kerlan-Jobe Orthopaedic Clinic Score,0.4263404309749603,1
Keski-Eurooppa,0.20779235661029816,1
Keski-Suomen Osuuspankki,0.28824853897094727,1
Keski-Suomen Taideseura,0.20889586210250854,1
Keski-Suomen kauppakamari,0.2636602818965912,1
Keski-Suomen keskussairaala,0.16058357059955597,1
Keski-Suomen museo,0.23486119508743286,1
Keski-Suomi,0.6786147356033325,1
Keskipohjanmaa (sanomalehti),0.26893508434295654,1
Keskisuomalainen,0.26420703530311584,1
Keskisuomalainen (sanomalehti),0.26969245076179504,1
Kesko,0.12794239819049835,0
Kettu, Katja,0.25740671157836914,1
Kielen oppiminen,0.19153408706188202,1
Kielenoppiminen,0.2087104320526123,1
Kielipolitiikka,0.2144283801317215,1
Kiina,0.43470001220703125,1
Kiinan internetsensuuri,0.4436245858669281,1
Kiinan sosiaalinen media,0.289238303899765,1
Kiinnostus,0.19236333668231964,1
Kiiskinen, Jyrki,0.3903706967830658,1
Kilke,0.2184695154428482,1
King, Anastasia,0.13049855828285217,0
King, Martin Luther,0.2939806282520294,1
Kioton koulukunta,0.24358920753002167,1
Kirjailija,0.20568327605724335,1
Kirjoittamisen prosessi,0.2682325839996338,1
Kirkko,0.16229383647441864,1
Kiusaaminen,0.1632326990365982,1
Kivi, Aleksis,0.2132500261068344,1
Klassinen laulu,0.3473106622695923,1
Klaus Haapaniemi,0.26964080333709717,1
Knowhau-toiminta,0.4092186689376831,1
Kodin ja koulun yhteistyö,0.2214067429304123,1
Kodolányi János,0.1467180848121643,1
Kohteliaisuus,0.23107998073101044,1
Kokeellisuus,0.19567197561264038,1
Kokemus,0.16241438686847687,1
Kokkola,0.368749737739563,1
Koko Koulun Taidekasvattaja,0.19557537138462067,1
Kokoomuksen Nuorten Liitto ry,0.29969173669815063,1
Kokoomuksen Opiskelijaliitto Tuhatkunta ry,0.3386867344379425,1
Kolmas ikä,0.21229812502861023,1
Kolumbia,0.2213243693113327,1
Kompressio,0.30195507407188416,1
Konfederaatio,0.10318778455257416,0
Konsultoiva erityislastentarhanopettaja,0.19849742949008942,1
Kontrasti,0.18330124020576477,1
Korea,0.32642826437950134,1
Korean tasavalta,0.49502789974212646,1
Korholankosket,0.2814309298992157,1
Korkeakouluopiskelijat,0.29907792806625366,1
Korpilahti,0.14434832334518433,1
Koselleck, Reinhart,0.26506200432777405,1
Kotihoito,0.29446229338645935,1
Kotiliesi (aikakauslehti),0.31160441040992737,1
Kotlin,0.23440061509609222,1
Kotro, Arno,0.31719884276390076,1
Koululiikunta,0.32082638144493103,1
Koulurakentaminen,0.2348829060792923,1
Kouluterveyskysely,0.5528324246406555,1
Kouvola,0.18803231418132782,1
Kravitz, Lenny,0.298166424036026,1
Kriittinen diskurssintutkimus,0.3287596106529236,1
Krimin sota,0.22344651818275452,1
Kristeva, Julia,0.11705532670021057,0
Kriton,0.3909296989440918,1
Krohn, Helmi,0.23855215311050415,1
Kronobergin lääni,0.205696702003479,1
Kuhmo,0.3361271321773529,1
Kuhmoinen,0.27549171447753906,1
Kuhn, Thomas,0.28345224261283875,1
Kulta,0.2718549370765686,1
Kulttuuri,0.16936826705932617,1
Kulttuurierot,0.3213738203048706,1
Kulttuurinen identiteetti,0.18141400814056396,1
Kummius,0.1524113118648529,1
Kunnossa kaiken ikää -ohjelma,0.31557440757751465,1
Kuntoutus,0.33437544107437134,1
Kuokkala,0.141542449593544,1
Kuolan niemimaa,0.30079185962677,1
Kuolinsiivous,0.2471192479133606,1
Kuolleisuus,0.2701411843299866,1
Kuopio,0.4192383587360382,1
Kurkisuo,0.20459164679050446,1
Kurt Cobain,0.12453567981719971,0
Kustannusosakeyhtiö Otava,0.20049293339252472,1
Kuuba,0.276832640171051,1
Kuuban kriisi,0.17290019989013672,1
Kuuntelen – Puhun – Luen,0.27596285939216614,1
Kuvataidekasvatus,0.2507016360759735,1
Kylpylähotelli ja Kuntoutus Peurunka,0.294329971075058,1
Kylpylähotelli ja kuntoutus Peurunka,0.3903491795063019,1
Kymlicka, Will,0.3344235420227051,1
Kälviä,0.14490635693073273,1
Köyhyyden merkitys,0.21965153515338898,1
Köyhäinhoitolaki,0.27354636788368225,1
L-momentit,0.31410399079322815,1
L1,0.14227010309696198,1
L2 learning,0.2127363085746765,1
L2 teaching,0.22232550382614136,1
L2-texter,0.2765095829963684,1
LASERI-tutkimus,0.1790756732225418,1
LBSN,0.20231355726718903,1
LCC,0.28969019651412964,1
LCI-5,0.2226892113685608,1
LCR,0.37652215361595154,1
LDL cholesterol,0.26419246196746826,1
LEAF-Q,0.4090762734413147,1
LEAM-Q,0.4976300299167633,1
LH,0.2222863882780075,1
LIF,0.15838117897510529,1
LIST,0.32830139994621277,1
LLE,0.1474958211183548,1
LOTE,0.2806805372238159,1
LTE,0.2895892858505249,1
LUIS,0.2513030171394348,1
LULUCF,0.2568329870700836,1
LVI-suunnittelu,0.10145006328821182,0
La Libre Belgique,0.13970884680747986,0
Labview,0.20242299139499664,1
Lacan, Jacques,0.25377899408340454,1
Lakoff,0.18819917738437653,1
Langaton,0.15915024280548096,1
Language and gender,0.2974305748939514,1
Language contact,0.2036728709936142,1
Lao PDR,0.23775069415569305,1
Laos,0.3878515958786011,1
Lapin maakunta,0.3063494563102722,1
Lapin sota,0.17775104939937592,1
Lapinlahti,0.22729435563087463,1
Laplace,0.37015101313591003,1
Laplacen yhtälö,0.266240656375885,1
Lapland,0.14783522486686707,1
Lappeenranta,0.15732848644256592,1
Lappi,0.4069291949272156,1
Lapsen kuolema,0.14954905211925507,1
Lapsesta aikuiseksi -tutkimus,0.2839471995830536,1
Laser spektroskopia,0.21678757667541504,1
Lasten ja nuorten taidekeskus,0.19769111275672913,1
Lasten osallisuus,0.15361763536930084,1
Lastensuojelu,0.29241642355918884,1
Latinalainen Amerikka,0.19949966669082642,1
Latvia,0.189436137676239,1
Laukaa,0.4043228030204773,1
Laulukilpailu,0.19606585800647736,1
Le Clézio,0.29616597294807434,1
Le meunier hurlant,0.30727335810661316,1
Leader-Member exchange theory,0.23696021735668182,1
Lean,0.4396035373210907,1
Learner language,0.23035845160484314,1
Learning,0.18658661842346191,1
Lebesguen integraali,0.24446970224380493,1
Lefebvre, Henri,0.31822556257247925,1
Legitimation strategies,0.3163074254989624,1
Lehrwerke,0.24407725036144257,1
Leinonen, Jani,0.24349769949913025,1
Lemminkäinen Infra (yhtiö),0.27035030722618103,1
Lemony Snicket,0.22068870067596436,1
Lepidoptera,0.2630636394023895,1
Leppävirta,0.19076353311538696,1
Let's Play,0.16673831641674042,1
Liability of Foreignness,0.2349506914615631,1
Libya,0.2595301866531372,1
Lievestuore,0.271079957485199,1
Liikearkistot,0.19524994492530823,1
Liiketoiminnan epäonnistuminen,0.24761240184307098,1
Liiketoimintatiedon hallinta ja analytiikka,0.2667549252510071,1
Liikkumiskäyttäytyminen,0.21278734505176544,1
Liikkuva koulu,0.45792698860168457,1
Liikkuva koulu -hanke,0.1537107527256012,1
Liikkuva koulu -ohjelma,0.31584179401397705,1
Liikkuva opiskelu,0.18474015593528748,1
Liikunnanopettaja,0.28321710228919983,1
LiikuntaLaturi,0.14318408071994781,1
Liikuntakasvatus,0.18217939138412476,1
Lindgren, Astrid,0.2283296436071396,1
Lineaarinen regressioanalyysi,0.36833199858665466,1
LinkedIn,0.4363180100917816,1
Linkomies, Edwin,0.192072793841362,1
Lintulan luostari,0.20889988541603088,1
Lipeälampi,0.2593066692352295,1
Lipeälampi (Laukaa),0.24049842357635498,1
Lipman, Matthew,0.22524021565914154,1
Lipponen, Paavo,0.2325374037027359,1
Lipschitz-jatkuvuus,0.2193703055381775,1
LoRaWAN,0.3457138240337372,1
Lohtaja,0.14956992864608765,1
Lokka, Sven,0.2908010184764862,1
Long-Term Outcomes,0.22561171650886536,1
Lonkan tekonivelleikkaus,0.3583080470561981,1
Loppukiri,0.32786571979522705,1
Lost (tv-sarja),0.31080177426338196,1
Lotta Svärd,0.15478575229644775,1
Low Energy Availability in Females Questionnaire,0.2767030894756317,1
Low-code,0.34414783120155334,1
Luciano Floridi,0.3219136595726013,1
Luhanka,0.22507311403751373,1
Luhmann,0.22501114010810852,1
Luisteluhiihto,0.24855777621269226,1
Lukemisen sujuvuus,0.214927539229393,1
Lukiolaiset,0.16779457032680511,1
Lukusujuvuus,0.43616047501564026,1
Lumbriculus variegatus,0.27468234300613403,1
Lumivaara,0.17575298249721527,1
Luonnollinen muutosvastarinta,0.16078370809555054,1
Luonto,0.21470952033996582,1
Luova kirjoittaminen,0.4129946231842041,1
Lynch syndrooma,0.2659582197666168,1
Lynchin oireyhtymä,0.17781245708465576,1
Lyotard, Jean-François,0.2251495122909546,1
Lähi-idän kriisi,0.15238051116466522,1
Lähi-itä,0.3722286522388458,1
M&A,0.21798744797706604,1
M-Files,0.3413293957710266,1
M-wave,0.233548104763031,1
MAAJOUKKUETIE FBA,0.4209597110748291,1
MAMA- ja FAFA-syklit,0.3273485600948334,1
MARA,0.22001248598098755,1
MARAK,0.2328435480594635,1
MARY,0.08996539562940598,0
MAS (multiagent system),0.14899678528308868,1
MATLAB,0.16921959817409515,1
MAYA,0.33844301104545593,1
MBR,0.15688903629779816,1
MCMC,0.27989694476127625,1
MCP,0.15340746939182281,1
MDORS,0.2994580864906311,1
MDT -menetelmä,0.25082138180732727,1
MEG,0.7143353223800659,1
MFC,0.4135228991508484,1
MIRACLS,0.24659167230129242,1
MITRE ATT&CK,0.2450452297925949,1
MITRE ATT&CK Framework,0.29732272028923035,1
MITRE ATT&CK for ICS,0.3392801582813263,1
MLCK,0.19886614382266998,1
MMN,0.4424479007720947,1
MMP-2,0.30164778232574463,1
MMP-3,0.2959389388561249,1
MMP-7,0.4256613254547119,1
MMR,0.23573295772075653,1
MOF,0.23185396194458008,1
MP3,0.21672724187374115,1
MPI,0.275346964597702,1
MR-ToF,0.15471281111240387,1
MRSA,0.2878652811050415,1
MS-tauti,0.36831730604171753,1
MSME,0.1840098649263382,1
MTV,0.3477260172367096,1
MUC1,0.20635929703712463,1
MUC2,0.1980215162038803,1
MUC4,0.2983383238315582,1
MUC5AC,0.1714974194765091,1
MUC6,0.23429284989833832,1
MXR,0.3315804600715637,1
Maahanmuuttajanaiset,0.3869258463382721,1
Maahanmuuttajayrittäjyys,0.3479977548122406,1
Maailma-kuoro,0.2636090815067291,1
Maailmankauppojen liitto ry,0.26291099190711975,1
Maastohiihto,0.24556612968444824,1
Magis-peli,0.3894325792789459,1
Magneetit,0.18430747091770172,1
Mahdolliset minuudet,0.15215930342674255,1
Mail order,0.14083647727966309,1
Mainonnan teoriat,0.24604390561580658,1
Majorana,0.2551804184913635,1
Malaise trap,0.13453389704227448,0
Malick, Terrence,0.15090686082839966,1
Malliavin calculus,0.254717618227005,1
Management,0.3531009554862976,1
Manifest Destiny,0.16940373182296753,1
Mankala,0.20504096150398254,1
Manley, Delarivier,0.25034385919570923,1
Mannerheimin lastensuojeluliitto,0.2445736527442932,1
Mantis X10,0.32738080620765686,1
Marchantiophyta,0.12696611881256104,0
Margaret Archer,0.2302054613828659,1
Margaret Thatcher,0.2926740348339081,1
Marie Claire,0.1312187910079956,0
Marimekko,0.3023996651172638,1
Marine gregarines,0.17368760704994202,1
Markkinointi,0.22097444534301758,1
Martinjärvi,0.10715537518262863,0
Mary Shelley,0.17870301008224487,1
Masennus,0.22105416655540466,1
Massadata,0.3545561134815216,1
Matematiikkauskomus,0.17723090946674347,1
Materiality,0.22145693004131317,1
Materiality matrix,0.1364414244890213,0
Mayas,0.2418813556432724,1
Mechanisms,0.26010826230049133,1
Mediamurros,0.2345445603132248,1
Medical Device Directive (MDD),0.22910834848880768,1
Medvedev,0.2977678179740906,1
Mehrsprachigkeit,0.14453330636024475,1
Meikki,0.18020406365394592,1
Mekkojärvi,0.27317726612091064,1
Meksiko,0.3162309229373932,1
Meller, Leo,0.2731361389160156,1
Memorial,0.2112828940153122,1
Merleau-Ponty,0.23630398511886597,1
Merleau-Ponty, Maurice,0.2948964834213257,1
Meta Game Studies,0.2953602969646454,1
Metcalfen laki,0.42246904969215393,1
Metso Paper oy,0.3446078300476074,1
Metsäläiset,0.13849321007728577,0
Mexico,0.33478763699531555,1
México,0.21453139185905457,1
Michelle Paver,0.18738552927970886,1
MicroFLUX,0.1573493331670761,1
Miesjohtajat,0.28505221009254456,1
Migration,0.16491718590259552,1
Mikkeli,0.5022709965705872,1
Mikrohistoria,0.17297251522541046,1
Milarepa,0.25226736068725586,1
Min egen väg-rehabilitering,0.36767005920410156,1
Mindfulness,0.26823529601097107,1
Minecraft,0.26959162950515747,1
Mini-Mental State Examination,0.2505864202976227,1
Mininet,0.2604994475841522,1
Mispricing,0.3315314054489136,1
Mobiili,0.17886194586753845,1
Mobiili interventio,0.2906009256839752,1
Mobile Operator,0.2972617745399475,1
Mobile Telecommunication,0.2673911452293396,1
Mobile banking,0.25739866495132446,1
Modes,0.262152761220932,1
Moirislampi,0.18999774754047394,1
Mondo et autres histoires,0.2723648250102997,1
Money,0.19593951106071472,1
Monikielisyys,0.2518502175807953,1
Monikulttuurisuus,0.24754543602466583,1
Monimuotoisuuden johtaminen,0.3287601172924042,1
Monte Carlo,0.36327216029167175,1
Monte Carlo -integrointi,0.2984844744205475,1
Moodle,0.3237881362438202,1
Moomins,0.14908556640148163,1
Moominvalley,0.21870169043540955,1
Moore, Alan,0.24414803087711334,1
Moskovan rauha,0.22599439322948456,1
Motivaatio,0.18565359711647034,1
Motivation,0.1632833331823349,1
Motocross,0.2577876150608063,1
Motor Skill Learning,0.15536849200725555,1
Motor control,0.1349061280488968,0
Motoriikan havainnointilomake (MOQ-T),0.29807934165000916,1
Mourning,0.15545189380645752,1
Move! -mittaukset,0.34253236651420593,1
Move!-mittaus,0.3286835253238678,1
Movement Assessment Battery for Children 2 (M-ABC-2),0.29844236373901367,1
Movement-ABC-2 -testi,0.20464147627353668,1
Movesta virtaa! -opas,0.23611369729042053,1
Mozambique,0.2760547399520874,1
Muhammed,0.20326723158359528,1
Multiculturalism,0.23342138528823853,1
Multimodal,0.31482017040252686,1
Mural Istanbul,0.1305849403142929,0
Muscle force,0.3568418323993683,1
Muscle-tendon dynamics,0.21151596307754517,1
Museovirasto,0.41700074076652527,1
Museum of Broken Relationships,0.16835705935955048,1
Music,0.19659525156021118,1
Music Therapy,0.26038485765457153,1
Music therapy,0.3151310980319977,1
Music use,0.27957531809806824,1
Musiiikkiterapia,0.3725268244743347,1
Musiikin aika,0.23878373205661774,1
Musiikki,0.2762254476547241,1
Musiikkiterapia,0.27076348662376404,1
Muslim,0.17977827787399292,1
Muslims,0.2608781158924103,1
Mustialan maanviljelysopisto (1840-1881),0.20270399749279022,1
Mäki, Harri István,0.22958751022815704,1
Mäki, Teemu,0.2314196079969406,1
Möbius-kuvaukset,0.19290971755981445,1
N1,0.26221898198127747,1
N250,0.27818942070007324,1
N400m,0.3189537823200226,1
NCWF,0.26255565881729126,1
NF,0.1394493728876114,0
NFV,0.2671958804130554,1
NGO,0.1740758866071701,1
NIR,0.24451510608196259,1
NIS tunnel junctions,0.11909610033035278,0
NLO,0.34622156620025635,1
NLP,0.24213214218616486,1
NLU,0.2622532248497009,1
NMS-ordinaatioanalyysi,0.1472758948802948,1
NS1 ApoBods,0.30176469683647156,1
NWP,0.21098442375659943,1
Nainen joka rakasti hyönteisiä,0.2100757360458374,1
Nairobi,0.24790531396865845,1
Naisasialiitto Unioni,0.23344004154205322,1
Namibia,0.18836666643619537,1
Nanotechnology,0.29029521346092224,1
Narrative Inquiry,0.2123885303735733,1
Narrative Research,0.12750735878944397,0
Nashin lause,0.17492783069610596,1
Nashin tasapaino,0.22596006095409393,1
National Core Curriculum for Basic Education 2014,0.15398423373699188,1
Natura 2000,0.24832996726036072,1
Neisser, Ulric,0.2731022536754608,1
Nelli Palomäki,0.23572996258735657,1
Nelonen,0.2165815234184265,1
Nematocera,0.11577411741018295,0
Nepal,0.5025663375854492,1
Neste-nesteuutto,0.10761941224336624,0
Neste/nesteuutot,0.23510883748531342,1
Neurogenesis,0.3301677703857422,1
Neuvosto-Viro,0.1384136825799942,0
Neuvostoliitto,0.45383793115615845,1
New Deal,0.2646831274032593,1
New Immigrants,0.2734772264957428,1
New Public Management,0.3311384916305542,1
New Zealand Dairy Industry,0.22931799292564392,1
Newton-Raphsonin menetelmä,0.2672339975833893,1
Nietzsche, Friedrich,0.2596111595630646,1
Nigeria,0.39303407073020935,1
Niinistö, Sauli,0.20289762318134308,1
Niiralan Kulma Oy,0.2712289094924927,1
Niklas Luhmann,0.22590959072113037,1
Nirvana,0.1870431900024414,1
Nivelrikko,0.3326123356819153,1
No-code,0.36244258284568787,1
Nokia,0.32739272713661194,1
Non-Governmental Organizations,0.22846010327339172,1
Nopola, Sinikka,0.20360592007637024,1
Nopola, Tiina,0.3160291016101837,1
Nord Pool,0.31891366839408875,1
Norden,0.2592313587665558,1
Nordic businesses,0.33268502354621887,1
Norja,0.2528604567050934,1
Nousiainen, Kirsi,0.2505265176296234,1
Noviisiopettaja,0.21510112285614014,1
Nuori Suomi,0.20664487779140472,1
Nuorten KOMPASSI,0.32931941747665405,1
Nuoruus,0.2728770971298218,1
Nurmo,0.22091200947761536,1
Nussbaum,0.186817467212677,1
Näslund,0.1878954917192459,1
ODApalvelut,0.29769062995910645,1
OES,0.30450746417045593,1
OOD (out-of-distribution) data,0.15151554346084595,1
ORAL COMMUNICATION,0.3233310282230377,1
OSA oireet,0.17513000965118408,1
OSC,0.15058396756649017,1
OSTRC-H (fin) terveyskysely,0.3537980318069458,1
OT security,0.2331349402666092,1
OWASP,0.32403019070625305,1
Oatly,0.254281222820282,1
Obama, Barack,0.3182401657104492,1
Ofelia,0.13447600603103638,0
Ohjaamo,0.29835671186447144,1
Ohjaus,0.29377269744873047,1
Ohjelmistokehitysprosessi,0.15998686850070953,1
Ohjelmistotestaus,0.20074185729026794,1
Oikeutta eläimille (järjestö),0.31401774287223816,1
Oksanen, Sofi,0.261680543422699,1
Older people,0.2246510088443756,1
Older volunteers,0.23883891105651855,1
Olkiluoto,0.20012818276882172,1
Oma väylä,0.45406609773635864,1
Oman,0.11148626357316971,0
Omnigym,0.22173963487148285,1
Onerva, L,0.21291860938072205,1
Online customer journey,0.1863315850496292,1
Open Badge,0.27206698060035706,1
Open Space - metodi,0.24692560732364655,1
OpenFlow,0.35850027203559875,1
OpenMP,0.24231788516044617,1
OpenSim,0.3869803845882416,1
Opettajaparityöskentely,0.13637493550777435,0
Opettaja–lehti,0.25279948115348816,1
Opinion leadership,0.14593474566936493,1
Opinion seeking,0.17000502347946167,1
Opintotuki,0.24427494406700134,1
Opiskelijan Kompassi,0.28606486320495605,1
Opiskelumotivaatio,0.2791098952293396,1
Oppilasarviointi,0.3259860873222351,1
Orff-menetelmä,0.23445792496204376,1
Organic Eggs,0.18138326704502106,1
Organic Market in Austria,0.2833191156387329,1
Organic Meat,0.2939686179161072,1
Organic Milk,0.09453066438436508,0
Organisaatio,0.36577939987182617,1
Organisaatiomuutos,0.2993505299091339,1
Organisational Culture,0.24506433308124542,1
Organizational culture,0.3618100583553314,1
Oriveden Opisto,0.1373843550682068,0
Osaamisen kehittäminen,0.2277490496635437,1
Osmanien valtakunta,0.20297899842262268,1
Osteoporoosi,0.48505842685699463,1
Osuuskauppa Keskimaa,0.341751366853714,1
Oulu,0.20130231976509094,1
Oulun musiikkijuhlat,0.18314498662948608,1
Outdoor Adventure Education,0.2619814872741699,1
P. Fontanier,0.24434977769851685,1
P. flesus,0.315364271402359,1
P. solemdali,0.39553165435791016,1
P1,0.2786327004432678,1
P2,0.34757906198501587,1
P2P network,0.21109457314014435,1
P3a kuuloärsykkeissä (aP3a),0.2523512840270996,1
P3a tuntoärsykkeissä (sP3a),0.2704586088657379,1
PAH,0.18608006834983826,1
PAH-yhdisteet,0.35345515608787537,1
PBDE,0.1757761538028717,1
PEFC,0.19793251156806946,1
PESD framework,0.3228992223739624,1
PESD-viitekehys,0.2940043807029724,1
PESTE-näkökulmat,0.19798435270786285,1
PGP,0.4159182608127594,1
PIAAC,0.41859713196754456,1
PIRLS,0.2646942734718323,1
PISA,0.4961893558502197,1
PISA-tutkimus,0.40748536586761475,1
PIXE,0.16725297272205353,1
PLS,0.38568738102912903,1
PMNS,0.24937203526496887,1
POMS,0.3060189485549927,1
POP-yhdiste,0.11772578209638596,0
POPS14,0.2926918566226959,1
PPM-viitekehys,0.20846545696258545,1
PR,0.3987705111503601,1
PR:n teoriat,0.34217849373817444,1
PRME,0.2831721901893616,1
PSD2,0.45100876688957214,1
PSIC-process model,0.3053845167160034,1
PSQI,0.3499753475189209,1
PSS,0.3423621952533722,1
PV system,0.16234759986400604,1
PY-GC/MS,0.27267274260520935,1
PaaS,0.29865366220474243,1
Paasilinna, Arto,0.2507845461368561,1
Paedeia café,0.16157245635986328,1
Paid false review,0.31659919023513794,1
Painovirhe (verkkolehti),0.42483463883399963,1
Pajala,0.35818156599998474,1
Pakistan,0.45370736718177795,1
Palestiina,0.32529938220977783,1
Palestine,0.10678897798061371,0
Palestinian/Israeli conflict,0.1418115347623825,1
Paltamo,0.19918861985206604,1
Paneurooppa,0.24286586046218872,1
Panos-tuotosanalyysi,0.28103721141815186,1
Paperiliitto,0.3446511924266815,1
Papilio-ohjelma,0.20937299728393555,1
Parasemia plantaginis,0.17142236232757568,1
Parisuhdeväkivalta,0.37471088767051697,1
Parkinsonin tauti,0.14507657289505005,1
Parkinson’s disease; modified figure of eight; walking; turning,0.2480354905128479,1
Parkkinen, Leena,0.35724925994873047,1
Parlamentti,0.3421156406402588,1
Parti communiste,0.17670437693595886,1
Parti populaire,0.21016311645507812,1
Participant Observation,0.2193414866924286,1
Participative design,0.342836856842041,1
Patriot Act,0.48566320538520813,1
Payment Service Directive,0.23076733946800232,1
Peda.net,0.2617912292480469,1
Pedagogical Tact,0.2133076786994934,1
Pedagogiikka,0.22413532435894012,1
Pedagoginen tuki,0.2742648124694824,1
Pedagoginen yhteyksien muodostus,0.19226732850074768,1
Pekka Ervast,0.39330655336380005,1
Pelastaja,0.3527182638645172,1
Perception,0.209109365940094,1
Perelmanin argumentaatioteoria,0.17297731339931488,1
Performance related experiences,0.23689866065979004,1
Perniö,0.19613400101661682,1
Persia,0.22540700435638428,1
Persoonallisuus,0.2872740626335144,1
Peru,0.31016072630882263,1
Perusopetuksen opetussuunnitelman perusteet 2014,0.27151599526405334,1
Perusturvaliikelaitos Saarikka,0.32983678579330444,1
Peruvian companies,0.21024861931800842,1
Petonen,0.22706343233585358,1
Pettit, Philip,0.28689226508140564,1
Physical Activity,0.2781680226325989,1
Physical activity,0.3200971484184265,1
Physical fitness,0.29620641469955444,1
Picardin lause,0.2471712827682495,1
Pieksämäki,0.2837333381175995,1
Piilolankangas,0.3183150589466095,1
Plasma,0.2618025839328766,1
Platon,0.40067657828330994,1
Plausible Value,0.19346684217453003,1
Plyometrics,0.3354342579841614,1
Pohjanmaa,0.22151485085487366,1
Pohjois-Amerikan vapaussota,0.5015105605125427,1
Pohjois-Amerikka -rahastot,0.3250369727611542,1
Pohjois-Irlanti,0.19811035692691803,1
Pohjoismaat,0.6218314170837402,1
Poissonin integrointikaava,0.2296152114868164,1
Pokémon Go (game),0.3643447458744049,1
Pokémon Go (peli),0.3938170075416565,1
Policy-making,0.1755005121231079,1
Pollardin menetelmä,0.2203330546617508,1
Polyan ongelmanratkaisumalli,0.18255779147148132,1
Polylepis racemosa,0.2213151901960373,1
Polylepis subsericans,0.21720881760120392,1
Pomodoro -ajanhallinta,0.3623897135257721,1
Portugal,0.22839951515197754,1
Portugali,0.17320017516613007,1
Portuguese-speaking countries,0.2777124345302582,1
Porvoo,0.14114290475845337,1
Positioning,0.24988745152950287,1
Post-ICO,0.1336567997932434,0
Potsdam,0.20696312189102173,1
Poutanen, Kira,0.4264344274997711,1
Power BI,0.33430376648902893,1
Power structure,0.19744490087032318,1
Pólya, George,0.23646853864192963,1
Pre-ICO,0.1851111203432083,1
Pretty Little Liars (televisiosarja),0.17569337785243988,1
Preussi,0.3379635512828827,1
Price Premium,0.15903760492801666,1
Privacy-preserving,0.22618450224399567,1
ProKoulu,0.21302488446235657,1
Procreative Beneficence,0.14082351326942444,1
Professional relationships,0.11434398591518402,0
Project-based Language Learning,0.22230857610702515,1
Projection,0.23650875687599182,1
Projekti,0.310744047164917,1
Prokaryotes,0.20176421105861664,1
Pronunciation teaching,0.2859386205673218,1
Propulsiovoima,0.26689672470092773,1
Prosessidraama,0.2463187277317047,1
Prosopografia,0.17118708789348602,1
Protection Motivation Theory,0.3153446912765503,1
Pseudomonas aeruginosa,0.39261966943740845,1
Psychiatry,0.14152784645557404,1
Psychotherapy,0.20533986389636993,1
Public Service Interpreting,0.18912732601165771,1
Puijo,0.2234371155500412,1
Puijon torni,0.23564504086971283,1
Pullman, Philip,0.24732041358947754,1
Punta Mona,0.1691190004348755,1
Puola,0.17557121813297272,1
Puolueettomuuspolitiikka,0.20846877992153168,1
Putin, Vladimir,0.2432175725698471,1
Puumala,0.35603201389312744,1
Pyhäjärvi,0.31761109828948975,1
Pykeijä,0.22120006382465363,1
Päihdeongelma,0.17543593049049377,1
Päijänne,0.238841712474823,1
Päivi Alasalmi,0.2132888287305832,1
Päiväjärvi,0.2355431169271469,1
Päiväkirjat,0.31231555342674255,1
Pääskynen, Markku,0.2196519672870636,1
QCA,0.2427637130022049,1
QLC,0.1689683347940445,1
Quality of life,0.2610197365283966,1
RAI system,0.25275102257728577,1
RAI-järjestelmä,0.24881412088871002,1
RAS,0.1811993569135666,1
RBS,0.2166062742471695,1
RBTC,0.2697416841983795,1
RCP8.5,0.25113436579704285,1
REE,0.283957839012146,1
REM,0.19356614351272583,1
REST,0.18565677106380463,1
RESTQ-Sport,0.160755455493927,1
RETScreen,0.22661595046520233,1
RFID,0.2518722712993622,1
RIA,0.12018091976642609,0
RITU,0.16239488124847412,1
RMSSD,0.42950060963630676,1
RNA,0.41955047845840454,1
RNA release,0.19145211577415466,1
RNA-seq,0.27961495518684387,1
RNN,0.2317759394645691,1
RO,0.2286881059408188,1
ROC-kuvaaja,0.27634063363075256,1
RPA,0.2858562469482422,1
RPA Express,0.3182819187641144,1
RPBC,0.16652101278305054,1
RPL,0.22635847330093384,1
RSA,0.5334601402282715,1
RT-qPCR,0.2951304018497467,1
Raahe,0.19460542500019073,1
Raakaöljy,0.2088249772787094,1
Raamattu,0.32867351174354553,1
Radcliffen linja,0.3341604769229889,1
Radio Frequency,0.17397025227546692,1
Rajankäynti,0.2858193814754486,1
Rakennuspinta,0.3003382980823517,1
Raman,0.19981209933757782,1
Raman spectroscopy,0.12126895040273666,0
Raman-mikroskopia,0.19307032227516174,1
Rammstein,0.4196823239326477,1
Rangell, J. W,0.2514488101005554,1
Rangifer tarandus,0.16268451511859894,1
Rankin, Ian,0.3665964901447296,1
Ranska,0.370706707239151,1
Rap-terapia,0.1865033358335495,1
Rapport,0.3493443727493286,1
Rasa,0.21217535436153412,1
Raschin malli,0.2874891459941864,1
Raspberry Pi,0.32349511981010437,1
Rauhan sairaala,0.17188583314418793,1
Raul Roine,0.3138687014579773,1
Rautalampi,0.2786448299884796,1
React,0.2152801752090454,1
React-Native,0.4578826427459717,1
Reaktionopeus,0.32984137535095215,1
Real Options Analysis,0.26563480496406555,1
Reasons,0.2552278935909271,1
Recast.ai,0.21516935527324677,1
Reclaim the Streets,0.17250800132751465,1
Recycling,0.17162244021892548,1
Reddit,0.3170279860496521,1
Regan, Tom,0.2480556219816208,1
Reichstag,0.2097788006067276,1
Reilu kauppa,0.21355587244033813,1
Reima (yritys),0.1920168250799179,1
Rekrytointi,0.3531525135040283,1
Relational Tensions,0.26896896958351135,1
RepGrid analysis,0.26116833090782166,1
Representaatiot,0.3754439353942871,1
Representation,0.3124874234199524,1
Rhipidocotyle campanula,0.2502478361129761,1
Rhipidocotyle fennica,0.28207916021347046,1
Richardson model,0.19372546672821045,1
Richardsonin malli,0.3297223448753357,1
Ricoeur, Paul,0.19121064245700836,1
Riemannin integraali,0.362964928150177,1
Rikosmuseo,0.2667248547077179,1
Rintamamiestalot,0.17566056549549103,1
Risk Premium,0.238974928855896,1
Risto Räppääjä (elokuva),0.30319395661354065,1
Rivitalo,0.2530633211135864,1
RoadSurf,0.26667556166648865,1
Roberto Esposito,0.24191540479660034,1
Robot Framework,0.2577129006385803,1
Robotic Process Automation,0.3407806158065796,1
Rolle des Deutschen und des Schwedischen,0.1762138456106186,1
Rolling Stone,0.18192633986473083,1
Romani-speaking children,0.24751023948192596,1
Romney, Mitt,0.33904632925987244,1
Rose on poissa,0.2240189015865326,1
Rousseau, Jean-Jacques,0.2515168786048889,1
Ruanda,0.286981999874115,1
Rudolf Steiner,0.16568762063980103,1
Rudyard Kipling,0.18543995916843414,1
Runous,0.21054787933826447,1
Ruotsi,0.5247492790222168,1
Ruovesi,0.14769692718982697,1
Rupi Kaur,0.16242027282714844,1
Russia,0.143188014626503,1
Russia-Ukraine war,0.2396010160446167,1
Ruumiillisuus,0.243789404630661,1
Ruusujen sota,0.22665324807167053,1
Ruususuola,0.24666137993335724,1
Ryhmä,0.20128953456878662,1
Ryhmä 7,0.19757221639156342,1
Ryhmäkeskustelu yliopisto-opetuksessa,0.24289603531360626,1
S2,0.16946133971214294,1
S2-lukutaito-oppija,0.24635915458202362,1
SA-lateksi,0.19484451413154602,1
SACOT-m_T,0.25714167952537537,1
SAFe,0.23556211590766907,1
SAM,0.4301624298095703,1
SAP S/4HANA,0.36724618077278137,1
SAQ,0.290098637342453,1
SARS,0.14635992050170898,1
SB-lateksi,0.263916552066803,1
SBTC,0.2775436043739319,1
SCAMOB,0.19829154014587402,1
SCR,0.27918797731399536,1
SDN,0.3843729794025421,1
SDN controllers,0.2557496130466461,1
SDQ,0.21617059409618378,1
SECI-malli,0.3628593385219574,1
SEDEX,0.1541380137205124,1
SEE,0.2425626963376999,1
SELC,0.3402516543865204,1
SEM,0.10975886136293411,0
SEM-EDS,0.15099753439426422,1
SEO,0.2081674486398697,1
SERS,0.18312299251556396,1
SERVQUAL,0.3493320345878601,1
SFS,0.22963063418865204,1
SHBG,0.1907443255186081,1
SIA,0.2564046084880829,1
SIAR,0.1929890662431717,1
SIB,0.27785444259643555,1
SIGCSE,0.457029789686203,1
SIMION,0.2053156942129135,1
SISUKAS-hanke,0.24811258912086487,1
SIT,0.15753519535064697,1
SKIL,0.48142096400260925,1
SKOP,0.22344562411308289,1
SLA,0.23700778186321259,1
SLE,0.2525571286678314,1
SLI-nuoret,0.26474642753601074,1
SME,0.39385971426963806,1
SMETA,0.19131839275360107,1
SMEs,0.26387402415275574,1
SNSs,0.280529648065567,1
SOLO,0.21766525506973267,1
SOM,0.20017008483409882,1
SPC,0.3263033330440521,1
SPCC,0.15409544110298157,1
SPIG,0.16617801785469055,1
SPLISS model,0.18942616879940033,1
SREIS,0.16494403779506683,1
SS-joukot,0.25371941924095154,1
SSL termination proxy,0.23073410987854004,1
SSML,0.09898415952920914,0
SSTQUAL-mittaristo,0.14071442186832428,1
STACK,0.19068099558353424,1
STEAM-pedagogiikka,0.2806040942668915,1
STRIP-tutkimus,0.19997143745422363,1
SURFACE,0.22244001924991608,1
SURFEX,0.3184860050678253,1
SVM,0.22600598633289337,1
SWOT-analyysi,0.3370784819126129,1
SX,0.17416900396347046,1
SaaS,0.3477494418621063,1
SaaS-QUAL,0.29246464371681213,1
SaaS-palvelut,0.18338072299957275,1
SaaSpalvelu,0.40036454796791077,1
Saarijärvi,0.27527421712875366,1
Saarikoski, Pentti,0.27432677149772644,1
Saariselkä,0.11741700768470764,0
Saccharomyces cerevisiae,0.15957745909690857,1
Saharan eteläpuolinen Afrikka,0.2408369481563568,1
Sailing,0.2379409223794937,1
Saimaa,0.3880811333656311,1
Saksa,0.592797040939331,1
Sales,0.21184059977531433,1
Salmo trutta,0.3791123926639557,1
Salmonella-bakteerit,0.32572099566459656,1
Salo,0.23050078749656677,1
Sandarmokh,0.19890066981315613,1
Sanna Marin,0.2645052671432495,1
Sarkozy, Nicolas,0.28654924035072327,1
Savonlinnan Taidelukio,0.23976191878318787,1
Sayyid Qutb,0.4097053110599518,1
Scandic,0.2791655361652374,1
Schiller, Friedrich von,0.23099558055400848,1
Schizophrenia,0.22291511297225952,1
Schizosaccharomyces pombe,0.17634835839271545,1
Schoenerin indeksi,0.33359336853027344,1
School autonomy/university autonomy,0.10630009323358536,0
School burnout,0.3085970878601074,1
Schulpartnerschaft,0.3161105811595917,1
Schumpeterian growth model,0.22825182974338531,1
Schwartzin arvokehä ja -alue,0.18380562961101532,1
Schwarz-Christoffelin kaava,0.19269417226314545,1
Scotland,0.18999509513378143,1
Scrum,0.3559834063053131,1
Second Hand -kulutus,0.25975626707077026,1
Second World War,0.3138636350631714,1
Secondary school,0.32301419973373413,1
Security architecture,0.3089030981063843,1
Seinäjoki,0.2714675962924957,1
Selection of Teacher Candidates,0.1744958609342575,1
Selenium,0.2645457983016968,1
Self-Determination Theory,0.223710834980011,1
Self-actualization,0.21080365777015686,1
Self-assessment,0.1921565681695938,1
Selja Ahava,0.23386938869953156,1
Selkämeri,0.3000890016555786,1
Seminaarinmäki,0.18958519399166107,1
Sen,0.22185125946998596,1
Sequencing,0.1349732130765915,0
Sequential Patterns Analysis,0.20100438594818115,1
Sergey Koltyrin,0.27089953422546387,1
Serratia marcescens,0.2954595983028412,1
Service Level Agreement,0.22788065671920776,1
Service-Dominant logic (S-D logic),0.18510538339614868,1
Shakespeare,0.2405756115913391,1
Shanghai,0.1668098419904709,1
Shankin algoritmi,0.2266474962234497,1
SiGe: C HBT,0.14525029063224792,1
SikuliX,0.3216973841190338,1
Simplicity,0.2862474024295807,1
Singapore,0.5389677882194519,1
Siouxsie and the Banshees (yhtye),0.2439102977514267,1
Siphoviridae,0.30067330598831177,1
Sirous Namazi,0.1339297592639923,0
Sisu-ryhmä,0.421427458524704,1
Sisukas-malli,0.2005992829799652,1
Sisukas-tiimi,0.1385386437177658,0
Siunauskappeli,0.16226424276828766,1
Skolframgång,0.20341530442237854,1
Skotlanti,0.17648003995418549,1
Skyrim (peli),0.27881476283073425,1
Slovakia,0.26888105273246765,1
Smart Grid,0.2906031310558319,1
SmartDOG,0.34280362725257874,1
Smith,0.23297563195228577,1
Smith, Ali,0.24697108566761017,1
Smoolanti,0.27730098366737366,1
Snips,0.23762968182563782,1
Sobolev-funktiot,0.25285062193870544,1
Sobolevin avaruus,0.27574461698532104,1
Soccer,0.16038350760936737,1
Social Engineering,0.2976890504360199,1
Social Identity Theory,0.1631440371274948,1
Social Impact Bond,0.12035553902387619,0
Social Impact Bonds model,0.22428210079669952,1
Social Inequality,0.226285919547081,1
Social Influence,0.15479306876659393,1
Social Movement Organization,0.2157580703496933,1
Social Norms,0.2345588505268097,1
Social and Governance),0.3331249952316284,1
Social cognitive theory,0.21494422852993011,1
Social interdependence theory,0.23470641672611237,1
Social life integration,0.247329980134964,1
Social media activity,0.28796640038490295,1
Social network sites,0.22888240218162537,1
Sociology,0.3037966191768646,1
Softcap,0.19607675075531006,1
Software as a Service,0.34973564743995667,1
Soini, Timo,0.2710177004337311,1
Solid waste (management),0.14451420307159424,1
Somalia,0.24853438138961792,1
Somalikulttuuri,0.25089168548583984,1
Sosiaalialan yrittäjyys,0.23506727814674377,1
Sosiaalihistoria,0.2525121867656708,1
Sosiaalihuoltolaki,0.16452504694461823,1
Sosiaalinen media,0.19434843957424164,1
Sosiaalinen tausta,0.5243380069732666,1
Sosiaalityö,0.2595347464084625,1
South Korea,0.21019911766052246,1
Spanish language,0.3052622675895691,1
Spanish society,0.26460814476013184,1
Spatial Query System,0.2914057970046997,1
Spectator field,0.24637998640537262,1
Spektroskopia,0.30211856961250305,1
Spillover effect,0.30768725275993347,1
Sport Participation,0.2609425485134125,1
Sports,0.17975424230098724,1
Sports Federation,0.2799874544143677,1
Sprachengebrauch,0.2368570864200592,1
Sprachenkenntnisse,0.19428879022598267,1
Stakeholder anger,0.20183056592941284,1
Stakeholders,0.23007693886756897,1
Standardization,0.27512457966804504,1
Start-up company,0.19021949172019958,1
Steiner-koulut,0.31359046697616577,1
Steiner-pedagogiikka,0.5436934232711792,1
Steineropetussuunnitelma,0.096631720662117,0
Stereotypes,0.3260759711265564,1
Stereotypiat,0.2303556650876999,1
Stina Wollter,0.248151957988739,1
StoNED,0.2439696043729782,1
Stochastic formalism,0.2208799123764038,1
Stokesin ja Cartanin lause,0.24324963986873627,1
Stories,0.23453734815120697,1
Stoxx Europe 600 Index,0.3077790439128876,1
Stream Processing,0.25972187519073486,1
Streaming Engines,0.35194772481918335,1
Strength training,0.21990039944648743,1
Stresa pact,0.27145349979400635,1
Stresan sopimus,0.2997264862060547,1
Stress-as-Offense-to-Self Theory,0.20159630477428436,1
Stressi,0.1410609632730484,1
Stromae,0.24178238213062286,1
Strong AI,0.40347909927368164,1
Student Life,0.35984960198402405,1
Student engagement,0.2605278193950653,1
Stuorra Ravdojärvi,0.20219026505947113,1
Sturmin lause,0.3311483561992645,1
Subgroup Relationships,0.2041843831539154,1
Subgroups,0.26463383436203003,1
Sudanese women,0.14166051149368286,1
Suhola, Aino,0.27241605520248413,1
Sukupolvenvaihdos,0.5388880372047424,1
Sukupuolten välinen tasa-arvo,0.2933959662914276,1
Sun Yat-sen,0.2901790738105774,1
Suohpanterror,0.2693230211734772,1
Suomalainen viittomakieli,0.29578956961631775,1
Suomalaiset yritykset Kiinassa,0.379169225692749,1
Suomen Ammattiliittojen Keskusjärjestö,0.2963576912879944,1
Suomen Ekonomiliitto,0.2544473707675934,1
Suomen Etelä-Korea suhteet,0.3218821585178375,1
Suomen Keskusta,0.20168030261993408,1
Suomen Latu,0.2553270757198334,1
Suomen Lääkärilehti,0.21922355890274048,1
Suomen Poliisien Liitto,0.327513724565506,1
Suomen Punainen Risti,0.25306808948516846,1
Suomen kansallismuseo,0.20367570221424103,1
Suomen kansan suuri satukirja,0.241070955991745,1
Suomen kieli,0.31381046772003174,1
Suomen kulttuurirahasto,0.19452814757823944,1
Suomen kylmä sota,0.18695655465126038,1
Suomen käsityön museo,0.24697591364383698,1
Suomen museoliitto,0.3402945101261139,1
Suomen ortodoksinen kirkkomuseo,0.2225637584924698,1
Suomen standardisoimisliitto,0.2561964988708496,1
Suomen ulkopolitiikka,0.27761924266815186,1
Suomen ylioppilaskuntien liitto,0.24671970307826996,1
Suomi,0.8655848503112793,1
Suomi toisena kielenä,0.3486306965351105,1
Suomi-kuva,0.21142883598804474,1
Suosikki (aikakauslehti),0.1370806246995926,0
Suotajärvi,0.32112735509872437,1
Susi ja surupukuinen nainen,0.16627581417560577,1
Susi, Pauliina,0.23671433329582214,1
Sustainability,0.296645849943161,1
Sustainability Indicators,0.3617139458656311,1
Sustainability reporting,0.14385205507278442,1
Swazimaa,0.14353309571743011,1
Swedish,0.2815150320529938,1
Swedish language,0.1652810126543045,1
Swift,0.4015224874019623,1
Synchronisation,0.17580768465995789,1
Syrian refugee crisis,0.15514543652534485,1
System Theory,0.21611474454402924,1
Syyria,0.2507348656654358,1
Sähkö- ja elektroniikkaromu,0.28512462973594666,1
Sähköinen pelillinen oppimateriaali,0.28021514415740967,1
Sähköinen taloushallinto,0.21568450331687927,1
Säkylä,0.34858110547065735,1
T-kompleksi,0.2924271821975708,1
TAM,0.3779989778995514,1
TAM-malli,0.626736044883728,1
TANGO,0.2195042371749878,1
TBA,0.3693309426307678,1
TCP/IP hijacking,0.2847045958042145,1
TDC,0.2099875807762146,1
TE-toimisto,0.276397705078125,1
TEB,0.24682754278182983,1
TGMD-3,0.28983595967292786,1
TICE,0.45950010418891907,1
TIM,0.33085042238235474,1
TIMSS,0.16212095320224762,1
TOE,0.2831750214099884,1
TOKI-hanke,0.2798446714878082,1
TPACK,0.16690531373023987,1
TPACK-malli,0.3322424590587616,1
TRA,0.28655049204826355,1
TRM,0.43463608622550964,1
TTAT,0.5157368183135986,1
TULES-kuntoutujat,0.1979750096797943,1
TV commercials,0.28964704275131226,1
TV series,0.20499229431152344,1
TVT,0.25933408737182617,1
TYKY-toiminta,0.22028861939907074,1
Taideharrastus ihan lähellä,0.12298227101564407,0
Taidetuunaamo,0.24209505319595337,1
Taiwan,0.40782660245895386,1
Talent Boost,0.3006851375102997,1
Taliban,0.21633781492710114,1
Tallinna,0.250550240278244,1
Taloudellinen vaikutus,0.3424348831176758,1
Talouselämä,0.2624666392803192,1
Talteenotto,0.25023531913757324,1
Tamale,0.1767101287841797,1
Tammela,0.27132970094680786,1
Tampella (yhtiö),0.3196934461593628,1
Tampere,0.5117305517196655,1
Tampereen taiteilijaseura,0.19955511391162872,1
Tansania,0.4381672143936157,1
Tanzania,0.17182657122612,1
Tasa-arvolaki,0.1552346646785736,1
Tavistock-seminaari,0.20163677632808685,1
Tavistock-traditio,0.3256711959838867,1
Tavoitteenasettelu,0.17376166582107544,1
Taylor, Charles,0.4103039801120758,1
Taylor, Paul,0.23290905356407166,1
Teacher cognition,0.22159171104431152,1
Technology Acceptance,0.33225932717323303,1
Technology Acceptance Model,0.2527679204940796,1
Teenagers,0.16312912106513977,1
Tehokkuus,0.18136826157569885,1
Teknostressi,0.3737381398677826,1
Tekstintutkimus,0.24492160975933075,1
Televisiouutiset,0.22907224297523499,1
Temelin,0.19000780582427979,1
Temperamentti,0.185968279838562,1
Terveyden eriarvoisuus,0.32449978590011597,1
Terveyden ja hyvinvoinnin laitos,0.37388765811920166,1
Tetrahymena thermophila,0.19162651896476746,1
Tetris,0.25246188044548035,1
Thaimaa,0.194717675447464,1
The Lord of the Rings,0.19144301116466522,1
The New York Times,0.18737183511257172,1
The value of trust in professional relationships,0.2054775208234787,1
Theory of Planned Behavior,0.13890695571899414,0
Tiedon rakentaminen,0.17879290878772736,1
Tiedonjyvä (tiedotuslehti),0.1669144332408905,1
Tietämyksenhallinta,0.40936708450317383,1
TikTok,0.3107506334781647,1
Tilaton väestö,0.12029633671045303,0
Time (aikakauslehti),0.14588162302970886,1
Toimijaverkkoteoria,0.15355542302131653,1
Toiminnanohjausjärjestelmä,0.23739567399024963,1
Toimittajat,0.33184877038002014,1
Toinen diskurssi,0.3468194007873535,1
Toinen maailmansota,0.2110803872346878,1
Tolnai, Ottó,0.3007192611694336,1
Topelius, Zacharias,0.12288443744182587,0
Topling,0.2695865035057068,1
Tor-verkko,0.43818342685699463,1
Tornionjokilaakso,0.3494361639022827,1
Tornionlaakso,0.25593093037605286,1
Toro, Guillermo del,0.35193994641304016,1
Toronto Star,0.41691431403160095,1
Transcranial Magnetic Stimulation,0.23544541001319885,1
Transient Visual Deprivation,0.17600181698799133,1
Translationaalinen voima,0.3457725942134857,1
Travelling,0.2632311284542084,1
Trigenda®-dialogimenetelmä,0.1250552237033844,0
Trine,0.2794804275035858,1
Trust,0.22504928708076477,1
Tshekin tasavalta,0.1730792224407196,1
Tulevaisuuden muistelu,0.3372967541217804,1
Tulevaisuuden orientaatio,0.1417902559041977,1
Tulva,0.224129319190979,1
Tunnemuksu ja Mututoukka -tunnetaito-ohjelma,0.24321666359901428,1
Tuomas Akvinolainen,0.20435404777526855,1
Turing test,0.3854224681854248,1
Turing-arkkitehtuuri,0.42663219571113586,1
Turingin testi,0.321807324886322,1
Turkki,0.26719626784324646,1
Turku,0.47719091176986694,1
Turun Sanomat,0.35503387451171875,1
Turun puukotukset,0.24072468280792236,1
Tuula Rotko,0.18580324947834015,1
Tuulivoima,0.24398121237754822,1
Tuuloma,0.27843883633613586,1
Tuulomajoki,0.2643073499202728,1
Tuusula,0.2814195156097412,1
Twelve Thirty,0.14401975274085999,1
Twitter,0.6572336554527283,1
Tyttöjen Talo,0.35637375712394714,1
Tytöt,0.3481501340866089,1
Työelämän tutkimus (lehti),0.24642051756381989,1
Työhön perehdytys,0.12922967970371246,0
Työn vaatimus- ja voimavaratekijät,0.16230159997940063,1
Työttömyysputki,0.27244099974632263,1
Työvalmennus,0.12452061474323273,0
Työvoiman palvelukeskus,0.358165979385376,1
Työyhteisöviestintä,0.2097153216600418,1
U-käyrä,0.30712491273880005,1
U-net,0.296983540058136,1
U2 (yhtye),0.23293261229991913,1
UDI,0.30688875913619995,1
UHF,0.34532368183135986,1
UK,0.17893578112125397,1
ULA,0.26916372776031494,1
ULA-hanke,0.20912545919418335,1
URCLIM,0.25785791873931885,1
UTAUT,0.35486873984336853,1
UTAUT 2,0.38018256425857544,1
UTAUT2,0.4362846314907074,1
UTR,0.3085057735443115,1
UX,0.22663399577140808,1
UiPath,0.4091162383556366,1
Ukraina,0.32873645424842834,1
Ukrainan sota,0.3609980046749115,1
Ulkoasiainministeriö,0.2079545110464096,1
Ullava,0.21284888684749603,1
Ulvova mylläri,0.21296349167823792,1
Umfrage,0.18667064607143402,1
Unconventional Era,0.30345821380615234,1
Unettomuus,0.3018478751182556,1
Unio pictorum,0.2289276272058487,1
Unio tumidus,0.1917182058095932,1
Unionidae.,0.18485412001609802,1
United Kingdom,0.37105610966682434,1
United Nations,0.2599719762802124,1
United States,0.3484410345554352,1
Unity,0.42935827374458313,1
University,0.2226424664258957,1
University Campus,0.26860949397087097,1
University Sport,0.19756528735160828,1
University of Jyväskylä,0.07149573415517807,0
Unkari,0.34910205006599426,1
Uponnut kaupunki,0.15217933058738708,1
Urasiirtymä,0.2122923582792282,1
Urho Kekkosen kansallispuisto,0.29875773191452026,1
Urho Lehtinen,0.1464964598417282,1
Us3,0.30206793546676636,1
User Activity Patterns,0.2034236192703247,1
User Centered Design,0.1483774483203888,1
Uspenskin katedraali,0.1255994439125061,0
Utelias luokka,0.16534818708896637,1
Uusi-Seelanti,0.40968650579452515,1
Uutisvahti,0.2744991183280945,1
V-aalto,0.302040696144104,1
VAHTI-ohje,0.2921827733516693,1
VAR,0.33738410472869873,1
VAR models,0.24643580615520477,1
VO2max,0.33326029777526855,1
VO2peak,0.34140172600746155,1
VTS,0.36207202076911926,1
VTT,0.17788918316364288,1
VUV,0.24089600145816803,1
Vaasa,0.20539605617523193,1
Vaikuttamisviestintä,0.14842070639133453,1
Vaivaishoito,0.11695920675992966,0
Valamon luostari,0.19427935779094696,1
Valehtelevat viettelijät (televisiosarja),0.23123791813850403,1
Valls, Manuel,0.2733291685581207,1
Valmet (yhtiö),0.17852647602558136,1
Valoemissio,0.25976476073265076,1
Valtiollinen poliisi,0.16494372487068176,1
Valtionrautatiet,0.22918593883514404,1
Valtra,0.22121597826480865,1
Value co-creation,0.4153860807418823,1
Value-creation,0.4779495894908905,1
Values,0.3705284893512726,1
Van Rompuy, Herman,0.2254714071750641,1
Vanha Porvoo,0.24207501113414764,1
Vanha hautausmaa,0.1787099540233612,1
Vantaa,0.24946174025535583,1
Vantaan sanataidekoulu,0.247392475605011,1
Vapari,0.2958889305591583,1
Vapo,0.27713656425476074,1
Varallisuusvaikutus,0.2627813220024109,1
Varhaiskasvatus,0.3099156320095062,1
Varis, Tuula-Liina,0.3465154469013214,1
Varstala, Panu,0.38351908326148987,1
Vartiosaari,0.3414289057254791,1
Vastaanottotutkimus,0.1944783627986908,1
Vehicle inspection industry,0.2524389922618866,1
Venäjä,0.5996173620223999,1
Venäjän hyökkäys Ukrainaan 2022,0.23716925084590912,1
Verkko,0.28378826379776,1
Vertaistuki,0.30350950360298157,1
Vesalainen, Eino,0.2024146467447281,1
ViLLE-oppimisympäristö,0.2768608629703522,1
Vienna test system,0.1808253526687622,1
Viestintäkompetenssi,0.2026078850030899,1
Viestintäteknologian hallinta,0.20241720974445343,1
Vietnam,0.5091693997383118,1
Vietnamese parents,0.1419854313135147,1
Vihreiden nuorten ja opiskelijoiden liitto,0.21253719925880432,1
Viiankiaapa,0.30972573161125183,1
Viidakkokirja,0.22655130922794342,1
Viinitilat,0.1856214702129364,1
Viitasaari,0.20703907310962677,1
Viittomakieli,0.354648232460022,1
Viranomaistiedottaminen,0.2738460302352905,1
Viro,0.40953513979911804,1
Viron-matkat,0.1099359393119812,0
Virtual Influencers,0.20126928389072418,1
Visual mismatch negativity (vMMN),0.31421980261802673,1
Visuomotor Practice,0.3689233958721161,1
Vitreoscilla-hemoglobiini,0.2816433906555176,1
Voimaharjoittelu,0.24286605417728424,1
Voimankäytön tehokkuus,0.33151036500930786,1
VolksWagen Group,0.21895144879817963,1
Volkswagen,0.3916090428829193,1
Vox Aurea (kuoro),0.16966794431209564,1
Vue,0.41686004400253296,1
Vulkan API,0.33013084530830383,1
Vuokravastuu,0.2368292659521103,1
Vuori, Kaarlo,0.22834494709968567,1
Vuoroparin palvelutalo,0.25382018089294434,1
Väestön ikääntyminen,0.2911650538444519,1
Väinöntalo,0.2771185040473938,1
Välittäjäorganisaatio,0.17586469650268555,1
Väyrynen, Paavo,0.22104236483573914,1
W3C,0.21168960630893707,1
WAF,0.27145275473594666,1
WCAG,0.16153867542743683,1
WDC,0.18407858908176422,1
WDV-menetelmä,0.2063443511724472,1
WEEE,0.21362143754959106,1
WGS,0.3513292670249939,1
WHO-Koululaistutkimus,0.38672932982444763,1
WHO-koululaistutkimus,0.3304058015346527,1
WHOQOL-BREF,0.20177282392978668,1
WIMP,0.337848424911499,1
WISC,0.3174058198928833,1
WLAN,0.23906409740447998,1
WMN,0.2531273365020752,1
WOM,0.20674526691436768,1
WSN,0.40192148089408875,1
WTC,0.23640984296798706,1
WTI,0.26580074429512024,1
WWW-sivustot,0.2815106213092804,1
WWW-sivut,0.49936923384666443,1
Walloon,0.11836247146129608,0
Walt Disney Productions,0.3013581335544586,1
Waltari, Mika,0.22372792661190033,1
War in Afghanistan (2001-2021),0.23045875132083893,1
Wasastjerna, Torsten,0.3896162509918213,1
Watson Assistant,0.2393808811903,1
Web 2.0,0.23136621713638306,1
Web 3.0,0.21557438373565674,1
Web API,0.3051917254924774,1
Web API development,0.3125331401824951,1
Web Service,0.2115125060081482,1
WebOki,0.3026059865951538,1
Weber, Max,0.15714184939861298,1
Wechat,0.23648373782634735,1
Wechslerin kuutiotesti,0.22860461473464966,1
Weekly Information Bulletin,0.22390753030776978,1
Well-being,0.24293166399002075,1
Wells, H. G,0.17549139261245728,1
Westermarck, Edvard,0.16004492342472076,1
Western Classical Music,0.22518104314804077,1
Wi-Fi,0.2504065930843353,1
Wightmanin funktio,0.23323652148246765,1
Wind energy system,0.15751603245735168,1
Windows,0.33265647292137146,1
Winterson, Jeanette,0.2809482514858246,1
Wit.ai,0.17729279398918152,1
Wolfe, Tom,0.19853129982948303,1
Wolff-Brandt, Carina,0.20769235491752625,1
Women Leaders,0.21598169207572937,1
Women in International Leadership,0.25582119822502136,1
Womenʻs Labour League,0.32267826795578003,1
Women’s Careers,0.29573461413383484,1
Woods--Saxon,0.22728903591632843,1
Word of mouth,0.12681740522384644,0
Work well-being,0.2898782789707184,1
X-breikki,0.3315924108028412,1
X-radiation,0.1975661963224411,1
X-ray diffraction,0.3599580228328705,1
X-ray irradiation,0.20557460188865662,1
X-ray tubes,0.14020858705043793,1
XNA kehys,0.21322886645793915,1
XP,0.23894721269607544,1
XRD,0.14691683650016785,1
Y-sukupolvi,0.3243507146835327,1
YK:n vammaisyleissopimus,0.2266511172056198,1
YVA,0.32636409997940063,1
Yhdistyneet kansakunnat,0.6206290125846863,1
Yhdistynyt Kuningaskunta,0.36556491255760193,1
Yhdysvallat,0.7761695384979248,1
Yhdysvaltain kongressi,0.19638215005397797,1
Yhdysvaltain sisällissota,0.1856091022491455,1
Yhteisö,0.142637237906456,1
Yhteisöllinen oppiminen,0.25007009506225586,1
Yhteisöllisyys,0.3885924518108368,1
Yle,0.28584983944892883,1
Yle Uutiset,0.35686320066452026,1
Yleiradio,0.2660447955131531,1
Yleiset kielitutkinnot,0.23518170416355133,1
Yleisradio,0.6194124817848206,1
Ylilauta,0.15235599875450134,1
Ylä-Lappi,0.27535519003868103,1
Yläkaupungin yö,0.24795936048030853,1
YouTube,0.5300471186637878,1
Yrittäjyyskasvatus,0.2527051270008087,1
Ystävyyskuntatoiminta,0.27216142416000366,1
Yuri Dmitriev,0.31516706943511963,1
Zambia,0.21725426614284515,1
Zivot-Andrews -testi,0.18712492287158966,1
a-particle,0.16482384502887726,1
aapasuot,0.2856284976005554,1
aasialaiset,0.14723429083824158,1
aatehistoria,0.3626669645309448,1
absoluuttinen pysyvyys,0.26367276906967163,1
absorbance,0.24502839148044586,1
absorptio,0.19596517086029053,1
absorption,0.33399438858032227,1
abstrakti algebra,0.23260615766048431,1
abstrakti taide,0.2229771614074707,1
academic,0.08946555107831955,0
academic achievement,0.27006056904792786,1
academic emotions,0.2225533425807953,1
academic leadership,0.21362431347370148,1
academic performance; pupils; Family backgrounds,0.2564508020877838,1
academic professionals,0.3842908442020416,1
academic vocabulary,0.22830349206924438,1
academic writing,0.10628428310155869,0
accelerometer,0.3317888379096985,1
accelerometers,0.1456238180398941,1
accent (linguistics),0.18063797056674957,1
accentuated,0.3206419348716736,1
acceptance,0.4240960478782654,1
acceptance and commitment therapy,0.27154576778411865,1
accessibility,0.37463217973709106,1
accountability,0.42769256234169006,1
acculturation,0.1511756032705307,1
accumulation,0.20940105617046356,1
achievement goal theory,0.2390599548816681,1
achievement goals,0.3562246561050415,1
acoustic cueing,0.26799771189689636,1
acoustic feedback,0.18719854950904846,1
acoustics (phonics),0.41058000922203064,1
acquiring companies` short-term performance,0.2721478343009949,1
acquisition,0.26977789402008057,1
actin front,0.28525128960609436,1
actinospores,0.2121800035238266,1
action research,0.4939347803592682,1
activated carbon,0.21925461292266846,1
active,0.20487654209136963,1
active labour market policies,0.18380609154701233,1
active ownership,0.25577759742736816,1
active recovery,0.2978757321834564,1
activism,0.4025033712387085,1
activist research,0.19901692867279053,1
activities,0.1016172394156456,0
activity,0.12044872343540192,0
activity patterns,0.2633281350135803,1
activity theory,0.23806390166282654,1
actomyosin,0.1927957385778427,1
actor-network theory,0.14316540956497192,1
acute neuromuscular fatigue,0.3149154484272003,1
adaptaatio,0.39258071780204773,1
adaptation (change),0.30461204051971436,1
adaptiivinen teoria,0.2697412371635437,1
adaptiiviset työskentelytavat,0.21637272834777832,1
adaptive immunity,0.336843878030777,1
addiktio,0.267252653837204,1
additiivinen sekamalli,0.20884285867214203,1
additive index,0.3300425410270691,1
adeno-associated virus,0.186111181974411,1
adhd/add,0.382262647151947,1
adipose tissues,0.1021479144692421,0
adjective,0.13368499279022217,0
adjektiivi,0.17391636967658997,1
adjektiivit,0.5258445143699646,1
administration of higher education,0.21407419443130493,1
adolescence,0.21421651542186737,1
adolescent,0.4354908764362335,1
adolescent football players,0.2848570644855499,1
adolescents,0.3670535981655121,1
adoptio,0.2528836727142334,1
adoption study,0.25149890780448914,1
adoptiotutkimus,0.22848770022392273,1
adsorptio,0.269205778837204,1
adsorption,0.2656252384185791,1
adult education,0.14286784827709198,1
adult immigrant learners,0.3078598976135254,1
adult immigrants,0.13863635063171387,0
adult spinal deformity,0.3072168529033661,1
adult-onset diabetes,0.2731093466281891,1
adults,0.2339494675397873,1
advanced persistent threat,0.2566785216331482,1
adverbit,0.3002314865589142,1
adverse childhood experiences,0.22625082731246948,1
adverse event,0.30944082140922546,1
advertisement format,0.17066988348960876,1
advertisements,0.3682178854942322,1
advertising,0.5403052568435669,1
aerobic,0.2915707230567932,1
aerobic capacity,0.6391567587852478,1
aerobic exercise,0.4916091561317444,1
aerobic fitness,0.3763006329536438,1
aerobic training,0.20905663073062897,1
aerobinen harjoittelu,0.4935106933116913,1
aerobinen kapasiteetti,0.25460612773895264,1
aerobinen kestävyys,0.20241381227970123,1
aerobinen kunto,0.3059648275375366,1
aerobinen kynnys,0.346248984336853,1
aerobinen suorituskyky,0.6802527904510498,1
aesthetics,0.17955231666564941,1
affect,0.14141401648521423,1
affective computing,0.13872601091861725,0
affective processing,0.34315869212150574,1
affective-identity motivation to lead,0.1332261562347412,0
affekti,0.12254524230957031,0
affektien itsesäätely,0.15384699404239655,1
affektiivinen hyvinvointi,0.37250590324401855,1
affektiivinen kirjallisuudentutkimus,0.25444120168685913,1
affektiivinen sitoutuminen muutokseen,0.3106842637062073,1
affektiiviset tekijät,0.3768777847290039,1
affektiivisuus,0.3933098018169403,1
affektit,0.2174157351255417,1
affektitutkimus,0.2323499470949173,1
affluence,0.20340096950531006,1
affordances,0.19923897087574005,1
affordanssi,0.17795878648757935,1
afrikanamerikkalainen nationalismi,0.20811375975608826,1
afroamerikkalaiset,0.2121405154466629,1
age,0.12424556165933609,0
ageing,0.437216579914093,1
agency,0.1820511817932129,1
agenda setting,0.21358118951320648,1
agenda-setting theory,0.225151926279068,1
agendateoria,0.24979867041110992,1
agendatutkimus,0.11973495781421661,0
agenttiteoria,0.296958863735199,1
aggressiivisuus,0.25258922576904297,1
aggressiokasvatus,0.33510658144950867,1
aggressiot,0.20579585433006287,1
aggressioteoria,0.24838590621948242,1
agile,0.36751770973205566,1
agile development,0.27419382333755493,1
agile methods,0.5328918099403381,1
agile software development,0.43845441937446594,1
aging,0.4533098340034485,1
aging brain,0.318716436624527,1
agonismi,0.19449591636657715,1
agreement,0.2562851905822754,1
agriculture,0.2584839463233948,1
ahdistuneisuus,0.42561647295951843,1
ahdistuneisuushäiriöt,0.2998717129230499,1
ahdistus,0.7116144299507141,1
ahven,0.4527243971824646,1
aiemmin tunnistamaton tyypin 2 diabetes,0.3137434720993042,1
aihealuejaottelu,0.2812436819076538,1
aihepiirityöskentely,0.33649495244026184,1
aika,0.5426575541496277,1
aikakauslehdet,0.48923036456108093,1
aikapaikallisuus,0.19567251205444336,1
aikaresurssi,0.1230669692158699,0
aikasarja-analyysi,0.4805746376514435,1
aikasarjat,0.4255276024341583,1
aikatila,0.22325244545936584,1
aikomus,0.24392664432525635,1
aikuinen,0.20402665436267853,1
aikuiset,0.6997925639152527,1
aikuiset lapset,0.2503764033317566,1
aikuiskasvatus,0.5413212180137634,1
aikuiskouluttajan pedagogiset opinnot,0.32297489047050476,1
aikuiskouluttajat,0.3483622670173645,1
aikuiskoulutus,0.4832076132297516,1
aikuislukiot,0.2875681221485138,1
aikuisopiskelija,0.10827416926622391,0
aikuisopiskelijat,0.3614887297153473,1
aikuisopiskelu,0.2903783917427063,1
aikuisoppiminen,0.37780314683914185,1
aikuissosiaalityö,0.5709593296051025,1
aikuisten kielen omaksuminen,0.2786425054073334,1
aikuisten kielenoppiminen,0.2860768437385559,1
aikuistuminen,0.30189192295074463,1
aikuistyypin diabetes,0.6085840463638306,1
aikuisuuden ajattelu,0.1790839284658432,1
aikuisuus,0.584751307964325,1
aineellinen kulttuuri,0.25217053294181824,1
aineenopettajaopiskelijat,0.48905399441719055,1
aineenopettajat,0.6110599040985107,1
aineenopettajien kouluttaja,0.24111126363277435,1
aineenvaihdunta,0.6713601350784302,1
aineenvaihduntahäiriöt,0.4116218090057373,1
aineenvaihduntasairaudet,0.40720346570014954,1
aineenvaihduntataso,0.15986786782741547,1
aineenvaihduntatuotteet,0.07877654582262039,0
aineeton pääoma,0.250283807516098,1
aineistolähtöinen sisällönanalyysi,0.40394285321235657,1
aineistolähtöinen sisällönanalyysi,0.4259040951728821,1
aineistotriangulaatio,0.22706040740013123,1
air surveillance,0.2907130718231201,1
air travel,0.4818711578845978,1
airport sustainability,0.23106026649475098,1
airports,0.262580931186676,1
aistien stimulointi kirjoittamisessa,0.1914549022912979,1
aistietnografia,0.3406333327293396,1
aistikokemus,0.41149792075157166,1
aistimukset,0.1895821988582611,1
aistit,0.2913929522037506,1
aitotumaiset,0.15895751118659973,1
aitous,0.19047845900058746,1
aivokuori,0.34552133083343506,1
aivoperäinen hermokasvutekijä,0.2729780077934265,1
aivopuoliskojen epäsymmetrisyys,0.3114696741104126,1
aivot,0.7055714130401611,1
aivotutkimus,0.5065308213233948,1
aivovammat,0.4087691009044647,1
aivovasteet kasvonilmeisiin,0.2790283262729645,1
aivoverenkiertohäiriöt,0.4316989481449127,1
ajalliset rytmit,0.3217652142047882,1
ajanhallinta,0.2546205222606659,1
ajankäyttö,0.2363777607679367,1
ajanvaraus,0.3172335922718048,1
ajattelu,0.47236335277557373,1
ajattelun kaksoissysteemimalli,0.3033495545387268,1
ajattelun kehitys,0.24975191056728363,1
ajatukset,0.33321160078048706,1
ajatusmallit,0.21506643295288086,1
ajehaavi,0.29424598813056946,1
ajoneuvot,0.20089690387248993,1
ajosimulaattori,0.290979266166687,1
akateeminen minäkäsitys,0.26008111238479614,1
akateeminen minäpystyvyys,0.20390258729457855,1
akateemiset emootiot,0.25279515981674194,1
akateemiset heimokulttuurit,0.2655229866504669,1
akateemiset tekstitaidot,0.22619344294071198,1
akillesjänne,0.22153803706169128,1
akkulturaatio,0.6464207172393799,1
akkumulaatio,0.18102994561195374,1
akrasia,0.32803580164909363,1
aksentti,0.16481100022792816,1
aksioni,0.38209882378578186,1
aktanttimalli,0.3256392776966095,1
aktiinit,0.1645505726337433,1
aktiivihiili,0.16888348758220673,1
aktiivikansalainen,0.16890040040016174,1
aktiivinen kansalainen,0.2901829481124878,1
aktiivinen kansalaisuus,0.19121073186397552,1
aktiivinen sosiaalipolitiikka,0.49217379093170166,1
aktiivinen toimintakulttuuri,0.17906518280506134,1
aktiivinen työvoimapolitiikka,0.2804805338382721,1
aktiivipolitiikka,0.31221070885658264,1
aktiiviset videopelit,0.281969279050827,1
aktiivisuus,0.7600359320640564,1
aktiivisuusmittari,0.35106563568115234,1
aktinospoori,0.20254236459732056,1
aktivismi,0.5044615268707275,1
aktivistinen taide,0.19955408573150635,1
aktivointi,0.5157231092453003,1
aktivointipolitiikka,0.11213524639606476,0
aktomyosiini,0.2327907234430313,1
akustiikka,0.43067479133605957,1
akuutit vasteet,0.35699212551116943,1
akuutti kipu,0.20104867219924927,1
alaikäinen,0.18759801983833313,1
alaikäiset,0.40425747632980347,1
alakoulu,0.8388842940330505,1
alakoululaiset,0.6744115352630615,1
alakoulun oppilaat.,0.26874712109565735,1
alakulttuuri,0.2662754952907562,1
alakulttuurit,0.23558810353279114,1
alalle hakeutuminen,0.2075001299381256,1
alanvaihtoaikeet,0.30468663573265076,1
alapolitiikka,0.19001010060310364,1
alaraaja,0.25782665610313416,1
alaraajojen lihasvoima,0.3271515965461731,1
alaraajojen suorituskyky,0.3167131245136261,1
alaraajojen voima,0.3517458438873291,1
alaselkäkipu,0.4931296110153198,1
albumit,0.2726309597492218,1
alcohol,0.17168313264846802,1
alcohol consumption,0.32705622911453247,1
alcohol use,0.2056800276041031,1
aldehydes,0.21585741639137268,1
aldehydit,0.129182830452919,0
aleksitymia,0.4074033498764038,1
aleksityymiset piirteet,0.20770980417728424,1
alennusmyynti,0.16352970898151398,1
alexithymia,0.21624459326267242,1
alfa-oskillaatio,0.28178417682647705,1
alfaaktiivisuus,0.3073251247406006,1
alfarytmi,0.17743417620658875,1
algae,0.25475454330444336,1
algebra,0.3401711881160736,1
algorithmic,0.22158066928386688,1
algorithmic communications,0.2031862586736679,1
algorithmic management,0.12787048518657684,0
algorithmic thinking,0.10172252357006073,0
algorithms,0.2985073924064636,1
algoritmi,0.1471761018037796,1
algoritminen ajattelu,0.3757559061050415,1
algoritmit,0.6434454917907715,1
alhainen energiansaatavuus,0.2535238564014435,1
alignment,0.2647547125816345,1
aliupseerit,0.1782514899969101,1
alkaloosi,0.30902382731437683,1
alkeishiukkaset,0.23897381126880646,1
alkio,0.14966459572315216,1
alkionkehitys,0.2029624730348587,1
alkoholi,0.4502442181110382,1
alkoholi (päihteet),0.3182273209095001,1
alkoholidehydrogenaasit,0.3247544467449188,1
alkoholikulttuuri,0.4424126446247101,1
alkoholin käyttö,0.28475120663642883,1
alkoholinkäyttö,0.6685795783996582,1
alkoholiongelmat,0.3688522279262543,1
alkoholiperhe,0.3177068829536438,1
alkoholipolitiikka,0.4100097715854645,1
alkoholirikokset,0.21864856779575348,1
alkoholismi,0.22324873507022858,1
alkoholistit,0.3843350112438202,1
alkuaineanalyysi,0.24361155927181244,1
alkuaineet,0.19526517391204834,1
alkueliöt,0.13412554562091827,0
alkuluokka,0.2855027914047241,1
alkuluvut,0.2647172212600708,1
alkuopettaja,0.3671654164791107,1
alkuopetus,0.7877252697944641,1
alkuperä,0.18905580043792725,1
alkuperäiskansat,0.44510766863822937,1
alkuportaat,0.20083500444889069,1
alkutuotanto,0.3365764021873474,1
allaniitti,0.16383381187915802,1
alle kolmevuotiaat,0.3522590398788452,1
alle kouluikäiset lapset,0.33956170082092285,1
allegoriat,0.20217552781105042,1
allianssi,0.21644437313079834,1
allianssi perheterapiassa,0.3940015435218811,1
allianssikatkokset,0.2377537339925766,1
alluusiot,0.5220416188240051,1
aloite,0.1920364946126938,1
aloitteet,0.20290474593639374,1
aloitteleva varhaiserityisopettaja,0.2656339406967163,1
alokkaat,0.24646975100040436,1
alpha oscillation,0.22290384769439697,1
alpha oscillations,0.2689976096153259,1
alppilajit,0.34629347920417786,1
alppimaja,0.4078977406024933,1
alternative splicing,0.2231910228729248,1
alternative sports,0.17363204061985016,1
altistus,0.2682555317878723,1
altruism,0.23811651766300201,1
altruismi,0.33839064836502075,1
alttaritaide,0.35092893242836,1
alttaritaulut,0.2571643590927124,1
alue,0.24454928934574127,1
alue-ekologia,0.3287365734577179,1
alueellinen eriytyminen,0.23377053439617157,1
alueellinen houkuttelevuus,0.24077512323856354,1
alueellinen kilpailukyky,0.3006434142589569,1
alueellinen mainonta,0.24035120010375977,1
alueelliset erot,0.23142874240875244,1
alueellisuus,0.22246049344539642,1
alueet,0.3141497075557709,1
aluekehitys,0.1990876942873001,1
aluesosiaalityö,0.30626949667930603,1
alumiinioksidi,0.18920068442821503,1
alumina,0.10628338158130646,0
alustariippumaton,0.3557366132736206,1
alustariippumattomuus,0.2069450318813324,1
alustat,0.2221866250038147,1
alustatalous,0.19827771186828613,1
alustoituminen,0.18980714678764343,1
ambidexterity,0.26708877086639404,1
amerikansuomalaiset,0.20683178305625916,1
amerikkalaiset,0.18001879751682281,1
amerintiaanit,0.25778570771217346,1
amino acids,0.3029201328754425,1
aminohapot,0.5097008943557739,1
ammatillinen aikuiskoulutus,0.15047995746135712,1
ammatillinen hyvinvointi,0.16180045902729034,1
ammatillinen identiteetti,0.4467598497867584,1
ammatillinen kasvu,0.44050484895706177,1
ammatillinen kehittyminen,0.3857893943786621,1
ammatillinen kehitys,0.7702925801277161,1
ammatillinen kielitaito,0.3732406795024872,1
ammatillinen koulutus,0.7126550078392029,1
ammatillinen kuntoutus,0.2816103994846344,1
ammatillinen minäkäsitys,0.12209878116846085,0
ammatillinen onnistuminen,0.19842897355556488,1
ammatillinen opettaja,0.14551295340061188,1
ammatillinen opettajankoulutus,0.23601193726062775,1
ammatillinen oppilaitos,0.4196549654006958,1
ammatillinen osaaminen,0.44326698780059814,1
ammatillinen peruskoulutus,0.3006218373775482,1
ammatillinen tieto,0.20305295288562775,1
ammatillinen toimijuus,0.6413027048110962,1
ammatillisen koulutuksen opiskelijat,0.18619944155216217,1
ammatillisen osaamisen johtaminen,0.24437972903251648,1
ammatillisen osaamisen kehittäminen,0.3571118116378784,1
ammatillisen osaamisen riittävyys,0.15073136985301971,1
ammatilliset erityisoppilaitokset,0.2788650691509247,1
ammatilliset opettajat,0.26900339126586914,1
ammatilliset oppilaitokset,0.5213274359703064,1
ammatilliset tutkinnot,0.3913823366165161,1
ammatillistuminen,0.5544086694717407,1
ammatinvaihto,0.3858269453048706,1
ammatinvalinnanohjaus,0.362211674451828,1
ammatinvalinta,0.6430344581604004,1
ammatti-identiteetti,0.6655523180961609,1
ammattietiikka,0.17751415073871613,1
ammattikorkeakoulu,0.34982219338417053,1
ammattikorkeakoulukirjastot,0.17554999887943268,1
ammattikorkeakoulut,0.6893325448036194,1
ammattikoulut,0.18676728010177612,1
ammattikoulutus,0.3589950501918793,1
ammattikuljettaja,0.33178049325942993,1
ammattilaiset,0.40423059463500977,1
ammattilehdet,0.1730922907590866,1
ammattiliitot,0.2076755166053772,1
ammattimaistuminen,0.39914944767951965,1
ammattinimikkeet,0.31578582525253296,1
ammattioppilaitos,0.16933825612068176,1
ammattiorkesteri,0.25422829389572144,1
ammattiryhmät,0.18851310014724731,1
ammattitaito,0.6884260773658752,1
ammattitaudit,0.14857351779937744,1
ammattiurheilu,0.28025561571121216,1
ammattivalmentaja,0.46242567896842957,1
ammattiyhdistysliike,0.3832906186580658,1
ammunta,0.3576165735721588,1
amotivation,0.17644327878952026,1
ampumahiihto,0.18405462801456451,1
amputaatio,0.3645242750644684,1
amputoidut,0.297479510307312,1
anaerobic digestion,0.3716295063495636,1
anaerobinen harjoittelu,0.26123306155204773,1
anaerobinen kynnys,0.42474424839019775,1
anaerobinen suorituskyky,0.287954717874527,1
analogia,0.42749807238578796,1
analogy,0.26677075028419495,1
analysis,0.29266825318336487,1
analysointi,0.30362069606781006,1
analytics,0.4378604590892792,1
analytiikka,0.34938549995422363,1
analyysi,0.6022630929946899,1
analyyttinen filosofia,0.32753098011016846,1
analyyttinen funktio,0.18939733505249023,1
analyyttinen kemia,0.26336923241615295,1
analyyttiset funktiot,0.2558669447898865,1
and Leadership participation.,0.1863425374031067,1
andragogiikka,0.3700255751609802,1
andraspråk,0.2606276571750641,1
andraspråksinlärning,0.18369612097740173,1
androgeenit,0.19038820266723633,1
androgens,0.20395927131175995,1
androgynia,0.17649954557418823,1
androgyynisyys,0.2414107471704483,1
angel investor decision-making,0.23518474400043488,1
animaatio,0.23482704162597656,1
animaatioelokuvat,0.35579901933670044,1
animal rights,0.08771419525146484,0
animal rights organisations,0.1559971272945404,1
animal welfare,0.1568843424320221,1
animal welfare organisations,0.12852320075035095,0
animal welfare societies,0.18749377131462097,1
animated films,0.24106304347515106,1
ankkuritoiminta,0.3842569887638092,1
annealing,0.21713264286518097,1
anniskelu,0.2747425436973572,1
anniskeluoikeudet,0.27709636092185974,1
annotated translation,0.1795516163110733,1
anomaliat,0.31698155403137207,1
anomalies,0.21514931321144104,1
anomaly detection,0.23938916623592377,1
anonyymi rekrytointi,0.22301511466503143,1
anonyymiverkot,0.3553154468536377,1
anoreksia,0.3335622251033783,1
anpassning av undervisning,0.23475252091884613,1
ansaintalogiikka,0.22746063768863678,1
ansiotaso,0.1832880973815918,1
ansiotaso.,0.1852487176656723,1
ansiotyö,0.23026521503925323,1
antagonismi,0.2614162266254425,1
antecedents,0.21969258785247803,1
anthologies,0.1795748919248581,1
anthropomorphism,0.2601841688156128,1
anti-dsDNA antibodies,0.22105672955513,1
anti-phishing training,0.1557612419128418,1
antibiootit,0.2653322219848633,1
antibioottiresistenssi,0.4275180995464325,1
antibiotics,0.18887852132320404,1
antiikin filosofia,0.20127764344215393,1
antiikki,0.1674896627664566,1
antikapitalismi,0.11969168484210968,0
antirealismi,0.12470298260450363,0
antiretroviral drugs,0.2099703997373581,1
antivirals,0.2373845875263214,1
antologiat,0.2104119509458542,1
antraseeni,0.2491409331560135,1
antropologia,0.30823975801467896,1
antropomorfismi,0.5367382764816284,1
antroposeeni,0.21811765432357788,1
anturit,0.4428853392601013,1
anxiety,0.40900862216949463,1
anxiety disorders,0.3158605992794037,1
apartheid,0.18500669300556183,1
aposematism,0.28927215933799744,1
apparatus gymnastics,0.21970228850841522,1
appearance (looks),0.17956757545471191,1
applications (computer programmes),0.29497966170310974,1
appraisal,0.25247514247894287,1
apt,0.3079828917980194,1
apurahat,0.1834728717803955,1
apuväline,0.30730441212654114,1
apuvälineet,0.46836039423942566,1
aquatic environments,0.2535136938095093,1
arabit,0.3926421105861664,1
arbetsemigration,0.21192198991775513,1
argumentaatio,0.1530992090702057,1
argumentaatiokeinot,0.28809884190559387,1
argumentaatioteoria,0.38103896379470825,1
argumentation,0.3199930787086487,1
argumentointi,0.6760594844818115,1
argumentti,0.18289975821971893,1
aristotelismi,0.1736682653427124,1
arithmetic,0.25808948278427124,1
aritmetiikan sujuvuus,0.24153082072734833,1
aritmetiikka,0.4831465184688568,1
arjen toimijuus,0.18198180198669434,1
arkaluonteisuus,0.3141994774341583,1
arkeologia,0.26171472668647766,1
arki,0.6504283547401428,1
arkielämä,0.49010488390922546,1
arkielämäkokemukset,0.23375758528709412,1
arkielämän ympäristöpolitiikka,0.15921209752559662,1
arkipsykologia,0.1799744963645935,1
arkisto,0.32296398282051086,1
arkistoaineisto,0.16851197183132172,1
arkistot,0.45357418060302734,1
arkistotiede,0.2997800409793854,1
arkistotoimi,0.34275108575820923,1
arkityytyväisyys,0.1870390623807907,1
arkkitehdit,0.25836533308029175,1
arkkitehtuuri,0.7041116952896118,1
arkkitehtuurikasvatus,0.3240966796875,1
arkkitehtuurinäkökulmat,0.3161892890930176,1
arktinen alue,0.2427861988544464,1
arktiset kulttuurit,0.18766020238399506,1
armeijat,0.3021336495876312,1
army,0.16271989047527313,1
arousal,0.3330233693122864,1
ars memoriae,0.15971241891384125,1
art,0.32912611961364746,1
art education,0.3777286410331726,1
art experiences,0.36022597551345825,1
art museums,0.18689778447151184,1
art pedagogy,0.23502357304096222,1
art projects,0.24546800553798676,1
artefaktit,0.26940542459487915,1
artificial consciousness,0.3048042356967926,1
artificial intelligence,0.6978994607925415,1
artificial languages,0.21166649460792542,1
artikla 32,0.27405810356140137,1
artist,0.2820259630680084,1
artistic gymnastics,0.27096202969551086,1
artistit,0.25475335121154785,1
artivismi,0.30340129137039185,1
arvelua ilmaisevat adverbit,0.2817113399505615,1
arvioinnin kohdentaminen,0.17448467016220093,1
arviointi,0.8782339692115784,1
arviointifilosofia,0.19587039947509766,1
arviointimenetelmät,0.6197525858879089,1
arviointitutkimus,0.2121659219264984,1
arvo,0.631242036819458,1
arvo (ominaisuudet),0.28758174180984497,1
arvo-osake,0.2143927812576294,1
arvoehdotukset,0.1892012655735016,1
arvojen selkiinnyttäminen,0.23099496960639954,1
arvojen yhteneväisyys,0.2409011870622635,1
arvokasvatus,0.22350522875785828,1
arvoketjut,0.3136623203754425,1
arvokisat,0.22124966979026794,1
arvomyynti,0.3238407373428345,1
arvon yhteisluominen,0.1343240588903427,0
arvon yhteisluonti,0.5171794891357422,1
arvon yhteistuho,0.38428857922554016,1
arvon yhteistuhoaminen,0.3494519591331482,1
arvonluonti,0.7587664723396301,1
arvonmääritys,0.4905107021331787,1
arvopaperimarkkinat,0.7023412585258484,1
arvopaperisalkut,0.27167654037475586,1
arvorationaalinen toiminta,0.20782414078712463,1
arvorelevanssi,0.29037320613861084,1
arvoristiriita,0.23079276084899902,1
arvosanat,0.18850526213645935,1
arvostaminen,0.21716423332691193,1
arvostava kohtaaminen,0.16838712990283966,1
arvostelupalvelut,0.36074990034103394,1
arvostelut,0.39856258034706116,1
arvostus,0.16343151032924652,1
arvot,0.8103896379470825,1
arvot (käsitykset),0.43485134840011597,1
arvotransformaatio,0.18508894741535187,1
arvottaminen,0.25023046135902405,1
arvotypologia,0.2855483889579773,1
arvovapauden ideaali,0.32991790771484375,1
aryl hydrocarbon receptor,0.2126414030790329,1
asbesti,0.3457008898258209,1
asbestisementti,0.24811343848705292,1
asbestisementtilevyt,0.18724419176578522,1
asbestiteollisuus,0.21139229834079742,1
asbestoosi,0.2580370306968689,1
asbestos,0.2779708802700043,1
asbestosis,0.2012515515089035,1
aseelliset konfliktit,0.22102230787277222,1
aselajit,0.2207709401845932,1
asema (yhteiskunnalliset ominaisuudet),0.1809154748916626,1
asenne,0.48552602529525757,1
asennekasvatus,0.23378203809261322,1
asennetutkimus,0.190583273768425,1
asennoituminen,0.22848041355609894,1
asennot,0.4528074860572815,1
asenteet,0.875455915927887,1
asepalvelus,0.2257891744375229,1
asetukset,0.31299251317977905,1
asfalttikartelli,0.1354018598794937,0
asiakas,0.18960213661193848,1
asiakasarvo,0.4050125181674957,1
asiakaskokemus,0.6643474102020264,1
asiakaskäyttäytyminen,0.36558815836906433,1
asiakaslähtöisyys,0.45151951909065247,1
asiakaspalvelu,0.14171971380710602,1
asiakaspysyvyys,0.25111302733421326,1
asiakassegmentointi,0.3919725716114044,1
asiakassitoutuminen,0.1430365890264511,1
asiakassitoutuneisuus,0.31677719950675964,1
asiakassuhde,0.31755346059799194,1
asiakassuhde ja kategorisointi,0.2940416932106018,1
asiakassuhteiden hallinta,0.2662149667739868,1
asiakassuunnitelma,0.31427040696144104,1
asiakassuunnitelmat,0.28824326395988464,1
asiakastarve,0.38689783215522766,1
asiakastiedot,0.5429799556732178,1
asiakastieto,0.22896692156791687,1
asiakastietojärjestelmä,0.32749179005622864,1
asiakastietämyksenhallinta,0.39165198802948,1
asiakasturvallisuus (sosiaalihuolto),0.3155277669429779,1
asiakastyytyväisyys,0.40898624062538147,1
asiakastyö,0.49814924597740173,1
asiakasuskollisuus,0.3821178078651428,1
asiakasväkivalta,0.251973032951355,1
asiakasymmärrys,0.28120356798171997,1
asiakirja,0.2844627797603607,1
asiakirjahallinto,0.3680134415626526,1
asiakirjat,0.46885278820991516,1
asiakirjatutkimus,0.1962311863899231,1
asiakkaan sitoutuneisuus brändiin,0.29241710901260376,1
asiakkaat,0.8353318572044373,1
asiakkuudenhallinta,0.5545724034309387,1
asiakkuudenhallintajärjestelmä,0.1763150840997696,1
asiakkuus,0.44936275482177734,1
asiantuntijahaastattelu,0.36077186465263367,1
asiantuntijaintuitio,0.2691604793071747,1
asiantuntijaorganisaatio,0.4411379098892212,1
asiantuntijaorganisaatiot,0.5489984154701233,1
asiantuntijaryhmät,0.25404617190361023,1
asiantuntijat,0.6256536841392517,1
asiantuntijatyö,0.3217344582080841,1
asiantuntijayhteisö,0.4173343777656555,1
asiantuntijuus,0.8427513837814331,1
askelfrekvenssi,0.23114456236362457,1
aspekti,0.3065061569213867,1
assembly,0.14282900094985962,1
assembly-kieli,0.27025192975997925,1
assessment,0.4658879041671753,1
assessment framework,0.2913728952407837,1
assessment literacy,0.19312934577465057,1
assimilaatio,0.08827029168605804,0
assimilaatioanalyysi,0.38151267170906067,1
assimilaatiomalli,0.33703771233558655,1
assistive device,0.27734050154685974,1
association,0.2180466502904892,1
association network,0.2986935079097748,1
assosiaatio,0.35556402802467346,1
assosiaatioverkko,0.3129720687866211,1
assosiatiivinen taidenäyttely,0.27091944217681885,1
assosiatiivisuus,0.2683432102203369,1
astiastot,0.21957607567310333,1
astiat,0.20601727068424225,1
astrofysiikka,0.18122045695781708,1
astrologia,0.3228895664215088,1
astromers,0.17380397021770477,1
astrophysics,0.3012399971485138,1
asuinalueet,0.31583672761917114,1
asuinrakennukset,0.20126837491989136,1
asuinympäristö,0.30990907549858093,1
asukastalot,0.1289362609386444,0
asuminen,0.5676424503326416,1
asumismuodon valinta,0.20844733715057373,1
asumispalvelut,0.6091563105583191,1
asunnon hallintaperuste,0.24734419584274292,1
asunnot,0.4324518144130707,1
asunnottomat,0.17732475697994232,1
asunnottomuus,0.19731126725673676,1
asunto-osakeyhtiöt,0.2761765420436859,1
asuntolainapankin valinta,0.3297903835773468,1
asuntolainat,0.322950154542923,1
asuntomarkkinat,0.4843391478061676,1
asuntomarkkinoiden tuotto,0.23918485641479492,1
asuntosäästäminen,0.26619136333465576,1
asuntosäästöpalkkio,0.2148192673921585,1
asutustilat,0.214986190199852,1
asylum seekers,0.31849151849746704,1
ateriarytmi,0.5084643959999084,1
athletes,0.5374047160148621,1
athletic identity,0.20439718663692474,1
athletic injuries,0.3445914685726166,1
athletic performance,0.24410824477672577,1
atk,0.2156178206205368,1
atk-tuki,0.3602878451347351,1
atmosphere (earth),0.1536407172679901,1
atom,0.16421718895435333,1
atomic force microscopy,0.23184813559055328,1
atomivoimamikroskopia,0.17805741727352142,1
attentio,0.3452870547771454,1
attention,0.5849123597145081,1
attitude,0.1975085288286209,1
attitude towards a service,0.20156458020210266,1
attitude-action gap,0.29912352561950684,1
attitudes,0.619854748249054,1
attitudes to English as a foreign language,0.18905338644981384,1
attitudes towards life,0.17891700565814972,1
attitudes.,0.19110530614852905,1
attityd,0.20434460043907166,1
attraktioelokuva,0.4053552448749542,1
audio drama podcast,0.18532314896583557,1
audiovisuaalinen aineisto,0.2755722999572754,1
audiovisuaalinen viestintä,0.3367043733596802,1
audiovisual,0.15485669672489166,1
audiovisual communication,0.2606320083141327,1
auditiiviset vasteet,0.28094765543937683,1
auditointi,0.2621818780899048,1
auditory,0.19466345012187958,1
auditory P3a (aP3a),0.22153867781162262,1
auditory mismatch negativity (aMMN),0.2375052124261856,1
augmented reality,0.2445901334285736,1
augmented reality mobile games,0.2573767304420471,1
auktoriteetti,0.20525231957435608,1
aunuksenkarjalan kieli,0.20479704439640045,1
auringonsäteily,0.32042360305786133,1
aurinkoenergia,0.4937061071395874,1
aurinkokeräimet,0.32277241349220276,1
aurinkopaneelit,0.31847715377807617,1
aurinkosähkö,0.26483550667762756,1
autentikaatio,0.3936042785644531,1
autenttinen johtajuus,0.2218599021434784,1
autenttinen kielenoppiminen,0.1759345978498459,1
autenttinen päätöksenteko,0.17386412620544434,1
autenttisuus,0.730319619178772,1
authentic,0.22450551390647888,1
authentication,0.3213081955909729,1
authenticity,0.5712729692459106,1
authentische Lehrmaterialien,0.21421223878860474,1
authentisches Lernen,0.12589676678180695,0
authoritarianism,0.25244179368019104,1
authorities,0.23260770738124847,1
autiotuvat,0.24793723225593567,1
autism spectrum disorders,0.19582529366016388,1
autismi,0.33510079979896545,1
autismikirjon häiriöt,0.5428429245948792,1
autismspektrumstörning,0.437628835439682,1
autobiografinen viisaus,0.31850728392601013,1
autoencoder,0.2756941318511963,1
autoethnography,0.20529057085514069,1
autoetnografia,0.3340129256248474,1
autoilu,0.30913853645324707,1
autoimmuniteetti,0.21826544404029846,1
autoimmunity,0.24803872406482697,1
automaatio,0.5704553723335266,1
automaatioteknologia,0.3969004154205322,1
automaattinen testaus,0.4037854075431824,1
automated,0.28323614597320557,1
automation,0.21990904211997986,1
automatisoidut testit,0.18781161308288574,1
automatisoidut testit.,0.11757690459489822,0
automatisoitu kastelu,0.27993524074554443,1
automorfismi,0.2355855107307434,1
automotive engineering,0.23333892226219177,1
autonkuljettajat,0.21519584953784943,1
autonomia,0.6622425317764282,1
autonomian aika,0.26754137873649597,1
autonomian tukeminen,0.27073749899864197,1
autonomic,0.14938941597938538,1
autonomic nervous system,0.504402220249176,1
autonominen hermosto,0.7898555397987366,1
autonominen motivaatio,0.1640254557132721,1
autonomiset järjestelmät,0.3807629346847534,1
autonomismi,0.19277718663215637,1
autonomous learning,0.225224569439888,1
autonomy,0.1358252763748169,0
autonomy (societal properties),0.14441466331481934,1
autonomy support,0.1778150498867035,1
autonomy-supportive coaching,0.3272216320037842,1
autoritaarisuus,0.2427554577589035,1
autot,0.2212257981300354,1
autotekniikka,0.28229403495788574,1
autoteollisuus,0.337999552488327,1
autourheilu,0.6396380662918091,1
auttaja,0.1986352652311325,1
auttaminen,0.5114238262176514,1
auttamisen haasteet,0.21216408908367157,1
avantgarde,0.2706552743911743,1
avaruus,0.20932000875473022,1
avioero,0.34405162930488586,1
avioliitto,0.5375347137451172,1
avohakkuu,0.21624533832073212,1
avohakkuut,0.31911370158195496,1
avohuolto,0.4440917372703552,1
avoimuus,0.15305034816265106,1
avoin asiantuntijuus,0.2509627044200897,1
avoin lähdekoodi,0.34450727701187134,1
avoin tieto,0.3024049997329712,1
avoin yliopisto,0.24735970795154572,1
avopalvelu,0.152749165892601,1
avopalvelut,0.24024395644664764,1
avotyö,0.2454126477241516,1
avun hakeminen,0.415289044380188,1
avuntarpeet,0.1685984879732132,1
avuntarve,0.43370601534843445,1
avustajat,0.24648290872573853,1
avustukset,0.26040327548980713,1
avuttomuus,0.22532784938812256,1
awareness,0.3418980538845062,1
awareness.,0.2167898267507553,1
b2b-myynti,0.29228708148002625,1
back-end system -automaatio,0.18534260988235474,1
backcasting,0.20240595936775208,1
backend,0.21932625770568848,1
background music,0.32835549116134644,1
backward stochastic differential equations,0.42119279503822327,1
bacteria,0.3598189651966095,1
bacteriochlorophyll,0.2273576557636261,1
bahuvriihi,0.2549498379230499,1
bakteerit,0.6171255111694336,1
bakteriofagit,0.2806784212589264,1
balance,0.405435174703598,1
balance sheets,0.3729233741760254,1
balanced scorecard,0.2555457055568695,1
baletti,0.13650096952915192,0
banal nationalism,0.2331778109073639,1
banking regulation,0.3361245393753052,1
banks (monetary institutions),0.5075939893722534,1
bark beetles,0.306253045797348,1
barriers,0.3294226825237274,1
barriers to action,0.29951590299606323,1
baryogenesis,0.4408129155635834,1
basal hormones,0.3141927123069763,1
basic education,0.20053015649318695,1
basic needs,0.23631620407104492,1
basketball,0.2959224581718445,1
basketball players,0.261907696723938,1
batch normalization,0.25379833579063416,1
batterer program,0.24672608077526093,1
bayesilainen menetelmä,0.19697023928165436,1
bearings,0.23989702761173248,1
beauty,0.3569531738758087,1
beauty care,0.22683434188365936,1
bebop,0.22690139710903168,1
becoming organised,0.13779650628566742,0
beetahajoaminen,0.32194653153419495,1
before and after study,0.22527962923049927,1
beginning teacher,0.1786918342113495,1
behavioraalinen,0.15875916182994843,1
behavioraalinen kontrolli,0.37234199047088623,1
behavioral finance,0.17344190180301666,1
behaviour regulation,0.16442157328128815,1
behavioural change,0.25694921612739563,1
behavioural environment,0.3190106749534607,1
behavioural inhibition and activation system,0.3526114821434021,1
behörighet,0.16853787004947662,1
belgialaisuus,0.21541191637516022,1
belgitude,0.24379393458366394,1
beliefs,0.2783936560153961,1
beliefs about SLA,0.22191749513149261,1
bench press,0.3185872733592987,1
bending,0.16587476432323456,1
bentoniitti,0.4105128347873688,1
beta waves,0.29738545417785645,1
beta-aallot,0.3657841980457306,1
betoning,0.21631702780723572,1
biathlon,0.2950038015842438,1
big air,0.15144671499729156,1
big bandit,0.36450374126434326,1
big data,0.36514127254486084,1
big data analytics,0.3334885239601135,1
bilateraalinen kauppa,0.35883641242980957,1
bilateral trade,0.37927311658859253,1
bilingual education,0.2457973062992096,1
bilingual schools,0.1692565232515335,1
bilingualism,0.4390893876552582,1
biljardi,0.32644325494766235,1
biljardiradat,0.26869043707847595,1
binäärinen etsintäalgoritmi,0.21259811520576477,1
biochar,0.24668163061141968,1
biodegradation,0.29631131887435913,1
biodiversiteetti,0.5923142433166504,1
biodiversity,0.38279372453689575,1
biodiversity loss,0.324700266122818,1
biodiversity offsets,0.22071780264377594,1
bioeconomy,0.2756459414958954,1
bioenergia,0.3830088675022125,1
bioenergy,0.40024834871292114,1
bioequivalance,0.21432337164878845,1
bioetiikka,0.16604793071746826,1
biofilmit,0.26618272066116333,1
biofuel market,0.3713426887989044,1
biofuels,0.20103639364242554,1
biogas,0.26426348090171814,1
biohajoaminen,0.2771918773651123,1
biohakkerointi,0.23152606189250946,1
biohiili,0.19718509912490845,1
bioindicator,0.2113787978887558,1
bioindikaattorit,0.32411590218544006,1
biojätteet,0.27024340629577637,1
biokaasu,0.5249115228652954,1
biologia,0.5661539435386658,1
biologian opettaminen,0.27951955795288086,1
biologian opetus,0.23518697917461395,1
biologian oppiminen,0.20611809194087982,1
biological age,0.19381247460842133,1
biologinen kehittyminen,0.21455331146717072,1
biologisen monimuotoisuuden väheneminen,0.26944398880004883,1
biologit,0.3116779625415802,1
biology,0.20195382833480835,1
biology teaching,0.1499769687652588,1
biomarker,0.2816513478755951,1
biomarkers,0.17638149857521057,1
biomarkkerit,0.2091204971075058,1
biomass (industry),0.24059206247329712,1
biomass downdraft gasification,0.30364444851875305,1
biomassa,0.47527652978897095,1
biomassa (teollisuus),0.224409818649292,1
biomechanics,0.15576207637786865,1
biomekaniikka,0.7114782929420471,1
biometaani,0.3883521556854248,1
biometria,0.41808000206947327,1
biometric authentication,0.33768171072006226,1
biometric identification,0.38216620683670044,1
biometry,0.24018573760986328,1
biomuovi,0.19009850919246674,1
biopharmaceutical,0.21995055675506592,1
biopharmaceutical classification,0.218910813331604,1
bioplastic,0.2117847204208374,1
biopolitiikka,0.5575838685035706,1
biopolttoaineet,0.3015581965446472,1
biopolymeerit,0.12620216608047485,0
biorelevant,0.20465204119682312,1
biorelevant media,0.20192952454090118,1
biosaatavuus,0.3258907198905945,1
biosensorit,0.28984278440475464,1
biosensors,0.2204456776380539,1
biosfääri,0.27340584993362427,1
biosphere,0.24840997159481049,1
biosuodatus,0.30956077575683594,1
biotalous,0.29689741134643555,1
biotunnistus,0.38006216287612915,1
biovalta,0.20203419029712677,1
biowaste,0.13930825889110565,0
birches,0.27579265832901,1
bitcoin,0.28929638862609863,1
biämnesavhandling,0.2299397885799408,1
blended,0.30505818128585815,1
blended learning,0.28984400629997253,1
blockchain,0.2062552273273468,1
blockchains,0.14743560552597046,1
bloggaajat,0.35383498668670654,1
bloggaaminen suhdetoiminnassa,0.14598438143730164,1
blogi,0.29668712615966797,1
blogin laatu,0.19153951108455658,1
blogin ominaisuudet,0.18591313064098358,1
blogin sisältö,0.1972920000553131,1
blogin suunittelu,0.16418614983558655,1
blogit,0.7090214490890503,1
blogosfääri,0.29870960116386414,1
blood lactate,0.30897295475006104,1
blood lipid profile,0.21738867461681366,1
blood lipids,0.3381570279598236,1
body,0.44450756907463074,1
body composition,0.46707504987716675,1
body fat percentage,0.3287993371486664,1
body fitness,0.17365404963493347,1
body image,0.17269916832447052,1
bogs,0.12740159034729004,0
boikotti,0.3599161207675934,1
bond market returns market integration,0.3041994273662567,1
bone,0.2224719226360321,1
bone metabolism marker,0.22080639004707336,1
bonukset,0.2446090131998062,1
boori,0.2116125226020813,1
boreaaliset suot,0.3716253340244293,1
boreal forests,0.1892208307981491,1
boron,0.14271852374076843,1
boron nitride,0.3248601257801056,1
borophene,0.2139815241098404,1
botnet,0.11599107086658478,0
botuliinihoito,0.2508498728275299,1
bound state,0.3837967813014984,1
boundaries,0.13188637793064117,0
boundary resource,0.29067263007164,1
boundary work,0.21043911576271057,1
boutique-festivaalit,0.28415292501449585,1
bowel cancer,0.2493496537208557,1
boycott,0.41289058327674866,1
brain,0.6882199645042419,1
brain research,0.39005929231643677,1
brand activism,0.1750398576259613,1
brand advocacy program,0.250033974647522,1
brand advocate,0.33492735028266907,1
brand alignment,0.2345661222934723,1
brand anthropomorphism,0.17902341485023499,1
brand building,0.25648877024650574,1
brand commitment,0.2876198887825012,1
brand community,0.328738272190094,1
brand engagement,0.2265394926071167,1
brand equity,0.1519566774368286,1
brand fit,0.25420212745666504,1
brand identity,0.24609529972076416,1
brand image,0.21761907637119293,1
brand partnership,0.3136606812477112,1
brand purchase intention,0.24950183928012848,1
brand strategy,0.19076119363307953,1
brand-image,0.2369767725467682,1
branded products,0.1262076050043106,0
branding,0.7121980786323547,1
brandit,0.24178266525268555,1
brandiyhteisö,0.29613664746284485,1
brands,0.711951494216919,1
breadcrumbing,0.25649210810661316,1
brexit,0.36926594376564026,1
bride trafficking,0.11380232870578766,0
brightness,0.38786420226097107,1
britit,0.09834393113851547,0
bromi,0.2363796830177307,1
bruttokansantuote,0.18045161664485931,1
brändi,0.18397052586078644,1
brändi-identiteetti,0.19570386409759521,1
brändiasenne,0.25861626863479614,1
brändimielikuva,0.2141427993774414,1
brändin identiteetti,0.27294445037841797,1
brändin imago,0.3972821533679962,1
brändin uudelleenkäyttöaie,0.2733341157436371,1
brändipääoma,0.24561704695224762,1
brändisitoutuminen,0.22376829385757446,1
brändit,0.7819437980651855,1
brändäys,0.753674328327179,1
buddhalaisuus,0.2694462835788727,1
budjetointi,0.3506006896495819,1
budjetti,0.13190574944019318,0
building construction,0.33847448229789734,1
bulgarialainen harjoitussysteemi,0.35579732060432434,1
bulimia,0.29649636149406433,1
buncher,0.20219047367572784,1
burleski (tyylit),0.3019979000091553,1
business,0.4077657163143158,1
business capability map,0.3994351625442505,1
business capability modeling,0.308878630399704,1
business ecosystem,0.1608860343694687,1
business environment,0.29650309681892395,1
business event industry,0.34738215804100037,1
business history,0.2672261595726013,1
business intelligence,0.5461717247962952,1
business life,0.1809293031692505,1
business model,0.27494001388549805,1
business model evolution,0.29757067561149597,1
business models,0.4135223627090454,1
business needs,0.3645765781402588,1
business seminars and trainings,0.2286013811826706,1
business to business,0.24455693364143372,1
business value,0.44769030809402466,1
business value impact,0.38388267159461975,1
business-to-business,0.3556826412677765,1
business-to-business commerce,0.2862309515476227,1
business-to-business marketing,0.49046510457992554,1
buying behaviour,0.261321485042572,1
buying reviews,0.3091903626918793,1
byrokraattinen organisaatio,0.22193726897239685,1
byrokratia,0.6340243220329285,1
c-reaktiivinen proteiini,0.1984838843345642,1
calcium imaging,0.24621716141700745,1
cancel culture,0.37517696619033813,1
cancer cells,0.29402273893356323,1
cancerous diseases,0.2211938351392746,1
capacity for violence,0.34963878989219666,1
capital market,0.23606692254543304,1
capsulitis,0.2145707607269287,1
car,0.20942595601081848,1
carbohydrate availability,0.1836216300725937,1
carbohydrate metabolism,0.33868393301963806,1
carbohydrates,0.32190147042274475,1
carbon biomass,0.24151377379894257,1
carbon capture and utilization,0.17461973428726196,1
carbon dioxide,0.1918993443250656,1
carbon footprint,0.39442408084869385,1
carbon footprint calculation,0.32255837321281433,1
carbon management,0.14381591975688934,1
carbon monoxide,0.1944972425699234,1
carbon nanotubes,0.1265123188495636,0
carbon neutrality,0.20228330790996552,1
carbon offsets,0.23827232420444489,1
carbon sequestration,0.20442643761634827,1
carbon sink,0.204531729221344,1
carbon storage,0.30356401205062866,1
cardiac cycle,0.3630790710449219,1
cardiometabolic risk,0.28854095935821533,1
cardiorespiratory adaptation,0.27236494421958923,1
cardiorespiratory fitness,0.2618288993835449,1
cardiovascular diseases,0.2922724187374115,1
cardiovascular fitness,0.31593555212020874,1
cardiovascular measures,0.31798043847084045,1
care,0.13158440589904785,0
career,0.3425962030887604,1
career adaptability,0.20642375946044922,1
career choice,0.3124259114265442,1
career development,0.24451301991939545,1
career paths,0.2843419313430786,1
career planning,0.15083301067352295,1
career writing,0.14549973607063293,1
career-biography,0.2805921733379364,1
careership-teoria,0.23755785822868347,1
carotenes,0.27334970235824585,1
carotid endarterectomy,0.3653995096683502,1
case study,0.4434455633163452,1
catalysis,0.15667979419231415,1
catalysts,0.24183577299118042,1
categorization,0.20067015290260315,1
causation,0.20559120178222656,1
cda,0.25191453099250793,1
cell biology,0.34249091148376465,1
cell culture,0.34827104210853577,1
cell culture researcher,0.22794842720031738,1
cell models,0.11860911548137665,0
cell sorting,0.31626173853874207,1
cells,0.37444961071014404,1
cellular respiration,0.33517953753471375,1
cellularization,0.21998433768749237,1
central banks,0.21877379715442657,1
centralized,0.20862330496311188,1
centre,0.2128891795873642,1
cerebral cortex,0.3175266981124878,1
cerebral palsied,0.2677329182624817,1
cerebral palsy,0.313308984041214,1
ceria,0.18633350729942322,1
ceriumoksidi,0.13133151829242706,0
chaining,0.20350025594234467,1
challenger brand,0.1336504966020584,0
challenges,0.2852863073348999,1
change,0.3387959599494934,1
change in organization,0.2553390562534332,1
change management (leadership),0.20787572860717773,1
chanson,0.26941150426864624,1
character education,0.25318968296051025,1
characteristics,0.2572704553604126,1
characterization,0.3350887596607208,1
charge state distribution,0.18123862147331238,1
chat rooms,0.13732509315013885,0
chatbot,0.2235286980867386,1
chatbots,0.4046802222728729,1
chattibotit,0.4481387138366699,1
chemical defences,0.27501344680786133,1
chemical toxicity,0.2265203595161438,1
chemistry,0.1475270539522171,1
chemostat culture,0.2342950403690338,1
chemotroph,0.4078562557697296,1
chick lit,0.281267374753952,1
child participant,0.4215705394744873,1
child protection,0.330202579498291,1
child welfare,0.17476028203964233,1
child wellbeing,0.25627243518829346,1
child-rearing,0.22765223681926727,1
children,0.3720705211162567,1
children (age groups),0.49529093503952026,1
children with special needs,0.15736296772956848,1
children's drawings,0.25865638256073,1
children's films,0.21192313730716705,1
chill coma recovery time,0.2319030910730362,1
choice,0.3907536268234253,1
choice of languages,0.30241331458091736,1
cholesterol,0.2401886284351349,1
chromatography,0.1585765779018402,1
chronic compartment syndrome,0.22010323405265808,1
circular economy,0.5673038363456726,1
circulating microRNAs,0.233369380235672,1
citizen engagement,0.2401183694601059,1
citizens,0.14924971759319305,1
citizenship,0.12329357862472534,0
civic activism,0.2120276540517807,1
civic entrepreneurship,0.1682879626750946,1
civic society,0.30832332372665405,1
civil society movements,0.2799862325191498,1
cladocera,0.19709955155849457,1
classical chromodynamics,0.29054126143455505,1
classification,0.368558406829834,1
classroom discourse,0.27950519323349,1
classroom language,0.24045215547084808,1
cleantech,0.19356195628643036,1
climate  change,0.2304299771785736,1
climate change,0.38264647126197815,1
climate changes,0.6973899602890015,1
climate communication,0.24217626452445984,1
climate communications,0.23825830221176147,1
climate compensation,0.23916186392307281,1
climate crisis,0.333157479763031,1
climate engineering,0.2999558746814728,1
climate knowledge,0.2642654776573181,1
climate movements,0.21998509764671326,1
climate policy,0.46014806628227234,1
climate warming,0.2186746746301651,1
climatic effects,0.2147274911403656,1
clinical gait analysis,0.27208012342453003,1
closed-circuit television,0.19178661704063416,1
clothing,0.2377215027809143,1
clothing industry,0.3934854567050934,1
clothing retailer,0.20522969961166382,1
cloud computing,0.2548988163471222,1
cloud infrastructure and platform,0.22460801899433136,1
cloud service,0.3486614525318146,1
cloud service pro-vider,0.26530957221984863,1
cloud services,0.10364142060279846,0
clover detectors,0.1294834464788437,0
clustering,0.21932661533355713,1
co-constructive perception,0.18516094982624054,1
co-creation,0.28114432096481323,1
co-teaching,0.42320516705513,1
coach,0.3079272508621216,1
coach-player relationship,0.28329581022262573,1
coaching,0.599234938621521,1
coaching climate,0.24654488265514374,1
coaching culture,0.29174935817718506,1
coalitions (organisations),0.2737639546394348,1
cochlear implant,0.314957857131958,1
codat,0.18918904662132263,1
cognition,0.43806782364845276,1
cognition.,0.2652243971824646,1
cognitive construction,0.3156461715698242,1
cognitive functions,0.2749782204627991,1
cognitive intervention,0.24401913583278656,1
cognitive linguistics,0.2649521827697754,1
cognitive processes,0.4203432500362396,1
cognitive processing,0.4018842279911041,1
cognitive profiles,0.2831752896308899,1
cognitive psychology,0.22424755990505219,1
coherence,0.4205261170864105,1
coherent states,0.1472354680299759,1
cohesion,0.271045058965683,1
cohesion (linguistics),0.2698464095592499,1
cold acclimation,0.2681291699409485,1
collaboration,0.42002686858177185,1
collaborative leadership,0.2958887815475464,1
collaborative learning,0.20364215970039368,1
collaborative working,0.19967322051525116,1
collection of funds,0.22985400259494781,1
collective action frames,0.09468580037355423,0
collective intelligence,0.1998581439256668,1
collective modes of leadership,0.14309655129909515,1
collinear laser spectroscopy,0.27600401639938354,1
colorectal carcinoma,0.23811165988445282,1
colors,0.28261369466781616,1
columnaris disease,0.3285192549228668,1
combined exercise,0.3252505958080292,1
combined training,0.22908498346805573,1
comedic devices,0.17195041477680206,1
commercialism,0.255676805973053,1
commissioning,0.20702078938484192,1
commitment,0.3296838104724884,1
committing oneself,0.4410165846347809,1
commodification,0.29298079013824463,1
communality,0.3197416365146637,1
communication,0.6387724280357361,1
communication deviance,0.2541492283344269,1
communication protocols,0.35868749022483826,1
communication technology,0.1804245263338089,1
communication theories,0.15950092673301697,1
communication traits,0.16879333555698395,1
communicative grammar teaching,0.14745819568634033,1
communicative language teaching,0.14124542474746704,1
communities (organisations),0.2918423116207123,1
community,0.23191088438034058,1
community acceptance,0.33327552676200867,1
community learning,0.20146191120147705,1
community music,0.14975962042808533,1
community of learners,0.20869293808937073,1
community participation,0.20350080728530884,1
comorbidity,0.23489874601364136,1
companies (business enterprises),0.15457062423229218,1
company engagement,0.2702011168003082,1
comparative analysis,0.17280548810958862,1
comparative content analysis,0.26813840866088867,1
comparative research,0.21101243793964386,1
comparative study,0.24398300051689148,1
compensated dyslexia,0.3458980917930603,1
competence,0.37876084446907043,1
competence assessment,0.279974102973938,1
competence development,0.39939871430397034,1
competencies,0.20217624306678772,1
competency,0.3121969997882843,1
competency requirements,0.49362510442733765,1
competing narratives,0.1795816570520401,1
competition (activity),0.32019805908203125,1
competition (biology),0.19088880717754364,1
competition success,0.24005810916423798,1
competitions,0.3709229528903961,1
competitive advantage,0.41454368829727173,1
competitive dynamics,0.317033588886261,1
competitive powerlifting,0.17416492104530334,1
competitive sports,0.3063236176967621,1
complex systems,0.2032427191734314,1
compliance,0.3819139003753662,1
compliance programmes,0.20940499007701874,1
complicity,0.33500659465789795,1
composing,0.22216753661632538,1
composites,0.1414775401353836,1
comprehension,0.1925109624862671,1
comprehensive school,0.3332281708717346,1
compulsory education curricula,0.29638442397117615,1
computational physics,0.3300665318965912,1
computational thinking,0.11419453471899033,0
computer ethics,0.3262549936771393,1
computer games,0.3821485936641693,1
computer networks,0.2719300091266632,1
computer programmes,0.303627073764801,1
computer science,0.23470105230808258,1
computer vision,0.4519036114215851,1
computer-assisted learning,0.11963848024606705,0
computer-assisted reading intervention,0.13835109770298004,0
computer-assisted teaching,0.22623789310455322,1
computer-mediated discourse analysis,0.23051591217517853,1
concentration (psychology),0.09319188445806503,0
concentric,0.2909424602985382,1
concept analysis,0.5056889653205872,1
concepts as method,0.224312424659729,1
conceptual framework,0.3434275984764099,1
conceptual history,0.25640273094177246,1
configural,0.20926736295223236,1
conflict,0.15867596864700317,1
conflict cycle,0.279667466878891,1
conflict handling strategies,0.23847684264183044,1
conflict management,0.3889636695384979,1
conflict resolution,0.11753009259700775,0
conflict sensitivity,0.22295735776424408,1
conflict territorialization,0.22021007537841797,1
conflict types,0.3407910168170929,1
congruence,0.23018671572208405,1
conservative right,0.10383143275976181,0
consonance,0.17552004754543304,1
constitution,0.4074510931968689,1
constraints,0.4033533036708832,1
construction,0.3783511221408844,1
construction industry,0.33881834149360657,1
construction of sports facilities,0.19976599514484406,1
construction waste,0.36466851830482483,1
constructionist,0.1502750962972641,1
constructive research,0.2811567187309265,1
constructivism,0.2276478409767151,1
constructivist grounded theory,0.24257035553455353,1
constructivist museum,0.1940663456916809,1
consumer attitude,0.3104381561279297,1
consumer behaviour,0.5526459217071533,1
consumer engagement,0.23125885426998138,1
consumer habits,0.2205008715391159,1
consumer information system (CIS),0.2861623466014862,1
consumer information systems (CIS),0.44169750809669495,1
consumer pro-environmental behavior,0.3033044934272766,1
consumer research,0.29200074076652527,1
consumer scepticism,0.24331694841384888,1
consumer-brand relationship,0.2970440685749054,1
consumers,0.5174505114555359,1
consumption,0.33552175760269165,1
consumption habits,0.3157867193222046,1
contacts,0.14039961993694305,1
content analysis,0.5214568972587585,1
content and language integrated learning,0.20734955370426178,1
content management,0.2670864462852478,1
context,0.438894122838974,1
context-based UI,0.2121574729681015,1
continued use,0.2088010311126709,1
continuous cover forestry,0.15984170138835907,1
continuous ratings,0.33112165331840515,1
continuous software development,0.3634895980358124,1
continuous software engineering,0.30578190088272095,1
contracts,0.33024415373802185,1
controlled trial,0.2532874047756195,1
controller,0.43730196356773376,1
controller-palvelu,0.3302083909511566,1
controller-toiminnon ulkoistaminen,0.2682272791862488,1
controllerit,0.24021220207214355,1
convenience goods,0.2699580788612366,1
convergence,0.21008478105068207,1
convolutional neural network,0.2889536917209625,1
convolutional neural networks,0.18074172735214233,1
cookie banners,0.3320050537586212,1
cookies (files),0.4768504500389099,1
cooperative learning,0.33999764919281006,1
coordination complexes,0.2621087431907654,1
copepoda,0.14348122477531433,1
coping,0.534164547920227,1
coping skills,0.3165424168109894,1
coping strategies,0.2843284606933594,1
coping strategy,0.22407299280166626,1
coping theory,0.3030952215194702,1
copy number variation,0.5243463516235352,1
copyleft,0.33169519901275635,1
copyright,0.15227502584457397,1
core category,0.3664085268974304,1
core competence,0.46550366282463074,1
core vocabulary,0.19994370639324188,1
core-competence,0.17275306582450867,1
core-komponentti,0.32674914598464966,1
corpora,0.22369690239429474,1
corporate acquisitions,0.20508795976638794,1
corporate activism,0.1462564915418625,1
corporate advocacy,0.22066369652748108,1
corporate brand,0.31462517380714417,1
corporate environmental responsibility,0.2467494010925293,1
corporate financial performance,0.3086807131767273,1
corporate governance,0.36613908410072327,1
corporate identity,0.2627951204776764,1
corporate image,0.34166818857192993,1
corporate language,0.1589990109205246,1
corporate leadership,0.22575654089450836,1
corporate management,0.1397695243358612,0
corporate reputation,0.24426081776618958,1
corporate responsibility,0.43918299674987793,1
corporate social responsibility,0.27587252855300903,1
corporate strategies,0.3665566146373749,1
corporate sustainability,0.47714316844940186,1
corporate visual identity,0.18718647956848145,1
corporate website,0.15018174052238464,1
corpus linguistics,0.2124645709991455,1
corpus research,0.19892731308937073,1
corrective feedback,0.2891485095024109,1
corridor thinning,0.20053040981292725,1
corruption,0.16350097954273224,1
cortical silent period,0.18967437744140625,1
corticokinematic coherence,0.24044308066368103,1
corticospinal excitability,0.1966942995786667,1
cortisol,0.17583554983139038,1
coscientous corporate branding,0.1972077190876007,1
cosmic inflation,0.21112093329429626,1
cosmology,0.4498981833457947,1
cosp,0.31711241602897644,1
cost effectiveness,0.3727380633354187,1
costs,0.29161718487739563,1
countermovement jump,0.3422669470310211,1
counterspace,0.3215225636959076,1
country-of-origin effect,0.322512686252594,1
countryside,0.2895398736000061,1
couple therapy,0.6457956433296204,1
couples therapy,0.26611706614494324,1
couples therapy outcome,0.30082613229751587,1
course book analysis,0.2089049071073532,1
cpo-geeni,0.17536163330078125,1
crayfish,0.2371603399515152,1
creation processes,0.16444003582000732,1
creative economy,0.20400141179561615,1
creative industries,0.3212697207927704,1
creative pedagogy,0.22873960435390472,1
creativity,0.4186258018016815,1
credibility,0.4883946478366852,1
credit losses,0.27012163400650024,1
credit ratings,0.28366804122924805,1
credit scoring,0.16263137757778168,1
crime victims,0.16969729959964752,1
crises,0.21879953145980835,1
crisis communication,0.32816624641418457,1
crisis management,0.2836696207523346,1
crisis preparedness,0.2510187327861786,1
crisis states,0.32978084683418274,1
criteria lists,0.25116151571273804,1
critical discourse analysis,0.3959764838218689,1
critical discourse studies,0.3086888790130615,1
critical multiculturalism,0.17935165762901306,1
critical multilingualism,0.13505661487579346,0
critical success factors,0.19929520785808563,1
critical youth work,0.27015283703804016,1
cross country skiing,0.21478477120399475,1
cross-border merger,0.3267207443714142,1
cross-cultural,0.23146340250968933,1
cross-cultural adaptation,0.2148398458957672,1
cross-modal priming-koeasetelma,0.39229321479797363,1
cross-sectional area,0.22717338800430298,1
cross-site request forgery,0.22110651433467865,1
cross-site scripting,0.3760983645915985,1
crossfit,0.16162541508674622,1
crosslinguistic influence,0.1339835524559021,0
crowd sale,0.2523900270462036,1
crowdfunding,0.38932347297668457,1
crowdsourcing,0.37085697054862976,1
cryptocurrency,0.34564700722694397,1
crystals,0.24826811254024506,1
cue abstraction,0.2514774203300476,1
cue weighting,0.2245648354291916,1
cultura animi,0.2371511459350586,1
cultural,0.27285367250442505,1
cultural adaptation,0.1768566220998764,1
cultural and structural factors in sport,0.2987149655818939,1
cultural awareness,0.19215889275074005,1
cultural beliefs,0.2805505394935608,1
cultural competence,0.17945751547813416,1
cultural differences,0.31366631388664246,1
cultural diversity,0.1921989619731903,1
cultural history,0.2097991406917572,1
cultural identity,0.36152270436286926,1
cultural intelligence,0.19047985970973969,1
cultural policy,0.2803134024143219,1
cultural sustainability,0.31286323070526123,1
culturally relevant education,0.19335529208183289,1
culturally relevant teaching,0.24343742430210114,1
culturally responsive pedagogy,0.19433413445949554,1
culture,0.7423233389854431,1
cultures,0.13623963296413422,0
curiosity-driven exploration bonus,0.3498186767101288,1
currency,0.21218082308769226,1
currency policy,0.19484569132328033,1
curricula,0.3829144537448883,1
curriculum,0.3513762652873993,1
customer data,0.26431694626808167,1
customer engagement,0.42276254296302795,1
customer experience,0.5324719548225403,1
customer information,0.3048945665359497,1
customer loyalty,0.44636666774749756,1
customer orientation,0.21106836199760437,1
customer perceived value,0.1839791089296341,1
customer relationship,0.32310763001441956,1
customer relationship management,0.4291325807571411,1
customer satisfaction,0.5392133593559265,1
customer value,0.3261519968509674,1
customers,0.6511610150337219,1
cyber attacks,0.5686812996864319,1
cyber crime,0.2632407248020172,1
cyber kill chain,0.33031854033470154,1
cyber security,0.6390851736068726,1
cyber threat intelligence,0.4502990245819092,1
cyberlove,0.4024149179458618,1
cyberpsychology,0.2648564279079437,1
cyberspace,0.23617731034755707,1
cyberwarfare,0.2856433391571045,1
cyp1a1,0.21803128719329834,1
d-separoituvuus,0.24921563267707825,1
d2-R,0.2411167472600937,1
dance,0.35267287492752075,1
dance/movement therapy,0.2766526937484741,1
dark matter,0.3434182107448578,1
dark taxa,0.1397518515586853,0
dart throwing,0.16890989243984222,1
data,0.7799578905105591,1
data acquisition,0.22442865371704102,1
data anomalies,0.31822219491004944,1
data break-in,0.2835066020488739,1
data management,0.252994567155838,1
data mining,0.267103374004364,1
data privacy,0.3147880434989929,1
data processing,0.3666834235191345,1
data product,0.2183903604745865,1
data protection,0.2052944451570511,1
data science,0.26929062604904175,1
data security,0.6546356081962585,1
data systems,0.30879080295562744,1
data transfer,0.3492782711982727,1
data transformation,0.22063881158828735,1
data warehouse,0.19687384366989136,1
data-analytiikka,0.40821322798728943,1
data-analyysi,0.26820358633995056,1
data-driven decision making,0.3543507754802704,1
data-driven marketing,0.418941468000412,1
dataohjautuvuus,0.2484082281589508,1
datatiede,0.3136312663555145,1
datatieteilijä,0.4161376357078552,1
dating (social relations),0.4012536108493805,1
dating apps,0.24797745048999786,1
ddPCR,0.07623659819364548,0
de-nazification,0.20533476769924164,1
deadlines,0.12188789993524551,0
debate,0.2007903903722763,1
decentralized,0.2807149291038513,1
decision making,0.5996823906898499,1
declarative learning,0.23334632813930511,1
declarative memory,0.2248765081167221,1
decolonial feminism,0.19998759031295776,1
decolonisation,0.23513846099376678,1
decommissioning,0.27752685546875,1
deconstruction,0.26335033774375916,1
decoupling,0.16162675619125366,1
deep learning,0.4692022502422333,1
default behavior,0.2956438958644867,1
defensemen,0.3645690381526947,1
degeneratiivinen spondylolisteesi,0.23611541092395782,1
degrowth,0.2634322941303253,1
degrowth-ajattelu,0.28970804810523987,1
deindustrialisaatio,0.3671465218067169,1
deittailu,0.3750278651714325,1
deklaratiivinen tieto,0.18737290799617767,1
dekolonisaatio,0.33623838424682617,1
dekonstruktio,0.3426859974861145,1
delfiinipotku,0.35834211111068726,1
deliberaatio,0.3725678622722626,1
deliberatiivinen demokratia,0.4172683656215668,1
demilitarisointi,0.2389126420021057,1
demiurgi,0.37330132722854614,1
democracy,0.3520107567310333,1
democratization,0.171891450881958,1
demokraattinen kansalaisuus,0.2738458216190338,1
demokratia,0.7049975395202637,1
demokratiakasvatus,0.36506056785583496,1
demokratiamallit,0.5164420008659363,1
demokratian historia,0.20289649069309235,1
demokratiateoriat,0.2865672707557678,1
density functional theory,0.13195361196994781,0
density-functional theory,0.3315982520580292,1
density-functional tight-binding,0.31772851943969727,1
dentate gyrus,0.20692859590053558,1
dependency,0.3401685953140259,1
depressio,0.3506143391132355,1
depression,0.33431005477905273,1
depression (mental disorders),0.25768157839775085,1
depression severity,0.3347479999065399,1
depressive mood,0.2678036689758301,1
depressive symptoms,0.4820384681224823,1
design science,0.4048197567462921,1
design science research,0.4995386600494385,1
desistanssi,0.2250385284423828,1
deskriptive statistiken,0.25124093890190125,1
destination marketing organisation,0.21086594462394714,1
detail,0.11339853703975677,0
detalji,0.16320863366127014,1
detction efficiency,0.1687992662191391,1
detectors,0.26035076379776,1
deterrence,0.2936784625053406,1
deutsch,0.3670823276042938,1
developing countries,0.20195616781711578,1
developing country policy,0.22828258574008942,1
development,0.4223119616508484,1
development (active),0.3426485061645508,1
development communication,0.3423025906085968,1
development cooperation,0.42401620745658875,1
development research,0.2814648747444153,1
developmental stages,0.16823998093605042,1
diabetes,0.6498438119888306,1
diabetes-spesifi elämänlaatu,0.3230816125869751,1
diagnoosi,0.3541446924209595,1
diagnosointi,0.31570348143577576,1
diagnostiikka,0.4357292056083679,1
diagnostinen tutkimus,0.3207007646560669,1
diakonia,0.287723183631897,1
dialektiikka,0.1367967128753662,0
dialogi,0.3946380913257599,1
dialogic pedagogy,0.1587902158498764,1
dialogicality,0.3335564434528351,1
dialogimuoto,0.22182315587997437,1
dialoginen analyysi,0.1495918482542038,1
dialoginen filosofia,0.23955616354942322,1
dialoginen minuus,0.11241117864847183,0
dialoginen opettaminen,0.2982627749443054,1
dialoginen organisaatiokehittäminen,0.14545366168022156,1
dialoginen osallistaminen,0.26790308952331543,1
dialoginen suhdetoiminta,0.1713949292898178,1
dialoginen vuorovaikutus,0.26390916109085083,1
dialogisen suhteen rakentaminen ongelmalliseen kokemukseen,0.2659047544002533,1
dialogism,0.23330818116664886,1
dialogisuus,0.750832200050354,1
dialogue,0.45398128032684326,1
dialyysihoito,0.3217400014400482,1
diapaussi,0.24817486107349396,1
diaspora,0.33001890778541565,1
diasporinen tila,0.26455697417259216,1
didaktiikka,0.37921980023384094,1
dielectrophoresis,0.21739579737186432,1
diet,0.4185015857219696,1
diet mixing,0.27639201283454895,1
differences between research units,0.349568635225296,1
differentiaaligeometria,0.13780073821544647,0
differentiaalimuodot,0.248003751039505,1
differentiaalimuotojen sovellukset,0.22001118957996368,1
differentiaaliyhtälöt,0.3299305737018585,1
differentiation,0.20725248754024506,1
differentiation (teaching methods),0.3422054648399353,1
differentiering,0.1660124659538269,1
diffraktiivinen luenta,0.3806263208389282,1
diffraktio,0.18519283831119537,1
diffusion of innovation,0.168656587600708,1
diffuusio,0.3877716362476349,1
digikehitysjohtajat,0.27311503887176514,1
digikyvykkyys,0.334692120552063,1
digimarkkinointi,0.28589755296707153,1
diginatiivi,0.31774067878723145,1
diginatiivit,0.5747700929641724,1
digiosallisuus,0.31089234352111816,1
digitaaliarkisto,0.21809354424476624,1
digitaalikuvaus,0.33095237612724304,1
digitaalinen etnografia,0.27833420038223267,1
digitaalinen henkilöstöjohtaminen,0.29751259088516235,1
digitaalinen innovaatio,0.3526499569416046,1
digitaalinen kulttuuri,0.31534209847450256,1
digitaalinen lisäsisältö,0.22223354876041412,1
digitaalinen lukutaito,0.17469090223312378,1
digitaalinen markkinointi,0.5665940642356873,1
digitaalinen media,0.37762778997421265,1
digitaalinen musiikki,0.27748721837997437,1
digitaalinen muutos,0.43536660075187683,1
digitaalinen ohjaus,0.29279619455337524,1
digitaalinen oppimateriaali,0.49204474687576294,1
digitaalinen oppimisympäristö,0.23007196187973022,1
digitaalinen osaaminen,0.24588869512081146,1
digitaalinen siirtymä,0.2971334457397461,1
digitaalinen sisältömarkkinointi,0.29910409450531006,1
digitaalinen taide,0.29572486877441406,1
digitaalinen terveydenhuolto,0.3385774791240692,1
digitaalinen transformaatio,0.2773258090019226,1
digitaalinen tuotekehitys,0.2986275851726532,1
digitaalinen turvallisuus,0.43285778164863586,1
digitaalinen vuorovaikutus,0.34320971369743347,1
digitaalinen väri,0.2727506458759308,1
digitaaliset oppimispelit,0.314846396446228,1
digitaaliset osaamismerkit,0.40596848726272583,1
digitaaliset pankkipalvelut,0.5000655651092529,1
digitaaliset pelit,0.6860935688018799,1
digitaaliset taidot,0.2110636830329895,1
digitaaliset tekstitaidot,0.21215420961380005,1
digitaalisten terveystietojen keskitetty hallinta,0.2613922357559204,1
digitaalisten työkalujen käyttöönotto,0.12713533639907837,0
digitaalisuus,0.15969716012477875,1
digitaalitekniikka,0.20771920680999756,1
digital Transformation,0.30246052145957947,1
digital art,0.23485392332077026,1
digital asset,0.19132192432880402,1
digital culture,0.18587873876094818,1
digital diaspora,0.20507508516311646,1
digital entrepreneurship,0.18467439711093903,1
digital exercises,0.1736304759979248,1
digital games,0.4334639310836792,1
digital interactivity,0.345091313123703,1
digital kompetens,0.3193833529949188,1
digital language learning,0.1793697327375412,1
digital literacy,0.26722395420074463,1
digital marketing,0.5739786028862,1
digital mathematics,0.2411782592535019,1
digital media,0.20024767518043518,1
digital music,0.23350481688976288,1
digital photography,0.19849051535129547,1
digital platform,0.20651978254318237,1
digital scaffold,0.2375507354736328,1
digital technology,0.1586286723613739,1
digital transformation,0.37444767355918884,1
digitala verktyg,0.34697312116622925,1
digitalisaatio,0.8589027523994446,1
digitalisaatio (e-learning),0.34922730922698975,1
digitalisaatioprosessi,0.23209258913993835,1
digitalisation,0.4325770139694214,1
digitalisering,0.13806627690792084,0
digitalisering (process),0.2757375240325928,1
digitalisoituminen,0.26407960057258606,1
digitalization,0.3893035352230072,1
digitointi,0.37315917015075684,1
diktoglossi,0.4106529653072357,1
diplomaattisuhteet,0.2596125304698944,1
diplomatia,0.44027644395828247,1
direct democracy,0.19579839706420898,1
direktiivisyys,0.3040163516998291,1
direktiivit,0.311530202627182,1
disability,0.20099124312400818,1
disabled,0.19979964196681976,1
disabled people,0.27757108211517334,1
disadvantages,0.16709542274475098,1
disc jockeyt,0.207407146692276,1
disclosure,0.5089733004570007,1
discontinued use,0.2398485690355301,1
discord,0.18579110503196716,1
discount sale,0.15410944819450378,1
discourse,0.6164577007293701,1
discourse analysis,0.7016945481300354,1
discourse research,0.41300541162490845,1
discourse-analysis,0.14497053623199463,1
discrete element methods,0.4031955301761627,1
discrete exterior calculus,0.48313215374946594,1
discrimination,0.16539035737514496,1
discrimination learning,0.17855021357536316,1
discussion forums,0.3025078773498535,1
discussion platform,0.2845132350921631,1
diskreetti matematiikka,0.14409632980823517,1
diskreettisyys,0.19522681832313538,1
diskursiivinen psykologia,0.3268667161464691,1
diskursiiviset legitimaatiostrategiat,0.30505967140197754,1
diskurssi,0.744385302066803,1
diskurssianalyysi,0.8923863172531128,1
diskurssintutkimus,0.5916464328765869,1
diskurssiprosodia,0.3386312425136566,1
diskurssisemantiikka,0.25758349895477295,1
diskurssit,0.20661547780036926,1
disorder,0.3283199667930603,1
dispersion (mathematics and statistics),0.24145816266536713,1
displacement effects,0.3021997809410095,1
disposal,0.19821278750896454,1
dispositio,0.17083679139614105,1
dispositionalismi,0.14294642210006714,1
disruptive behaviour,0.3549432158470154,1
dissolution,0.26667484641075134,1
dissolution-permeation,0.2040436863899231,1
dissolved organic carbon,0.27687597274780273,1
dissonanssi,0.1756681650876999,1
distance learning,0.134545236825943,0
distance studies,0.19393612444400787,1
distance teaching,0.2003742903470993,1
distributed cognition,0.4435763955116272,1
distributed collaboration,0.16479851305484772,1
distributed innovation,0.23481173813343048,1
distributed ledger technology,0.1972213238477707,1
distributiivinen Jacobi,0.151647686958313,1
distribution,0.19475428760051727,1
distribution of delivery,0.22877614200115204,1
distributive,0.17645327746868134,1
diversiteetti,0.1916675716638565,1
diversity management practices,0.2539995610713959,1
divided attention,0.16186392307281494,1
dokumentaarisuus,0.23807059228420258,1
dokumentaatio,0.2733154296875,1
dokumentarismi,0.19750292599201202,1
dokumentointi,0.6122788786888123,1
dokumentti,0.3044876158237457,1
dokumenttielokuvat,0.19051995873451233,1
dokumenttiohjelmat,0.39406195282936096,1
domestic aviation,0.41300690174102783,1
domestic resource mobilization,0.1755441427230835,1
domestic violence,0.32153788208961487,1
dominoiva jalka,0.4061136543750763,1
dopamiini,0.440364271402359,1
dopamine,0.38078629970550537,1
dopamine receptors,0.31876155734062195,1
doping,0.3447248637676239,1
dormanssi,0.22581546008586884,1
dorsolateral prefrontal cortex (dlPFC),0.30506157875061035,1
dosimeters,0.16860568523406982,1
dosimetrit,0.2094103842973709,1
doublet,0.22349101305007935,1
downlink,0.38670653104782104,1
draama,0.34367674589157104,1
draamakasvatus,0.5150068402290344,1
draamakomedia,0.249762162566185,1
draamamenetelmät,0.2816678285598755,1
draamapedagogiikka,0.435372531414032,1
draamatyötavat,0.23159781098365784,1
drama,0.24779430031776428,1
drama education,0.2582749128341675,1
drama in education,0.2146889865398407,1
drama pedagogy,0.34894055128097534,1
dramaturgia,0.35543882846832275,1
dream coach,0.18876862525939941,1
drinking culture,0.2682667374610901,1
drinking motives,0.23617488145828247,1
drinking water,0.2154700607061386,1
drone,0.2761157751083374,1
drop out,0.4356301724910736,1
dropout,0.2755885124206543,1
dropping out,0.25846195220947266,1
drug development,0.2478441298007965,1
dry fire,0.30106765031814575,1
dual career,0.3542954623699188,1
dualismi,0.39180105924606323,1
dubbing,0.22504977881908417,1
duration,0.2695753276348114,1
dyadi,0.2470567375421524,1
dynaaminen istuminen,0.2159101814031601,1
dynaaminen populaatiomalli,0.26377278566360474,1
dynaaminen tasapaino,0.5463329553604126,1
dynaaminen tunnistus,0.3347601890563965,1
dynaamisen systeemin teoria,0.2890132665634155,1
dynaamiset kyvykkyydet,0.4456961750984192,1
dynaamisuus,0.270587682723999,1
dynamic analysis,0.15147997438907623,1
dynamic attending theory,0.11292485892772675,0
dynamic capabilities,0.3676592707633972,1
dynamic measurement,0.3038075566291809,1
dynamiikka,0.3347322344779968,1
dysfunctional family,0.3185708522796631,1
dyskalkulia,0.28153422474861145,1
dysleksia,0.6621918082237244,1
dyslexia,0.3531489372253418,1
dyslipidemia,0.2356826663017273,1
dyspnea,0.23853348195552826,1
dystrophic,0.2386837750673294,1
e-Oppi,0.2232929766178131,1
e-commerce,0.17510344088077545,1
e-grocery,0.3015802204608917,1
e-kauppa,0.409260094165802,1
e-kirja,0.15770088136196136,1
e-kirjat,0.31652435660362244,1
e-learning environment,0.2613643705844879,1
e-learning material,0.24168767035007477,1
e-mail,0.224086731672287,1
e-oppikirja,0.3940930664539337,1
e-text book,0.277195543050766,1
eDNA,0.19283945858478546,1
eLoyalty,0.24697725474834442,1
ePortfolio,0.23938946425914764,1
eWOM,0.3767409026622772,1
early childhood education,0.20511870086193085,1
early childhood education and care,0.34543395042419434,1
early childhood education and care teachers,0.23934590816497803,1
early foreign language learning,0.35048601031303406,1
early foreign language teaching,0.18776728212833405,1
early-life stage toxicity,0.3040432929992676,1
eating,0.09896841645240784,0
eating disorders,0.3954884111881256,1
eccentric,0.3880417048931122,1
echovirukset,0.2960754632949829,1
echovirus 1,0.2107832133769989,1
ecological community,0.23966898024082184,1
ecologically valid,0.3302440643310547,1
econometrics,0.23920932412147522,1
economic and trade cooperation,0.28495973348617554,1
economic development,0.22147583961486816,1
economic effects,0.32811209559440613,1
economic growth,0.19308792054653168,1
economic immigrant,0.18372656404972076,1
economic policy uncertainty,0.3328074812889099,1
economical development,0.15373530983924866,1
economy,0.3350045680999756,1
ecosystem orchestration,0.30304065346717834,1
ecosystem services,0.2737618088722229,1
ecosystems,0.423300176858902,1
ecotourism,0.223139688372612,1
ecotoxicology,0.21158911287784576,1
edge computing,0.19012810289859772,1
edge effects,0.2686143219470978,1
edistys,0.23098570108413696,1
edistäminen,0.6035311222076416,1
edistämistekijät,0.19541797041893005,1
editointi,0.29458725452423096,1
editori,0.3519335389137268,1
education,0.17936252057552338,1
education and training,0.542435348033905,1
education export,0.3784768283367157,1
education in emergencies,0.27942776679992676,1
education policy,0.1895180642604828,1
education reform,0.18449419736862183,1
educational change,0.25089624524116516,1
educational games,0.19411657750606537,1
educational institutions,0.10998976975679398,0
educational leadership,0.29355230927467346,1
educational leadership conceptions,0.15854477882385254,1
educational media,0.2650658190250397,1
educational methods,0.4065580368041992,1
educational priority,0.2566469609737396,1
educational quality,0.22957731783390045,1
educational systems,0.3115703761577606,1
educational technology,0.30129796266555786,1
educational use,0.22653663158416748,1
educators’ opinions,0.14786718785762787,1
edunvalvonta,0.506414532661438,1
eduskunta,0.464680939912796,1
eduskuntakeskustelu,0.23688457906246185,1
edustus,0.2131839543581009,1
edustusväitteet,0.17878493666648865,1
eetos,0.3114645779132843,1
eetospolitiikka,0.18813173472881317,1
eettinen dilemma,0.22808334231376648,1
eettinen kohtaaminen,0.29732269048690796,1
eettinen kulutus,0.43587183952331543,1
eettinen kuormittuneisuus,0.3850851058959961,1
eettinen organisaatiokulttuuri,0.37669557332992554,1
eettinen päätöksenteko,0.19196617603302002,1
eettinen sijoittaminen,0.25152328610420227,1
eettinen toimijuus,0.21791096031665802,1
eettiset dilemmat,0.3652856945991516,1
eettiset ristiriitatilanteet,0.15664039552211761,1
eettisyys,0.530661940574646,1
efektiivinen kenttäteoria,0.3469228446483612,1
efektiivinen verkosto,0.3627176582813263,1
effective population size,0.23422491550445557,1
effective schools,0.16256608068943024,1
effectiveness,0.49921149015426636,1
effectuation,0.28473159670829773,1
efficacy,0.13838087022304535,0
efficiency,0.3728961646556854,1
effort,0.30018845200538635,1
ego-depletion,0.15474222600460052,1
egoism,0.3618392050266266,1
egoismi,0.2162601202726364,1
ehdollistaminen,0.3108329772949219,1
ehdollistuminen,0.28648892045021057,1
eheyttäminen,0.4923017919063568,1
ei-inhimillinen,0.2918056845664978,1
ei-käyttö,0.25606176257133484,1
ei-manuaalisuus,0.2980862259864807,1
ei-taloudellinen informaatio,0.26509889960289,1
ei-toivottu käyttäytyminen,0.14991395175457,1
ei-toivotun käyttäytymisen ennaltaehkäisy,0.22461725771427155,1
eikonaalimalli,0.24269329011440277,1
ekofeminismi,0.34700772166252136,1
ekokatastrofit,0.21559539437294006,1
ekokriisi,0.3078143000602722,1
ekokritiikki,0.4778183698654175,1
ekokulttuurinen teoria,0.2897118330001831,1
ekologinen asuminen,0.2710177004337311,1
ekologinen kestävyys,0.34503886103630066,1
ekologinen kommunikaatio,0.30935490131378174,1
ekologinen kompensaatio,0.32405173778533936,1
ekologinen modernisaatio,0.32040688395500183,1
ekologinen suunnittelu,0.36688366532325745,1
ekologinen systeemiteoria,0.33084115386009216,1
ekologiset vaikutukset,0.16071480512619019,1
ekologiset yhteydet,0.2263120412826538,1
ekologiset ympäristöt,0.3103930354118347,1
ekologisten systeemien teoria,0.3233097195625305,1
ekologisuus,0.28256240487098694,1
ekomatkailu,0.17642945051193237,1
ekonometria,0.31340864300727844,1
ekonomit,0.24976129829883575,1
ekososiaalinen kestävyys,0.1978255808353424,1
ekososiaalinen sivistys,0.3204894959926605,1
ekososiaalinen sosiaalityö,0.2855193316936493,1
ekososiaalinen transitio,0.351762056350708,1
ekosysteemien kytkeytyneisyys,0.2747438848018646,1
ekosysteemin arkkitehtuurin kehittäminen,0.30936846137046814,1
ekosysteemipalvelut,0.42191073298454285,1
ekosysteemit,0.5867648720741272,1
ekotoksikologia,0.19003276526927948,1
eksentrinen,0.22663521766662598,1
eksistentialismi,0.1650456041097641,1
ekskluusio,0.2506367266178131,1
ekspatriaatit,0.4023562967777252,1
ekspertti,0.2631080746650696,1
eksplisiittinen tieto,0.2714759409427643,1
eksploratiivinen keskustelu,0.28676438331604004,1
ekspressio,0.16543938219547272,1
ekstruusio,0.5100108981132507,1
ekvivalenssi,0.44938692450523376,1
elastografia,0.34048527479171753,1
elämys,0.1897665411233902,1
elämyskeskeisyys,0.22708426415920258,1
elderly,0.16342633962631226,1
elderly people,0.37576717138290405,1
elections,0.2133651077747345,1
electric conductivity,0.13009652495384216,0
electric properties,0.14206279814243317,1
electricity infrastructure,0.202658012509346,1
electrochemistry,0.20527365803718567,1
electrodermal activity,0.5519156455993652,1
electrodes,0.23156830668449402,1
electromyography,0.2536080479621887,1
electron-beam lithography,0.41470348834991455,1
electronic commerce,0.2737154960632324,1
electronic dance music,0.18916380405426025,1
electronic grocery shopping,0.3223952651023865,1
electronic structure analysis,0.21962644159793854,1
electroweak phase transition,0.352045476436615,1
eleet,0.47449347376823425,1
eleidenlukukyky,0.30183640122413635,1
eleisyys,0.41040992736816406,1
elejatkumo,0.5129867196083069,1
elektrencefolografia,0.13562828302383423,0
elektroakustinen musiikki,0.4559136629104614,1
elektrodit,0.20972426235675812,1
elektroluminenssinäytöt,0.32585516571998596,1
elektrolyysi,0.22215880453586578,1
elektromyografia,0.7414600253105164,1
elektroninen liiketoiminta,0.4081825911998749,1
elektroninen musiikki,0.2584172189235687,1
elektroninen tanssimusiikki,0.15529583394527435,1
elektroninen urheilu,0.27734899520874023,1
elemental,0.3246115446090698,1
elementary music,0.2136928290128708,1
elements of physical education,0.20616191625595093,1
eletty paikka,0.14301536977291107,1
elinaika,0.1687576025724411,1
elinaika-analyysi,0.24304881691932678,1
elinajanodote,0.533911943435669,1
elinikä,0.47995662689208984,1
elinikäinen oppiminen,0.5115336179733276,1
elinkaari,0.10100647807121277,0
elinkeinoelämä,0.29225409030914307,1
elinkeinoelämän keskusarkistot,0.28429457545280457,1
elinkeinopolitiikka,0.26474881172180176,1
elinkeinot,0.4814718961715698,1
elinpiiri,0.2359645515680313,1
elinpiiripistemäärä,0.25273001194000244,1
elinpiirit,0.2839749753475189,1
elintapainterventio,0.38867703080177307,1
elintapamuutos,0.23546451330184937,1
elintapaohjaus,0.22935543954372406,1
elintarvikeapu,0.319858193397522,1
elintarvikehuolto,0.2737520933151245,1
elintarvikehuoltovarmuus,0.2731127440929413,1
elintarvikekauppa,0.3717111647129059,1
elintarvikeketjut,0.49387842416763306,1
elintarvikekulutus,0.25768786668777466,1
elintarvikelaki,0.2029612958431244,1
elintarvikeliikkeet,0.39915966987609863,1
elintarvikepakkaus,0.1370723694562912,0
elintarviketeollisuus,0.39247554540634155,1
elintarvikkeet,0.6138752102851868,1
elintarvikkeiden 3D tulostaminen,0.2642015814781189,1
elintavat,0.6316586136817932,1
elinympäristö,0.44458892941474915,1
elinympäristöluokat,0.24947604537010193,1
elinympäristöt,0.27998989820480347,1
elisitointihaastattelu,0.16321082413196564,1
elite sport,0.2098200023174286,1
elite-level sport,0.23755675554275513,1
ellipsibiljardi,0.28633978962898254,1
elocutio,0.14670008420944214,1
elohopea,0.39791378378868103,1
elokuutio,0.19834773242473602,1
elokuva,0.41751325130462646,1
elokuva (taiteet),0.21707768738269806,1
elokuvahistoria,0.165803000330925,1
elokuvakulttuuri,0.256742924451828,1
elokuvallisuus,0.2657923698425293,1
elokuvamusiikki,0.3808777332305908,1
elokuvaohjaajat,0.20493964850902557,1
elokuvat,0.45489630103111267,1
elokuvat (teokset),0.1871652454137802,1
elokuvateollisuus,0.22344714403152466,1
elokuvatutkimus,0.3233737349510193,1
elokuvaus,0.1600792407989502,1
eläimet,0.6356777548789978,1
eläinaktivismi,0.2984751760959625,1
eläinavusteinen terapia,0.4451799690723419,1
eläinavusteinen toiminta,0.29602107405662537,1
eläinavusteinen työskentely,0.27957430481910706,1
eläinkannat,0.23506172001361847,1
eläinsosiologia,0.2824098765850067,1
eläinsuhde,0.15520429611206055,1
eläinsuojelu,0.24053537845611572,1
eläinsuojeluyhdistykset,0.19078044593334198,1
eläinten hyvinvointi,0.1274842917919159,0
eläinten käyttäytyminen,0.34321343898773193,1
eläinten oikeudet,0.21666894853115082,1
eläintenoikeusliikkeet,0.24256062507629395,1
eläkeala,0.21796150505542755,1
eläkeikä,0.35969462990760803,1
eläkejärjestelmät,0.32205265760421753,1
eläkelaitokset,0.2612777352333069,1
eläkeläiset,0.36760589480400085,1
eläkepolitiikka,0.2343539595603943,1
eläkkeelle siirtyminen,0.46472129225730896,1
eläkkeet,0.2579611539840698,1
eläköityminen,0.2684834599494934,1
elämismaailma,0.4199128746986389,1
elämyksellinen oppiminen,0.2667609751224518,1
elämyksellisyys,0.40631353855133057,1
elämys,0.5051044225692749,1
elämysmatkailu,0.23929792642593384,1
elämyspalvelut,0.22460004687309265,1
elämyspedagogiikka,0.18780680000782013,1
elämyspohjainen oppiminen,0.16901788115501404,1
elämystalous,0.22659912705421448,1
elämysteollisuus,0.22733576595783234,1
elämä,0.20720204710960388,1
elämäkerrallinen kirjoittaminen,0.29670703411102295,1
elämäkerrat,0.37949901819229126,1
elämäkertatutkimus,0.3342643678188324,1
elämänhallinta,0.5367110371589661,1
elämänkaari,0.4782736599445343,1
elämänkertatutkimus,0.16418609023094177,1
elämänkertomus,0.18863987922668457,1
elämänkokemus,0.20197747647762299,1
elämänkulku,0.47337061166763306,1
elämänkulun siirtymät,0.3025027811527252,1
elämänlaatu,0.729031503200531,1
elämäntaito,0.4252447187900543,1
elämäntapa,0.6475083827972412,1
elämäntapamuu- tos,0.11794628947973251,0
elämäntapamuutos,0.5910226702690125,1
elämäntarinahaastattelu,0.2944756746292114,1
elämäntarinat,0.2072916030883789,1
elämäntyyli,0.18343119323253632,1
elämäntyyliyrittäjyys,0.15737737715244293,1
elämäntyytyväisyys,0.46560677886009216,1
elämänvaihe,0.28432685136795044,1
elämänvalinta,0.2665541172027588,1
elävä historia,0.31068068742752075,1
eläytyminen,0.24645955860614777,1
eläytymismenetelmä,0.47295698523521423,1
email security,0.28696557879447937,1
emansipaatio,0.3255557715892792,1
embeddedness,0.26781904697418213,1
embodied cognition,0.35348787903785706,1
embodied synchrony,0.2687452435493469,1
embodiment,0.27505385875701904,1
embryogenesis,0.2273341715335846,1
emissio,0.27074819803237915,1
emissio (fysiikka),0.3753274381160736,1
emission trade,0.24224676191806793,1
emissions,0.18448585271835327,1
emotion,0.3705079257488251,1
emotionaalinen,0.1322641223669052,0
emotionaalinen hyvinvointi,0.20125319063663483,1
emotionaalinen järki,0.45254793763160706,1
emotionaalinen kouluun kiinnittyminen,0.37760043144226074,1
emotionaalinen tuki,0.34411385655403137,1
emotionaalinen turvallisuus,0.2667509615421295,1
emotionaalinen virittyminen,0.3489314019680023,1
emotional and behavioural disorders,0.3001498281955719,1
emotional development,0.24894709885120392,1
emotional intelligence,0.2935605049133301,1
emotional life,0.21612535417079926,1
emotional socialization,0.27734795212745667,1
emotional speech,0.21447595953941345,1
emotions,0.6469573378562927,1
empathy,0.16229881346225739,1
empatia,0.48430246114730835,1
empiirinen tutkimus,0.7104279398918152,1
employee commitment,0.3225763738155365,1
employee engagement,0.2927250266075134,1
employee involvement,0.20253153145313263,1
employee satisfaction,0.20981083810329437,1
employee sustainability attitudes,0.2808808982372284,1
employee sustainability engagement,0.2682243883609772,1
employees,0.448457807302475,1
employer attractiveness,0.19826720654964447,1
employer branding,0.25104641914367676,1
employers,0.1938268393278122,1
employment,0.27091991901397705,1
employment agencies,0.2757848799228668,1
empowerment,0.5405687093734741,1
emulaattorit,0.2345912605524063,1
emulation,0.27873852849006653,1
emulointi,0.21432209014892578,1
emännät,0.18322308361530304,1
enclosure experiment,0.33010464906692505,1
end users,0.24496124684810638,1
endocytosis,0.1519874781370163,1
endocytosis inhibitor,0.2741161286830902,1
endogeeninen kasvuteoria,0.2027108520269394,1
endorsers,0.354949027299881,1
endosome,0.15983930230140686,1
endosphere,0.31322306394577026,1
endosytoosi,0.43228352069854736,1
endoteeli,0.43363866209983826,1
endothelial cells,0.3661311864852905,1
endurance athletes,0.2492312639951706,1
endurance training,0.4134638011455536,1
energia,0.30691879987716675,1
energia-aineenvaihdunta,0.23859742283821106,1
energiajuomat,0.3534035384654999,1
energialähteet,0.43803560733795166,1
energian saatavuus,0.2526034116744995,1
energianhallinta,0.12159376591444016,0
energiankeruu,0.4112231135368347,1
energiankulutus,0.6351755261421204,1
energiankulutus (aineenvaihdunta),0.1947447657585144,1
energiansaanti,0.27264657616615295,1
energiansaatavuus,0.28049778938293457,1
energiansäästö,0.18965375423431396,1
energiantuotanto,0.45367321372032166,1
energiapolitiikka,0.2931649088859558,1
energiapuu,0.38665738701820374,1
energiaravintoaineet,0.26855385303497314,1
energiatehokkuus,0.5568138360977173,1
energiateknologia,0.18323886394500732,1
energiateknologiat,0.16194695234298706,1
energiavero,0.38244950771331787,1
energiayhtiö,0.3617036044597626,1
energiayhtiöt,0.3840659558773041,1
energy allocation,0.42862775921821594,1
energy calibration,0.19437336921691895,1
energy conservation,0.1878388226032257,1
energy efficiency,0.2641294300556183,1
energy intake,0.192752406001091,1
energy payback time,0.2482450157403946,1
energy performance,0.20438596606254578,1
energy policy,0.24332697689533234,1
energy tax,0.3213003873825073,1
engagement,0.4912804663181305,1
engelska,0.21891959011554718,1
englannin kielen luetun ymmärtäminen,0.22130928933620453,1
englannin kieli,0.917666494846344,1
englanninkielinen kirjallisuus,0.19781360030174255,1
englannnin kieli,0.18666689097881317,1
englantilainen jalkapallo,0.16536250710487366,1
englantilainen koulukunta,0.3207953870296478,1
englantilaisuus,0.3000900149345398,1
englisch,0.21685484051704407,1
enhancer,0.42126116156578064,1
enimmäisluototussuhde,0.3039705753326416,1
enjoyment,0.20697741210460663,1
enkelisijoittajan päätöksenteko,0.25675398111343384,1
enkätundersökning,0.25151512026786804,1
enlargement,0.15414400398731232,1
ennakoimattomat riskit,0.3274571895599365,1
ennakointi,0.35497990250587463,1
ennakoitu ura,0.2379130870103836,1
ennakoiva analytiikka,0.18752042949199677,1
ennakoiva tutkimus,0.32998988032341003,1
ennallistaminen,0.3243020176887512,1
ennaltaehkäisy,0.17192070186138153,1
ennaltaehkäiseminen,0.20731845498085022,1
ennaltaehkäisy,0.6642149090766907,1
ennaltagenerointi,0.24277229607105255,1
ennen-jälkeen -tutkimus,0.22773145139217377,1
ennustavat tekijät,0.4377758204936981,1
ennusteet,0.4510984718799591,1
ennustettavuus,0.293836772441864,1
enregisterment,0.17463050782680511,1
ensiapu,0.30256786942481995,1
ensikieli,0.1506262868642807,1
ensikodit,0.31011855602264404,1
ensikoti,0.24667176604270935,1
ensimmäinen kouluvuosi,0.24310524761676788,1
ensimmäinen luokka,0.16366851329803467,1
ensimmäinen maailmansota,0.1929236352443695,1
ensimmäisen luokan oppilaat,0.32224318385124207,1
enteroendocrine cells,0.3820919096469879,1
enterovirukset,0.3327856957912445,1
enteroviruses,0.30966776609420776,1
enterprise architecture,0.41906312108039856,1
enterprise resource planning systems,0.3380029797554016,1
enterprise systems,0.3882090151309967,1
enterprises,0.6593499183654785,1
entiset urheilijat,0.3103612959384918,1
entistäminen,0.3570851981639862,1
entiteetti,0.25470876693725586,1
entrainment,0.1369568407535553,0
entrepreneurial behaviour,0.19823057949543,1
entrepreneurial decision-making,0.25430434942245483,1
entrepreneurial opportunity,0.19717971980571747,1
entrepreneurs,0.352527916431427,1
entrepreneurship,0.39482393860816956,1
entropia,0.2817760705947876,1
entsymaattinen pelkistys,0.43619003891944885,1
entsyymit,0.3891338109970093,1
environment,0.17404301464557648,1
environment-social-governance norms,0.19872203469276428,1
environmental,0.2325512170791626,1
environmental advertisements,0.26250046491622925,1
environmental attitudes,0.27882635593414307,1
environmental changes,0.19040195643901825,1
environmental citizenship,0.1825890988111496,1
environmental education,0.44010892510414124,1
environmental effects,0.34605690836906433,1
environmental ethics,0.23711441457271576,1
environmental history,0.2048952430486679,1
environmental issue,0.1646425426006317,1
environmental issues,0.2078542411327362,1
environmental leadership,0.5447449684143066,1
environmental management,0.45622187852859497,1
environmental management strategy,0.2242102175951004,1
environmental movements,0.17570599913597107,1
environmental policy,0.49352869391441345,1
environmental protection,0.16405518352985382,1
environmental reporting,0.20487330853939056,1
environmental responsibility,0.44769996404647827,1
environmental responsibility report,0.34225454926490784,1
environmental strategy,0.32208019495010376,1
environmental taxation,0.3848835527896881,1
environmental toxins,0.2562844753265381,1
epidemiat,0.2943005859851837,1
epidemiologia,0.33136504888534546,1
epigenetics,0.49756237864494324,1
epigenetiikka,0.4935547709465027,1
episteeminen modaliteetti,0.24889987707138062,1
epistemologia,0.30338814854621887,1
epiteksti,0.17615143954753876,1
epäasiallinen kohtelu,0.2801547944545746,1
epäjohtaminen,0.17890183627605438,1
epälineaariset optiset materiaalit,0.18856726586818695,1
epäluotettavuus,0.34940388798713684,1
epäluottamus,0.2612483501434326,1
epänormaali tuotto,0.3266873061656952,1
epänormaalit tuotot,0.20204578340053558,1
epäonnistuminen,0.4344114363193512,1
epäonnistumistilanteet,0.1838880479335785,1
epäonnistunut terapiaprosessi,0.2360498458147049,1
epäorgaaninen kemia,0.2315039336681366,1
epäpuhtaudet,0.2258576601743698,1
epäröinti,0.322020947933197,1
epäsuora aggressio,0.2575293183326721,1
epäsuora konfliktivuorovaikutus,0.17184095084667206,1
epäsuora submaksimaalinen kuntotesti,0.33438292145729065,1
epäsymmetrinen häiriö,0.14546728134155273,1
epäsymmetrinen tieto,0.30017003417015076,1
epätyypillinen työ,0.43453454971313477,1
epätyypillinen työaika,0.47098085284233093,1
epätäydellinen informaatio,0.15015585720539093,1
epävarmuus,0.5250666737556458,1
epävirallinen talous,0.25711092352867126,1
epävirallinen tieto,0.261536180973053,1
equal temperament,0.30302873253822327,1
equality (values),0.36832767724990845,1
equality in sport,0.34133949875831604,1
equivalence,0.316311776638031,1
erfahrungbedingtes Lernen,0.2677689492702484,1
ergonomia,0.7195499539375305,1
eri-ikäisrakenteinen kasvatus,0.3013458251953125,1
eriarvoisuus,0.5077336430549622,1
erikoiskielet,0.20383526384830475,1
erikoislahjakkuus,0.2094021886587143,1
erikoissairaanhoito,0.3475576341152191,1
erikoistuminen,0.5670709609985352,1
erilaisuus,0.201862171292305,1
erillisryhmä,0.23970456421375275,1
erillisryhmäopetus,0.4118894338607788,1
erimielisyyden aiheet,0.3101353645324707,1
erimielisyydet,0.3594719171524048,1
erimielisyys,0.37645775079727173,1
erisnimet,0.26592329144477844,1
erityinen tuki,0.4871589243412018,1
erityisammattikoululaiset,0.30360811948776245,1
erityisen tuen tarpeessa oleva henkilö.,0.27256712317466736,1
erityisen tuen tarve,0.3050968647003174,1
erityiskasvatus,0.4945523142814636,1
erityislapset,0.5321298837661743,1
erityislastentarhanopettaja,0.18128424882888794,1
erityislastentarhanopettajat,0.49750879406929016,1
erityisluokanopettaja,0.3747240900993347,1
erityisluokat,0.45403897762298584,1
erityisnuoret,0.3315819799900055,1
erityisnuorisotyö,0.27330702543258667,1
erityisopettajakoulutus,0.2687397003173828,1
erityisopettajat,0.8288793563842773,1
erityisopetus,0.8107706904411316,1
erityisoppilaat,0.5433188080787659,1
erityisoppilas,0.20658574998378754,1
erityispedagogiikka,0.4232870936393738,1
erityispiirteet,0.2853463292121887,1
erityisryhmät,0.1693459451198578,1
erityistä tukea saava lapsi,0.27380266785621643,1
erityistä tukea tarvitseva lapsi,0.15514498949050903,1
erityistä tukea tarvitseva oppilas,0.25481978058815,1
erityisyys,0.2061203420162201,1
eriytetty opetus,0.226809561252594,1
eriyttäminen,0.6544983983039856,1
eriytyminen,0.31702694296836853,1
eroaminen,0.22267858684062958,1
eroisyys,0.2341405302286148,1
eroottinen pääoma,0.2432190626859665,1
erot,0.2508649230003357,1
erotic capital,0.32004645466804504,1
erottaminen,0.2106395661830902,1
erottaminen (tekniikka),0.2255541980266571,1
erottautuminen,0.1822603940963745,1
erotteleva kuivakäymälä,0.2834167778491974,1
erotteleva minäkuva,0.175073504447937,1
erotusmenetelmät,0.2058781534433365,1
error,0.23733437061309814,1
esRAGE,0.26842451095581055,1
esihenkilö-alaissuhde,0.2694489061832428,1
esihenkilön tuki,0.28149861097335815,1
esihenkilöt,0.5094264149665833,1
esihenkilötyö,0.44310539960861206,1
esiintyjät,0.24391886591911316,1
esiintyminen,0.4671398103237152,1
esiintymisjännitys,0.1670202910900116,1
esiintymispelko,0.33662351965904236,1
esiintymistaito,0.23049063980579376,1
esikielellinen vuorovaikutus,0.19228461384773254,1
esikoiset,0.2998749613761902,1
esikoulu,0.40781882405281067,1
esikouluikäiset,0.5417792201042175,1
esikoululaiset,0.42601385712623596,1
esikuvat,0.30185678601264954,1
esikäsittely,0.3067791163921356,1
esimerkit,0.23149734735488892,1
esimerkki,0.152329683303833,1
esimiehet,0.6609283089637756,1
esimiehettömyys,0.35846978425979614,1
esimies,0.2668037712574005,1
esimies-alaiskeskustelut,0.21396692097187042,1
esimies-alaissuhde,0.2404830902814865,1
esimiestaidot,0.20060807466506958,1
esimiestyö,0.45912566781044006,1
esimiesviestintä,0.14344143867492676,1
esineet,0.17160381376743317,1
esineiden internet,0.5222992300987244,1
esiopettaja,0.4296869933605194,1
esiopetus,0.8049461841583252,1
esiopetusikäinen lapsi,0.3237786889076233,1
esiopetussuunnitelma,0.3651987612247467,1
esiopetusvuosi,0.17787358164787292,1
esisopimukset,0.29489609599113464,1
esittäminen,0.5887411832809448,1
esittävät taiteet,0.3318897485733032,1
esitutkinta,0.3238515853881836,1
esityksellisyys,0.31084558367729187,1
esitykset,0.22833602130413055,1
esitystutkimus,0.24853529036045074,1
esivallat,0.27031180262565613,1
eskapismi,0.1047648936510086,0
esoteria,0.2973096966743469,1
espanjan kieli,0.20240384340286255,1
essentialism,0.13150332868099213,0
essentialismi,0.14488795399665833,1
esteet,0.5771371126174927,1
esteetiikka,0.23509803414344788,1
esteettinen elämys,0.15426751971244812,1
esteettinen kasvatus,0.250558078289032,1
esteettinen miellyttävyys,0.32538896799087524,1
esteettisyys,0.4544386863708496,1
esteettömyys,0.6194596290588379,1
esteettömyyskokemukset,0.22983340919017792,1
esteetön liikunnanopetus,0.20926110446453094,1
estetiikka,0.46825534105300903,1
estimointi,0.25036418437957764,1
estot,0.2276214063167572,1
estradioli,0.20905402302742004,1
estrogeenit,0.2882973551750183,1
etanoli,0.1742478460073471,1
ethical decision making,0.16238392889499664,1
ethical dilemmas,0.22922654449939728,1
ethical investing,0.26234742999076843,1
ethics,0.37204137444496155,1
ethnic identity,0.29168999195098877,1
ethnography,0.41160985827445984,1
ethnolinguistic vitality,0.26039254665374756,1
etiikka,0.754217267036438,1
etninen identiteetti,0.31137508153915405,1
etniset vähemmistöt,0.25338560342788696,1
etnisyys,0.2759290337562561,1
etnografia,0.6708624958992004,1
etnologia,0.4792015850543976,1
etnometodologia,0.32726895809173584,1
etologia,0.19246000051498413,1
etsivä nuorisotyö,0.22804197669029236,1
etuudet,0.22535067796707153,1
etähoiva,0.34183257818222046,1
etäisyys,0.2272081822156906,1
etäjohtaminen,0.2849804759025574,1
etäjumppa,0.36410343647003174,1
etäkoe,0.3301292359828949,1
etäkuntoutus,0.31944358348846436,1
etäkäyttö,0.18594354391098022,1
etäopetus,0.7551205158233643,1
etäopiskelu,0.42430755496025085,1
etäseuranta,0.22575493156909943,1
etäteknologia,0.42634737491607666,1
etätyö,0.6162851452827454,1
etätyöntekijä,0.441098153591156,1
etävalmennus,0.279687762260437,1
etävanhemmuus,0.267004132270813,1
eudaimonic well-being,0.19551850855350494,1
eukaryote,0.16768798232078552,1
euroalue,0.2574153244495392,1
eurooppalainen identiteetti,0.2705353796482086,1
eurooppalainen viitekehys,0.28158900141716003,1
eurooppalaisuus,0.36040085554122925,1
europarlamentaarikot,0.19117340445518494,1
evakuointi,0.1980852633714676,1
evaluation,0.37322020530700684,1
evaluation methods,0.22041094303131104,1
evaluation tool,0.21576298773288727,1
evaluointi,0.24637211859226227,1
evankelis-luterilainen kirkko,0.3645465672016144,1
evankeliumit,0.32593074440956116,1
even-aged forest management,0.2690069377422333,1
event legacy,0.4759722948074341,1
event production,0.13923059403896332,0
event-related field,0.3953738808631897,1
event-related potential (ERP),0.2443009912967682,1
events,0.5435229539871216,1
evocative,0.19133689999580383,1
evoked response,0.3010301887989044,1
evolutiivisesti tasapainoinen strategia,0.21856270730495453,1
evolution,0.2918148338794708,1
evolutionary biology,0.19061318039894104,1
evolutionary history,0.15355099737644196,1
evoluutio,0.5410030484199524,1
evoluutiobiologia,0.26311391592025757,1
evoluutiopsykologia,0.23371371626853943,1
evä,0.18933194875717163,1
evästeet,0.4023454487323761,1
evästekysely,0.22504736483097076,1
exact controllability,0.2934235632419586,1
exception management,0.1590126007795334,1
exchange students,0.15776370465755463,1
exclusions,0.1685144603252411,1
exercise (people),0.3089869022369385,1
exercise intervention,0.1567443609237671,1
exercise physiology,0.1970474123954773,1
exercise-induced neural plasticity,0.227726548910141,1
exergame,0.24319672584533691,1
exhaustion,0.3270941972732544,1
expatriate,0.23830059170722961,1
expatriates,0.3014918267726898,1
expectation,0.19654326140880585,1
expectations,0.47214484214782715,1
experience tourism,0.1344667226076126,0
experiences (knowledge),0.12741243839263916,0
experiential learning,0.3175871670246124,1
experimental evolution,0.21776144206523895,1
experimental nuclear physics,0.17840255796909332,1
expert,0.15086859464645386,1
expertise,0.32519686222076416,1
explicit intensity,0.2802681624889374,1
exploitation,0.28675970435142517,1
exploration,0.23325592279434204,1
explorative,0.22538989782333374,1
explosive strength,0.3512118458747864,1
externalities,0.33659061789512634,1
extract,0.22606757283210754,1
extraction (chemistry),0.14876601099967957,1
extractive industry,0.4727873206138611,1
extreme right,0.2820713222026825,1
extrinsic motivation,0.14252571761608124,1
eye contact,0.2700982093811035,1
eye movement tracking,0.12424296885728836,0
eye movements,0.20713414251804352,1
eye tracking,0.1515430361032486,1
faagiterapia,0.2927624583244324,1
faasiavaruus,0.29101163148880005,1
faasit,0.2589475214481354,1
fabrication,0.29098889231681824,1
face-to-face interaction,0.22053952515125275,1
facebook,0.29531964659690857,1
facial recognition (computer science),0.18913671374320984,1
facial recognition technology,0.19449661672115326,1
facilitator,0.32316192984580994,1
factor,0.34266552329063416,1
factor model,0.3883140981197357,1
factorial validity,0.3233379125595093,1
factors,0.20186734199523926,1
factors of production,0.12436213344335556,0
fagiterapia,0.3551027476787567,1
fairy tales,0.15403972566127777,1
faktoranalys,0.2747000455856323,1
faktorianalyysi,0.1510639786720276,1
faktuaalistamisstrategiat,0.2749346196651459,1
false reviews,0.2102918177843094,1
familial component,0.229492649435997,1
familiarity,0.18793344497680664,1
families,0.40799224376678467,1
familiness,0.21010088920593262,1
familjespråkpolicy,0.25155818462371826,1
family,0.3466591536998749,1
family  business,0.18481533229351044,1
family business,0.17914780974388123,1
family business branding,0.1752912700176239,1
family businesses,0.15957467257976532,1
family caregivers,0.4148523509502411,1
family firm,0.18471908569335938,1
family influence,0.13214246928691864,0
family language policy,0.19859720766544342,1
family sport,0.2934063673019409,1
family structure,0.3037572503089905,1
family-based brand identity,0.26471635699272156,1
fandom,0.17616531252861023,1
fanit,0.4035390615463257,1
fanitus,0.40437981486320496,1
fanius,0.5476346015930176,1
fantasiakirjallisuus,0.5485642552375793,1
fantasiaurheilu,0.20485498011112213,1
fantasy literature,0.29386550188064575,1
farmakokinetiikka,0.23024038970470428,1
fashion industry,0.3957100510597229,1
fasilitointi,0.19088396430015564,1
fasismi,0.2915232479572296,1
fast precipitation response,0.2745633125305176,1
fat free mass,0.2271166443824768,1
fat mass,0.2565299868583679,1
fat oxidation,0.36503562331199646,1
fat percentage,0.28853967785835266,1
fatherlessness,0.1393294632434845,0
fatigue,0.48152056336402893,1
fatigue (biological phenomena),0.19817698001861572,1
fatty acid metabolism,0.2578420341014862,1
fatty liver,0.236086905002594,1
faunit,0.252612441778183,1
favor entrepreneurship,0.21066191792488098,1
fear of missing out,0.17452110350131989,1
federalismi,0.35179129242897034,1
feedback,0.3442849814891815,1
feeling states,0.23588912189006805,1
female artistic gymnastics,0.3677562475204468,1
female athlete,0.19360625743865967,1
female choice,0.28019851446151733,1
females,0.22636321187019348,1
feminiinisyys,0.19304199516773224,1
femininity,0.08917278051376343,0
feminism,0.31635531783103943,1
feminismi,0.5766544342041016,1
feminist critical discourse analysis,0.1121370941400528,0
feminist political ecology,0.2878037095069885,1
feminist research,0.2713090181350708,1
feminist theory,0.1285233199596405,0
feministinen kirjallisuudentutkimus,0.47686249017715454,1
feministinen liike,0.2858237326145172,1
feministinen mediatutkimus,0.2480134665966034,1
feministinen teoria,0.25447261333465576,1
feministinen tutkimus,0.4123227000236511,1
feministinen väkivaltatutkimus,0.1570717990398407,1
feministit,0.15049205720424652,1
fenomenografia,0.6469929814338684,1
fenomenografia (phenomenography) feministinen ja eettinen,0.27478277683258057,1
fenomenologia,0.7775492072105408,1
fenomenologinen merkitysanalyysi,0.42894044518470764,1
fenomenologinen tapaustutkimus,0.25378718972206116,1
fenomenologinen tutkimus,0.39601150155067444,1
fenomenologis-hermeneuttinen,0.3844028413295746,1
fenomenologis-hermeneuttinen analyysi,0.189423069357872,1
fenomenologis-hermeneuttinen tutkimus,0.39374151825904846,1
fenomenologis-hermeneuttinen tutkimusote,0.27904969453811646,1
fenomenologishermeneuttinen,0.14490611851215363,1
feodalismi,0.30435240268707275,1
fertility,0.28383249044418335,1
fertilization,0.17549359798431396,1
festivaalit,0.4153045117855072,1
fictional characters,0.15298601984977722,1
field effect transistor,0.23089036345481873,1
field of vision,0.22662852704524994,1
field test,0.35809093713760376,1
figurative language,0.1753450483083725,1
figure,0.27725622057914734,1
figure skating,0.3523234724998474,1
fiktiiviset hahmot,0.290890634059906,1
fiktiiviset henkilöt,0.35375580191612244,1
fiktio,0.3822706639766693,1
filamiinit,0.22028407454490662,1
filamin A,0.1429736316204071,1
filamins,0.21475093066692352,1
file sharing,0.18988341093063354,1
film,0.35044485330581665,1
films,0.40160685777664185,1
filosofia,0.7678924798965454,1
filosofian historia,0.17532923817634583,1
filosofit,0.289530485868454,1
final projects (education),0.09777037799358368,0
financial behavior,0.24376486241817474,1
financial institutions,0.4667983949184418,1
financial literacy,0.34253397583961487,1
financial management,0.34910061955451965,1
financial markets,0.3646015226840973,1
financial ratio analysis,0.1685531735420227,1
financial ratios,0.21916545927524567,1
financial sector,0.3146094083786011,1
financial well-being,0.28772884607315063,1
finanssiala,0.5494893193244934,1
finanssialan murros,0.21533583104610443,1
finanssikriisit,0.36822858452796936,1
finanssipolitiikka,0.30599087476730347,1
finska språket,0.18031197786331177,1
firm performance,0.13411268591880798,0
firmware,0.24177923798561096,1
fiscal contract,0.24424681067466736,1
fish communities,0.1462240070104599,1
fish length,0.245686873793602,1
fish weight,0.15093746781349182,1
fishes,0.231795072555542,1
fishing,0.2480974942445755,1
fiskaalinen hintateoria,0.2111351191997528,1
fitness,0.400377482175827,1
fitness-urheilu,0.40575677156448364,1
fitnessurheilu,0.36918264627456665,1
fixed-bed column,0.15668118000030518,1
flaami,0.1381945163011551,0
flaamit,0.35945478081703186,1
fladat,0.2197755128145218,1
floorball,0.48724842071533203,1
flounder,0.29137077927589417,1
flow,0.43942034244537354,1
flow-tila,0.6872081160545349,1
fluctuating environment,0.2191038429737091,1
fluency,0.49138209223747253,1
fluorescence lifetime imaging microscopy,0.15676453709602356,1
fluorescent labeling,0.34168022871017456,1
fluoresenssi,0.3615300953388214,1
fluoresenssimikroskopia,0.1716173142194748,1
fluoroforit,0.1967286616563797,1
fluorophore,0.22446852922439575,1
flux,0.19227512180805206,1
flying geese theory,0.17973488569259644,1
focus on form,0.2011297047138214,1
fog computing,0.40475043654441833,1
fokalisaatio,0.2983117997646332,1
fokusryhmähaastattelu,0.5762070417404175,1
fokusryhmät,0.15300717949867249,1
folk culture,0.17055971920490265,1
folkloristiikka,0.2197011411190033,1
folksonomia,0.3338116407394409,1
fomo,0.23974081873893738,1
fomo-kuluttaminen,0.19442053139209747,1
fonction,0.2041875571012497,1
foneemit,0.25349366664886475,1
fonetiikka,0.4131508469581604,1
fonologia,0.3423951268196106,1
fonologinen tietoisuus,0.4764619469642639,1
fonologiset taidot,0.15956759452819824,1
fononit,0.5176871418952942,1
food,0.3540506064891815,1
food habits,0.2006468027830124,1
food preparation,0.18934936821460724,1
foodstuffs,0.298225075006485,1
football,0.5138713717460632,1
football club,0.2592792212963104,1
force,0.22386857867240906,1
force decrement,0.23349477350711823,1
force production (physiology),0.34271517395973206,1
forecasts,0.17923475801944733,1
foreign aid,0.20046019554138184,1
foreign language,0.2598462998867035,1
foreign language anxiety,0.21509476006031036,1
foreign language learning,0.4293408691883087,1
foreign language teacher,0.2991277873516083,1
foreign language teaching,0.40675970911979675,1
foreign languages,0.13659514486789703,0
foreign policy,0.20240665972232819,1
foreign students,0.36522361636161804,1
foreign/international students,0.27034756541252136,1
foreigners,0.11733192950487137,0
forest,0.23182284832000732,1
forest conservation,0.2022533118724823,1
forest management,0.20253509283065796,1
forest-based sector,0.25613507628440857,1
forest-wood value chain,0.2202872633934021,1
forestry,0.5582903027534485,1
forests,0.5393596291542053,1
formaatit,0.32862401008605957,1
formal English teaching,0.30060699582099915,1
formal learning,0.20063264667987823,1
formant analysis,0.13469429314136505,0
formatiivinen arviointi,0.17613622546195984,1
formatiivinen mallintaminen,0.47625041007995605,1
formative assessment,0.1441328525543213,1
forms of movement,0.1733400672674179,1
formula,0.26256123185157776,1
fortbildning,0.20993386209011078,1
fortum,0.2560052275657654,1
forum-theatre,0.2348880022764206,1
forwards,0.3370271325111389,1
fosfaatit,0.37535935640335083,1
fosfori,0.4432089030742645,1
fosforin talteenotto,0.21251261234283447,1
fosforylaatio,0.20572301745414734,1
fotonit,0.11820697039365768,0
fotopletysmografia,0.5445516705513,1
fragmentation,0.19966170191764832,1
fraktaali-integraali,0.29275763034820557,1
fraktaaliderivaatta,0.2452661395072937,1
fraktaalidifferentiaaliyhtälö,0.2133997529745102,1
fraktaalilaatoitus,0.2597719430923462,1
fraktaalit,0.4130452573299408,1
frame analysis,0.3614935278892517,1
framework,0.43322300910949707,1
framing,0.11134001612663269,0
franska presidentvalet,0.30405333638191223,1
fraseologia,0.23696793615818024,1
free fatty acids,0.26385682821273804,1
free moment.,0.2630990743637085,1
freebie bundle,0.17345407605171204,1
freejazz,0.18391424417495728,1
freestyle,0.48129257559776306,1
freeze-in,0.34390851855278015,1
freeze-out,0.3100649118423462,1
frekvenssijakauma,0.2248152792453766,1
frekvenssit,0.2688613831996918,1
frekvenssitutkimus,0.45539894700050354,1
fremdsprachenlernen,0.19709530472755432,1
frequency,0.31269389390945435,1
front-end,0.4591205418109894,1
frontal asymmetry,0.25083109736442566,1
full employment,0.1685105413198471,1
functional capacity,0.338166207075119,1
functional linguistics,0.0851670503616333,0
functional magnetic resonance imaging,0.24912013113498688,1
functional ordinal logistic regression model,0.35547906160354614,1
functional programming,0.26750677824020386,1
funder motivations,0.19439196586608887,1
fundraising,0.21143002808094025,1
funktio-ohjelmointi,0.3328310251235962,1
funktionaalinen kielitiede,0.1319287270307541,0
funktionaalinen ohjelmointi,0.5037893056869507,1
funktionaalinen tulonjako,0.1515112668275833,1
funktionaalispragmaattinen,0.16483770310878754,1
funktionaalisuus,0.1663614958524704,1
funktionella undervisningsmetoder,0.3368728458881378,1
funktiot,0.4360615313053131,1
funktioteoria,0.21217788755893707,1
funktiotyypit,0.4153328537940979,1
furaanit,0.13314829766750336,0
fusion evaporation reaction,0.24197043478488922,1
futsal,0.38130542635917664,1
future expectations,0.3395002782344818,1
future-oriented,0.32044482231140137,1
futuuri,0.1828375607728958,1
futuurimarkkinoiden tehokkuus,0.13405683636665344,0
futuurit,0.2535126507282257,1
fuusio,0.325950562953949,1
fuusio (ydinreaktiot),0.14774659276008606,1
fuzzy clustering,0.27117565274238586,1
fuzzy front end,0.277433842420578,1
fysiikan opetus,0.22153544425964355,1
fysiikka,0.7244545221328735,1
fysiikkakirjasto,0.19352735579013824,1
fysiikkamoottori,0.26103702187538147,1
fysikaalinen hoito,0.22311432659626007,1
fysikaalinen kemia,0.32155928015708923,1
fysiologia,0.3237984776496887,1
fysiologinen kuormitus,0.3249812722206116,1
fysiologinen reaktiivisuus,0.22183267772197723,1
fysiologinen synkronia,0.33850017189979553,1
fysiologiset vaikutukset,0.32779833674430847,1
fysioterapeutit,0.650124192237854,1
fysioterapeuttinen ohjaus,0.31677648425102234,1
fysioterapeuttiopiskelija,0.48566940426826477,1
fysioterapeuttiopiskelijat,0.45059818029403687,1
fysioterapia,0.8640097975730896,1
fysioterapia (erikoisala),0.4577704966068268,1
fysioterapiamenetelmät,0.3787270784378052,1
fysioterapian opettajuus,0.37101849913597107,1
fysioterapian tavoite,0.3804219365119934,1
fysioterapiaopettaja,0.26452669501304626,1
fysisk aktivitet,0.24121986329555511,1
fyysinen,0.288905531167984,1
fyysinen aktiivisuus,0.972564697265625,1
fyysinen asuinympäristö,0.25216084718704224,1
fyysinen harjoittelu,0.2863880693912506,1
fyysinen inaktiivisuus,0.1521359384059906,1
fyysinen kehitys,0.4099484980106354,1
fyysinen kunto,0.8496431708335876,1
fyysinen kuormittavuus,0.750116765499115,1
fyysinen kuormitus,0.33701828122138977,1
fyysinen minä,0.43463361263275146,1
fyysinen minäkäsitys,0.20012256503105164,1
fyysinen rasitus,0.3420260548591614,1
fyysinen suorituskyky,0.608576238155365,1
fyysinen terveys,0.18668292462825775,1
fyysinen toimintakyky,0.566724956035614,1
fyysinen ulkonäkö,0.2545747458934784,1
fyysinen väsyminen,0.40813684463500977,1
fyysinen ympäristö,0.4258401393890381,1
fyysiset kyvyt,0.24447733163833618,1
fyysiset ominaisuudet,0.33249256014823914,1
gait,0.21509286761283875,1
gait analysis,0.23271878063678741,1
gall midges,0.14695344865322113,1
gambling,0.3649473488330841,1
gambling doors task,0.18065719306468964,1
gambling games,0.3283059895038605,1
game,0.3619709610939026,1
game design,0.2055053561925888,1
game development,0.15769432485103607,1
game development companies,0.3407672643661499,1
game industry,0.5193098187446594,1
game modification,0.2577907145023346,1
game theory,0.24493269622325897,1
game-based learning,0.22868840396404266,1
game-enhanced learning,0.1513056606054306,1
game-like elements,0.18567146360874176,1
games,0.390052855014801,1
games of chance,0.20172818005084991,1
gamification,0.5600996017456055,1
gamification dimensions,0.23005753755569458,1
gamification elements,0.1870841234922409,1
gaming,0.40979865193367004,1
gamma-spectroscopy,0.17687469720840454,1
gas impurity,0.15271344780921936,1
gas production,0.1573442816734314,1
gasellit,0.3249589800834656,1
gastrointestinal tract,0.17878158390522003,1
gateway,0.326947420835495,1
gauge theory,0.24414393305778503,1
gazelles,0.26081982254981995,1
gearbox,0.27434805035591125,1
geelit,0.252503901720047,1
geeniekspressio,0.2699067294597626,1
geenimanipulaatio,0.23714235424995422,1
geenit,0.45101866126060486,1
geenitekniikka,0.2524908483028412,1
geeniterapia,0.3642786741256714,1
geenitutkimus,0.16882415115833282,1
gel permeation chromatography,0.2825242280960083,1
gels,0.18776345252990723,1
gender,0.7028473019599915,1
gender analysis,0.19650126993656158,1
gender and development,0.25226715207099915,1
gender differences,0.27331510186195374,1
gender equality,0.26069706678390503,1
gender equality in sport,0.33356329798698425,1
gene environment interaction,0.2443488985300064,1
gene flow,0.22738605737686157,1
gene therapy,0.2112429291009903,1
genealogia,0.33877503871917725,1
geneettinen dysleksiariski,0.17293351888656616,1
geneettinen monimuotoisuus,0.3031046390533447,1
geneettinen muuntelu,0.31688740849494934,1
geneettinen riski,0.21282143890857697,1
geneettinen riskisumma,0.27608564496040344,1
geneettiset tekijät,0.25780928134918213,1
general cognitive abilities,0.30424967408180237,1
general upper secondary school,0.45556676387786865,1
general upper secondary schools focusing on sports and exercise,0.32062017917633057,1
generalized anxiety disorder,0.2515106201171875,1
generatiivinen musiikki,0.23430557548999786,1
generatiivinen tekoäly,0.23380152881145477,1
generatiivisuus,0.1443452686071396,1
generation z,0.27674558758735657,1
generative AI,0.34059834480285645,1
generointi,0.2982935309410095,1
genes,0.23343811929225922,1
genetic factors,0.24497488141059875,1
genetic risk score,0.2569893002510071,1
genetic variation,0.20741258561611176,1
genetics,0.2407502681016922,1
genome-wide association study,0.21065324544906616,1
genre,0.38705974817276,1
genre analysis,0.14287951588630676,1
genres,0.2400309443473816,1
genret,0.5599071383476257,1
genreteoria,0.16136665642261505,1
gentrification,0.2891111373901367,1
geoekonomia,0.2343299239873886,1
geofysiikka,0.456760436296463,1
geologia,0.19392721354961395,1
geometria,0.588497519493103,1
geometrical efficiency,0.16329552233219147,1
geophysics,0.3584984540939331,1
geopolitics,0.12621818482875824,0
geopolitiikka,0.5213658213615417,1
gerastenia,0.19122689962387085,1
gestures,0.3653755784034729,1
ghosting,0.38160786032676697,1
gifted,0.21540044248104095,1
girl,0.11030866950750351,0
given name,0.3290891945362091,1
glass microfluidics,0.2661150395870209,1
glial cell line-derived neurotrophic factor,0.3101132810115814,1
globaali hallinta,0.218843013048172,1
globaali orientaatio,0.27055951952934265,1
globaali yhteisöllisyys,0.2914372384548187,1
globaalikasvatus,0.16274945437908173,1
global governance,0.18356314301490784,1
global hegemony,0.196468785405159,1
global mobility,0.32322099804878235,1
global security,0.22128084301948547,1
global warming,0.3489931523799896,1
globalisaatio,0.5873394012451172,1
globalisation,0.26111674308776855,1
globalisation of education,0.3008444011211395,1
globalization,0.2144155353307724,1
globalization competence,0.26718670129776,1
glomerular filtration rate,0.27347850799560547,1
glucose,0.20327633619308472,1
glucose metabolism,0.14430299401283264,1
glukoosi,0.36271077394485474,1
glukoosiaineenvaihdunta,0.317857027053833,1
glycemic control,0.3137756288051605,1
glyfosaatti,0.2002536952495575,1
glyoksaalipolyakryyliamidi,0.16269418597221375,1
glyphosate,0.22903281450271606,1
goal orientation,0.2623700499534607,1
goal-orientation,0.2655702233314514,1
goat production,0.29036685824394226,1
golf,0.3606385290622711,1
golf putting,0.12090626358985901,0
good coach,0.3373115062713623,1
goottirock,0.22074073553085327,1
gospel,0.22608384490013123,1
gospelkulttuuri,0.17236328125,1
gospelmusiikki,0.15558019280433655,1
governance,0.23816059529781342,1
governance framework.,0.3697589337825775,1
government communications,0.2575017511844635,1
government transparency,0.19545672833919525,1
governmental institutions,0.2636656165122986,1
graafi,0.19875912368297577,1
graafiset suunnittelijat,0.2588293254375458,1
graafit,0.21848128736019135,1
grades 7-9,0.20790338516235352,1
grafeeni,0.43921032547950745,1
grafeenioksidi,0.265665739774704,1
graffitit,0.1968463659286499,1
grafiikan menetelmät,0.30040648579597473,1
grafiikka,0.23339343070983887,1
grafiitti,0.10630685836076736,0
grammar,0.10508392006158829,0
grammar teaching,0.1616179347038269,1
graph theory,0.28424620628356934,1
graphene,0.3682917058467865,1
graphene oxide,0.20024341344833374,1
graphite,0.2325575053691864,1
grassroots sports clubs,0.27714231610298157,1
gratitude in school,0.29635658860206604,1
gravitaatio,0.34652888774871826,1
grazing,0.17251040041446686,1
green algae,0.2049637883901596,1
green care,0.1988821178674698,1
green gap,0.29190507531166077,1
green marketing,0.15485261380672455,1
green office,0.16030360758304596,1
green supply chain management,0.23419952392578125,1
greenhouse gases,0.42564722895622253,1
greenwashing,0.18989108502864838,1
grey literature,0.14910098910331726,1
grey literature review,0.20112545788288116,1
groove,0.24472610652446747,1
ground state energy,0.5105798244476318,1
grounded theory,0.4638369381427765,1
group,0.18965226411819458,1
group behavior,0.17459999024868011,1
group dynamics,0.17694473266601562,1
group identity,0.20992714166641235,1
group intervention,0.2500406503677368,1
group management,0.16386523842811584,1
group music therapy,0.2596836984157562,1
group therapy,0.3748943507671356,1
group work,0.19752220809459686,1
groups,0.27193790674209595,1
growth,0.1773551106452942,1
growth companies,0.2211104780435562,1
growth enablers,0.3647401034832001,1
growth entrepreneurship,0.24782122671604156,1
guanidine compounds,0.21213002502918243,1
guide,0.20042318105697632,1
gymnasieundervisning,0.23874647915363312,1
gymnasium,0.2521541714668274,1
gymnastics,0.22294412553310394,1
haaksirikot,0.26670461893081665,1
haaremit,0.26859942078590393,1
haas-teet,0.31856146454811096,1
haastattelu,0.39600932598114014,1
haastatteluaineisto,0.23921434581279755,1
haastattelut,0.5763643383979797,1
haastattelututkimus,0.5670586824417114,1
haastattelutyökalu,0.24356798827648163,1
haastavat vuorovaikutustilanteet,0.17219014465808868,1
haaste,0.22273391485214233,1
haasteellinen käyttäytyminen,0.36478540301322937,1
haasteet,0.5674279928207397,1
haasteet (haastavat tilanteet),0.19556844234466553,1
haasteet (ongelmat),0.500713050365448,1
haavoittuvuus,0.5902010798454285,1
habitaatti,0.2545800507068634,1
habitat,0.24028173089027405,1
habitual physical activity,0.20224995911121368,1
habitus,0.18245305120944977,1
hahmottaminen,0.14395436644554138,1
haitallinen JavaScript-ohjelmakoodi,0.2936127483844757,1
haitallinen sisältö,0.1974366307258606,1
haittakoodi,0.15423737466335297,1
haittaohjelmat,0.66946941614151,1
haittaohjelmatunnistaminen,0.3344263732433319,1
hajautettu energiantuotanto,0.1760803610086441,1
hajautettu ketterä kehitys,0.3097212612628937,1
hajautettu ohjelmistokehitys,0.5219194293022156,1
hajautettu organisaatio,0.27651262283325195,1
hajautettu rahoitus,0.3296467363834381,1
hajautettu tiimi,0.19735844433307648,1
hajautettu työ,0.15274420380592346,1
hajautetut järjestelmät,0.5232661962509155,1
hajautunut tiimi,0.17690269649028778,1
hajautunut työympäristö,0.2574111819267273,1
hajautus,0.20594868063926697,1
hajoaminen,0.328569233417511,1
hajonta,0.25231364369392395,1
haju,0.35760024189949036,1
hakkuu,0.22985510528087616,1
hakkuut,0.3639718294143677,1
hakkuutähteet,0.5100157856941223,1
haku,0.13575614988803864,0
hakukonemarkkinointi,0.47030019760131836,1
hakukoneoptimointi,0.1599770039319992,1
hakukysymys,0.3459444046020508,1
hakuohjelmat,0.20460307598114014,1
hallinnallisuus,0.3457263112068176,1
hallinnan suhteet,0.22984033823013306,1
hallinnointi,0.4212421476840973,1
hallinnointikoodi,0.2184363752603531,1
hallinnollinen suunnittelu,0.21825258433818817,1
hallinnon tarkastus,0.19590270519256592,1
hallinta,0.6512801647186279,1
hallintajärjestelmät,0.14061565697193146,1
hallintakeinot,0.43503645062446594,1
hallintasuuntautuneet työskentelytavat,0.27255699038505554,1
hallintavalta,0.36546340584754944,1
hallinto,0.46150141954421997,1
hallintohistoria,0.378368616104126,1
hallituksen puheenjohtaja,0.1859452724456787,1
hallitukset (valtiot),0.25306573510169983,1
halogeenisidos,0.32081249356269836,1
halogeenit,0.23036175966262817,1
hampaidenhoito,0.3526107966899872,1
handicaps,0.14788825809955597,1
hankajalkaiset,0.13166168332099915,0
hanke,0.3023337423801422,1
hankeosaaminen,0.39642229676246643,1
hankesuunnittelu,0.1385001689195633,0
hankinta,0.29554879665374756,1
hankkeet,0.6718062162399292,1
hapenotto,0.4790574312210083,1
hapenvarastointikyky,0.1317213624715805,0
hapot,0.24842491745948792,1
happi,0.3605698049068451,1
happo-emästasapaino,0.2697562277317047,1
hardening,0.40007898211479187,1
harhaoppisuus,0.17040467262268066,1
harhauttaminen,0.40974122285842896,1
harjoitteet,0.37491488456726074,1
harjoittelu,0.8071245551109314,1
harjoittelukoulut,0.16372345387935638,1
harjoittelumäärät,0.35692596435546875,1
harjoitukset,0.5184371471405029,1
harjoituskirjat,0.2632898688316345,1
harjoituskuorma,0.2987367808818817,1
harjoituspäiväkirja,0.4898136854171753,1
harjoitustoiminta,0.5609591007232666,1
harjoitusvaste,0.22205302119255066,1
harkintavalta,0.2721951901912689,1
harmaa kirjallisuus,0.10266005992889404,0
harmaa talous,0.20630542933940887,1
harmonics,0.18587008118629456,1
harmoninen,0.18313123285770416,1
harmoninen funktio,0.2135099172592163,1
harmoniset funktiot,0.15636757016181946,1
harrastaminen,0.2800108790397644,1
harrastukset,0.726061224937439,1
harrastusmatkat,0.2260320782661438,1
harvennus,0.23033703863620758,1
harvinaiset maametallit,0.3478199243545532,1
hashtagaktivismi,0.18599596619606018,1
hate speech,0.19839723408222198,1
hateholderit,0.25698375701904297,1
hateholders,0.31684160232543945,1
hatkaaminen,0.21355800330638885,1
hauki,0.3646210730075836,1
hauraus,0.2985961437225342,1
hauraus-raihnausoireyhtymä,0.29072585701942444,1
hauskanpito,0.08624759316444397,0
hautaus,0.38152748346328735,1
hautausmaa,0.08806485682725906,0
hautausmaakulttuuri,0.16955693066120148,1
hautausmaat,0.3222814202308655,1
hautausmaiden hoito,0.13578137755393982,0
hautausmaiden tehtävät,0.2182762324810028,1
hautoutumisjakso,0.38493314385414124,1
havainnointi,0.41646608710289,1
havainnoiva minäkuva,0.24509809911251068,1
havainnot,0.48514413833618164,1
havaintomotoriset taidot,0.34173470735549927,1
havaintopsykologia,0.293681800365448,1
havaitseminen,0.4784751534461975,1
havaitsijapositio,0.16914458572864532,1
headmasters,0.3115442991256714,1
health,0.3854827880859375,1
health and safety issues,0.24327170848846436,1
health care service utilization,0.31348708271980286,1
health care services,0.3271194398403168,1
health enhancing physical activity,0.15511372685432434,1
health habits,0.3400108516216278,1
health locus of control,0.27887120842933655,1
health personnel attitudes,0.2034357339143753,1
health sector,0.23545296490192413,1
health-impacts of culture,0.1958552449941635,1
healthism,0.18210043013095856,1
healthismi,0.21182186901569366,1
healthy aging,0.3246261775493622,1
hearing loss,0.231265589594841,1
heart,0.25536826252937317,1
heart patients,0.3527500033378601,1
heart rate,0.2557457983493805,1
heart rate variability,0.5507876873016357,1
heat conduction,0.22010070085525513,1
heavy metal,0.33809852600097656,1
heavy rock,0.33179670572280884,1
heavy-flavour hadron,0.3463912308216095,1
heavy-ion,0.3147071599960327,1
heavy-resistance loading,0.2593652904033661,1
hedelmät,0.14167529344558716,1
hedging,0.2573610842227936,1
hedoninen hintamalli,0.20513823628425598,1
hedonismi,0.3268260657787323,1
hedonistiset tekijät,0.249470517039299,1
hegemonia,0.4465029835700989,1
heikko monotonisuus,0.18275031447410583,1
heikkoluonteisuus,0.2848426103591919,1
heikot vuorovaikutukset,0.24049505591392517,1
heimokulttuuri,0.3927435576915741,1
helium ion beam,0.20864972472190857,1
helmikuun manifesti,0.24646247923374176,1
help seeking,0.14436586201190948,1
hemiselluloosa,0.17873919010162354,1
hemisfäärien asymmetria,0.38037097454071045,1
hemodialyysi,0.39368343353271484,1
hengellinen musiikki,0.2134973108768463,1
hengellisyys,0.3708965480327606,1
hengenahdistus,0.2573438584804535,1
hengitys,0.507714033126831,1
hengityselimet,0.3236634135246277,1
hengityslihasten voimantuotto,0.4196256995201111,1
henki,0.20761258900165558,1
henkilöbrändäys,0.1997651606798172,1
henkilöhahmo,0.2994477450847626,1
henkilöhistoria,0.16448011994361877,1
henkilöityminen,0.318998783826828,1
henkilöjournalismi,0.2979041635990143,1
henkilökeskeinen lähestymistapa,0.4028087258338928,1
henkilökohtainen apu,0.26689398288726807,1
henkilökohtainen avustaja,0.2004721462726593,1
henkilökohtainen budjetti,0.35503265261650085,1
henkilökohtainen opetuksen järjestämistä koskeva suunnitelma (HOJKS),0.1969219297170639,1
henkilökohtainen oppimisympäristö,0.3567015528678894,1
henkilökohtaiset avustajat,0.19394904375076294,1
henkilökohtaiset ominaisuudet,0.24209997057914734,1
henkilökohtaiset tavoitteet,0.24807322025299072,1
henkilökohtaiset työhön liittyvät arvot,0.1684636026620865,1
henkilökuvat,0.2126401960849762,1
henkilökuvaus,0.23449236154556274,1
henkilönnimet,0.22921878099441528,1
henkilöstö,0.6399438381195068,1
henkilöstöhallinto,0.25671103596687317,1
henkilöstöjohtaminen,0.7557095289230347,1
henkilöstöjohtamisen tietojärjestelmä,0.3330838978290558,1
henkilöstökoulutus,0.14658726751804352,1
henkilöstöliikunta,0.48646053671836853,1
henkilöstön kehittäminen,0.31450915336608887,1
henkilöstön kehittämisen käytännöt,0.20171350240707397,1
henkilöstöpalveluala,0.3571799099445343,1
henkilöstöpalveluyritys,0.33573776483535767,1
henkilöstöpolitiikka,0.2810046970844269,1
henkilöstöresurssisuunnittelu,0.20901133120059967,1
henkilöstöresurssit,0.29743656516075134,1
henkilöstötietojärjestelmä,0.24481670558452606,1
henkilöstövuokraus,0.24588653445243835,1
henkilösuhteet,0.36204439401626587,1
henkilöt,0.30373871326446533,1
henkilötiedot,0.41397202014923096,1
henkilötietojen käsittely,0.3527032136917114,1
henkilövalokuvaus,0.17704132199287415,1
henkimaailma,0.3332057297229767,1
henkinen hyvinvointi,0.7272955775260925,1
henkinen jaksaminen,0.2339680939912796,1
henkinen kiusaaminen,0.2568672001361847,1
henkinen kokemus,0.13296347856521606,0
henkinen pääoma,0.6572380065917969,1
henkinen vankila,0.21373222768306732,1
henkinen väkivalta,0.2125493735074997,1
henkirikokset,0.2876909375190735,1
henkisyys,0.3503566086292267,1
henkivakuutus,0.3715091943740845,1
hepatic steatosis,0.15909986197948456,1
herbicide,0.2654121220111847,1
herbisidit,0.23920567333698273,1
heritage language,0.21006226539611816,1
hermeneutiikka,0.45785316824913025,1
hermeneuttinen kehä,0.23566031455993652,1
hermo-lihastoiminta,0.5963372588157654,1
hermolihasjärjestelmä,0.5083935260772705,1
hermolihasjärjestelmän väsymys,0.2792091965675354,1
hermosto,0.5151262283325195,1
herpesvirukset,0.4129391312599182,1
herpesviruses,0.33347320556640625,1
herätevasteet,0.3064105808734894,1
heterogeenisuus,0.2077193558216095,1
heteronormatiivisuus,0.37860167026519775,1
heteronormativity,0.24834954738616943,1
heterotrophic bacteria,0.21406453847885132,1
heuristiset periaatteet,0.23041585087776184,1
hevonen,0.4296763241291046,1
hevosavusteinen kuntoutus,0.4921051859855652,1
hevoshahmo,0.16002705693244934,1
hidden curriculums,0.15023577213287354,1
hierarchical clustering,0.3025345504283905,1
hierarchy,0.21500100195407867,1
hierarkia,0.3161955177783966,1
hierarkiattomuus,0.1892942190170288,1
hierarkkinen lineaarinen regressio,0.24579226970672607,1
hierarkkinen minäkuva,0.2723228931427002,1
hierarkkinen regressioanalyysi,0.1509934961795807,1
high density lipoprotein,0.3617071807384491,1
high energy physics,0.2255391627550125,1
high energy physics phenomenology,0.29315638542175293,1
high frequency,0.23368629813194275,1
high growth firms,0.2826022803783417,1
high performance size exclusion chromatography,0.22813348472118378,1
high reliability organization,0.35391294956207275,1
high school,0.3177219331264496,1
high school experience,0.1949617564678192,1
high technology,0.2819988429546356,1
high-dose,0.22245049476623535,1
high-intensity,0.27239465713500977,1
high-intensity circuit training,0.29839766025543213,1
high-intensity interval training,0.31789645552635193,1
high-resolution respirometry,0.3642333745956421,1
higher education,0.36289435625076294,1
higher education (teaching),0.1450899839401245,1
highly educated,0.17394940555095673,1
hiihto,0.5302413105964661,1
hiihtokeskukset,0.26579341292381287,1
hiihtotunti,0.3342615067958832,1
hiilen sosiaaliset kustannukset,0.2799903154373169,1
hiilensidonta,0.40863898396492004,1
hiili,0.2457575649023056,1
hiilidioksidi,0.471979022026062,1
hiilidioksidin talteenotto ja varastointi,0.3462350070476532,1
hiilihydraatit,0.3436161279678345,1
hiilihydraatti- ja rasva-aineenvaihdunta,0.2440914511680603,1
hiilijalanjälki,0.6814237833023071,1
hiilijalanjälkilaskurit,0.2543580234050751,1
hiilikädenjälki,0.25377607345581055,1
hiilimonoksidi,0.2521038353443146,1
hiilineutraalius,0.21084946393966675,1
hiiret,0.4714873135089874,1
hiljainen nuotinluku,0.2256123125553131,1
hiljainen tieto,0.4562242329120636,1
hiljaiset hetket,0.3549755811691284,1
hiljaisuus,0.23637019097805023,1
hindulaisuus,0.3512905240058899,1
hinnanmuodostus,0.20924925804138184,1
hinnat,0.549198567867279,1
hinnoittelu,0.40460795164108276,1
hinnoittelustrategia,0.3607274889945984,1
hintajousto,0.16528519988059998,1
hintakehitys,0.28030627965927124,1
hintaoikeudenmukaisuus,0.2621815502643585,1
hip hop,0.28378838300704956,1
hiphop,0.24836555123329163,1
hippiliike,0.11619940400123596,0
hippocampus,0.3779328763484955,1
hippokampus,0.5321833491325378,1
hirmumyrskyt,0.20157843828201294,1
hirsirakennukset,0.2843065559864044,1
hirvi,0.4390680193901062,1
hirvieläimet,0.3427489995956421,1
historia,0.7586686611175537,1
historiakulttuuri,0.4880402088165283,1
historiakuva,0.18229630589485168,1
historialliset elokuvat,0.2375028431415558,1
historialliset romaanit,0.310666024684906,1
historian didaktiikka,0.18986313045024872,1
historian elävöittäminen,0.27473270893096924,1
historian käyttö,0.1834563910961151,1
historian opetus,0.34226298332214355,1
historian tutkimus,0.24056459963321686,1
historiankirjoitus,0.3102737069129944,1
historiankäsitys,0.1205233484506607,0
historianopetus,0.23612470924854279,1
historiantutkijat,0.17985117435455322,1
historiantutkimus,0.531514048576355,1
historiapolitiikka,0.20830731093883514,1
historiatietoisuus,0.2778356671333313,1
historiikit,0.1965082883834839,1
history,0.44015732407569885,1
hiukkaset,0.1948057860136032,1
hiukkasfysiikka,0.7070274353027344,1
hiukkaskiihdyttimet,0.07809625566005707,0
hoito,0.4230044484138489,1
hoitohenkilökunta,0.20738457143306732,1
hoitohenkilöstö,0.36236026883125305,1
hoitokalastus,0.2766915559768677,1
hoitoketjut,0.27219730615615845,1
hoitokodit,0.3408118784427643,1
hoitomenetelmien kehittäminen,0.2403208315372467,1
hoitomenetelmät,0.5457623600959778,1
hoitosuhde,0.19639934599399567,1
hoitotasapaino,0.2838061451911926,1
hoitotulokset,0.3113257586956024,1
hoitotyö,0.4589392840862274,1
hoitotyöntekijät,0.19453547894954681,1
hoitotyöntekijöiden näkemykset,0.2275223284959793,1
hoiva,0.242341548204422,1
hoivakodin valinta,0.21723005175590515,1
hoivan ketjut,0.33709484338760376,1
hoivatyö,0.2498452067375183,1
hoivayksikkö,0.17175759375095367,1
holokausti,0.23371824622154236,1
home user,0.35812175273895264,1
homofobia,0.3309165835380554,1
homogenisaatio,0.5572725534439087,1
homophobia,0.12428706139326096,0
homorepresentaatio,0.34398263692855835,1
homoseksuaalisuus,0.4251444339752197,1
homosexuality,0.20945313572883606,1
honest signalling theory,0.18604038655757904,1
hopea,0.19075721502304077,1
horizontal jump performance,0.19975686073303223,1
hormonaalinen ehkäisy,0.26296743750572205,1
hormonaaliset vaikutukset,0.5454971790313721,1
hormone concentration,0.13564464449882507,0
hormones,0.43898534774780273,1
hormonihoito,0.27537867426872253,1
hormonit,0.6001247763633728,1
horoskoopit,0.1883397400379181,1
host cells,0.2147778421640396,1
host conformity pressure,0.33452996611595154,1
host species,0.21877560019493103,1
host-pathogen interaction,0.19040900468826294,1
houkuttelevuus,0.2751768231391907,1
housing loans,0.3693752586841583,1
huijaaminen,0.4383581280708313,1
huijaus,0.5153986215591431,1
huippu-urheilijat,0.2301114797592163,1
huippu-urheilu,0.7621853947639465,1
hulluus,0.21017716825008392,1
human agency,0.29724404215812683,1
human capital,0.45069125294685364,1
human resource development,0.2214256227016449,1
human rights,0.22629903256893158,1
human trafficking,0.2406555861234665,1
human-computer interaction,0.471863716840744,1
humanismi,0.2539427876472473,1
humanistinen maantiede,0.21242555975914001,1
humanistiset tieteet,0.5222678780555725,1
humanistit,0.16031894087791443,1
humanitaarinen interventio,0.23488937318325043,1
humanities,0.11166524887084961,0
humour,0.35912206768989563,1
huojunta,0.41228869557380676,1
huojunta (liike),0.24038179218769073,1
huoli,0.17734405398368835,1
huoli-ilmoitus,0.2775075137615204,1
huoltajuuskiistat,0.35711735486984253,1
huolto- ja tapaamisriitatuki,0.16219843924045563,1
huoltoriita,0.3380589783191681,1
huoltovarmuus,0.5179622173309326,1
huoneistot,0.2648269236087799,1
huono-osaisuus,0.22440771758556366,1
huonokuuloisuus,0.3032638728618622,1
huostaanotto,0.1261870265007019,0
hurricane force storms,0.18566781282424927,1
hurricanes,0.15901777148246765,1
huuhtoutuminen,0.2217770367860794,1
huulion lainasana ja kontaktiviittominen.,0.21228748559951782,1
huumeet,0.4087497591972351,1
huumeiden käyttö,0.31692788004875183,1
huumekauppa,0.3279551863670349,1
huumori,0.6725703477859497,1
huumorintaju,0.35196226835250854,1
hybrid warfare,0.20372016727924347,1
hybrid work,0.41467753052711487,1
hybridipeli,0.3586330711841583,1
hybridisaatio,0.5286771655082703,1
hybridisota,0.20108267664909363,1
hybridisyys,0.18426986038684845,1
hybridit,0.22052164375782013,1
hybriditila,0.3229835033416748,1
hybridityö,0.24255478382110596,1
hybridiys,0.29015135765075684,1
hydroformylation,0.1770351082086563,1
hydrogeelit,0.26214799284935,1
hydrogels,0.19588366150856018,1
hydrokortisoni,0.45002540946006775,1
hydrometallurgia,0.37690162658691406,1
hylkääminen,0.1369885951280594,0
hylyt,0.23143722116947174,1
hymiöt,0.21494582295417786,1
hyperaktiivisuus,0.33610883355140686,1
hyperbolinen geometria,0.1389237493276596,0
hyperkilpailu,0.18154627084732056,1
hyperoksia,0.36185774207115173,1
hyperspektrikamera,0.19542886316776276,1
hyperspektrikuvantaminen,0.19288231432437897,1
hypertekstuaalisuus,0.198621928691864,1
hypertrofinen harjoittelu,0.22175869345664978,1
hypertrophy,0.4001510441303253,1
hypoksia,0.5291436910629272,1
hypoksiajakso,0.34327980875968933,1
hypoxia,0.29443955421447754,1
hyppy,0.2613928020000458,1
hyppyharjoittelu,0.2353542149066925,1
hyppykorkeus,0.46053245663642883,1
hyppääminen,0.33413708209991455,1
hyve-etiikka,0.34993594884872437,1
hyveet,0.34746721386909485,1
hyvinvointi,0.9202756285667419,1
hyvinvointi (terveydellinen),0.5179936289787292,1
hyvinvointiala,0.2802463471889496,1
hyvinvointialueet,0.4148883819580078,1
hyvinvointialueuudistus,0.33389589190483093,1
hyvinvointimalli,0.3055366575717926,1
hyvinvointimatkailu,0.3859306573867798,1
hyvinvointiohjelma,0.25734376907348633,1
hyvinvointipalvelut,0.4170777201652527,1
hyvinvointipolitiikka,0.3476598560810089,1
hyvinvointisuunnitelmat,0.22393615543842316,1
hyvinvointiteknologia,0.1527574211359024,1
hyvinvointivalmennus,0.30537834763526917,1
hyvinvointivaltio,0.7709026336669922,1
hyvinvointiyhteiskunnan muutos,0.29471680521965027,1
hyvinvoivat pariskunnat,0.3567727208137512,1
hyvä IT:n hallintatapa,0.37605562806129456,1
hyvä elämä,0.38825786113739014,1
hyvä opettajankouluttaja,0.24758215248584747,1
hyvä opiskelija,0.22226828336715698,1
hyvä äitiys,0.15270043909549713,1
hyväksikäyttö,0.2293563336133957,1
hyväksyminen,0.4599967896938324,1
hyväksymis- ja omistautumisterapia,0.8068538904190063,1
hyväksyttävyys,0.31539449095726013,1
hyödyllisyys,0.1854519248008728,1
hyödyllisyysmalli,0.1667107492685318,1
hyödyllisyysmallit,0.27642831206321716,1
hyödyntäminen,0.40584757924079895,1
hyökkäys,0.4730992615222931,1
hyökkäyspinta,0.3749741315841675,1
hyökkääjä,0.28356942534446716,1
hyökyaallot,0.31505468487739563,1
hyönteiset,0.5887585282325745,1
hyöty,0.2690165936946869,1
hyötyfunktio,0.18543517589569092,1
hyötykäyttö,0.20810219645500183,1
hyötyliikunta,0.1599784642457962,1
hyötypelit,0.29091256856918335,1
häiriintynyt syömiskäyttäytyminen,0.3544934391975403,1
häirintä,0.33076754212379456,1
häiriökäyttäytyminen,0.18820293247699738,1
häiriönpoisto,0.3542531430721283,1
häiriönsietokyky,0.2724338173866272,1
häiriöt,0.5867992043495178,1
händelserelaterade auditiva responser,0.26983702182769775,1
häpeä,0.34126824140548706,1
hääpuvut,0.12230188399553299,0
hääpäivät,0.20545260608196259,1
häät,0.2290322184562683,1
högstadieelever,0.3262249231338501,1
iOS,0.35633009672164917,1
iPad,0.3822634816169739,1
iSCAPE,0.28041574358940125,1
ice hockey,0.37992188334465027,1
ice hockey players,0.3404752314090729,1
ict-palvelu,0.39350059628486633,1
ideaali,0.28187263011932373,1
ideationaalinen metafunktio,0.22751939296722412,1
identification (recognition),0.2223765254020691,1
identifikaatio,0.4610694944858551,1
identifiointi,0.3705054223537445,1
identifioituminen,0.34930869936943054,1
identifioituminen organisaatioon,0.19720935821533203,1
identifioituvuus,0.18598927557468414,1
identiteetin kehittyminen,0.32956555485725403,1
identiteetin taantuma,0.28775569796562195,1
identiteetti,0.9037274718284607,1
identiteettikehitys,0.29300791025161743,1
identiteettikertomus,0.25450462102890015,1
identiteettipolitiikka,0.29138514399528503,1
identiteettiväittämät,0.22507335245609283,1
identitet,0.14337362349033356,1
identity,0.3422103226184845,1
identity (mental objects),0.45183706283569336,1
identity construction,0.4333517253398895,1
identity formation,0.17967237532138824,1
identity formation online,0.2319648712873459,1
identity politics,0.16343168914318085,1
identtiset kaksoset,0.5091165900230408,1
ideointi,0.280671089887619,1
ideologiat,0.6186336278915405,1
ideologies,0.3591814339160919,1
ideology,0.19455190002918243,1
idrottsgymnasier,0.20983068645000458,1
ihanneikä,0.4599967896938324,1
ihanteet,0.28718480467796326,1
ihmeet,0.2611711621284485,1
ihmeitä tekevät ikonit,0.23534779250621796,1
ihmesadut,0.21179400384426117,1
ihminen,0.6156577467918396,1
ihminen-eläinsuhde,0.28618550300598145,1
ihmisen eksperttiys,0.38989686965942383,1
ihmisen ja robotin välinen vuorovaikutus,0.3795003890991211,1
ihmisen ja tietokoneen vuorovaikutus,0.45928841829299927,1
ihmisen vaikutus ympäristöön,0.3704913854598999,1
ihmisen ylittävä,0.23106887936592102,1
ihmiskauppa,0.3934045732021332,1
ihmiskeskeisyys,0.3941256105899811,1
ihmiskuva,0.35122254490852356,1
ihmisoikeudet,0.4332695007324219,1
ihmisoikeusperustaisuus,0.1862105131149292,1
ihmissudet,0.23420584201812744,1
ihmissuhteet,0.5176486372947693,1
ihmistieteet,0.30846962332725525,1
ihmistieteiden historia,0.18429189920425415,1
ihmistieteitten tieteenfilosofinen kriisi,0.19793623685836792,1
iho,0.6522149443626404,1
ihokonduktanssi,0.20461764931678772,1
ihon  sähkönjohtavuus,0.20629900693893433,1
ihon sähkönjohtavuuden huippukohdat,0.3250700831413269,1
ihon sähkönjohtavuus,0.7461613416671753,1
ikkunapyydys,0.354777455329895,1
ikonimaalarit,0.2455243319272995,1
ikonimaalaus,0.2626813054084778,1
ikonit,0.22405168414115906,1
ikonitaide,0.25405818223953247,1
ikonografia,0.22972920536994934,1
ikonostaasit,0.1763550192117691,1
ikä,0.7255812883377075,1
ikäasenteet,0.36208561062812805,1
ikäihmiset,0.2180134505033493,1
ikäkausiajattelu,0.1040901318192482,0
ikäkokemus,0.5366121530532837,1
ikärajaluokittelu,0.27695170044898987,1
ikärakenne,0.17475371062755585,1
ikästratifikaatio,0.2377842515707016,1
ikävä,0.4255243241786957,1
ikääntyminen,0.9176045060157776,1
ikääntymispoliittinen strategia,0.285564124584198,1
ikääntymispolitiikka,0.1677512228488922,1
ikääntyneet,0.9398933053016663,1
ikääntyneet naiset,0.334621787071228,1
ikääntyneiden liikunta,0.17140156030654907,1
ikääntyneiden terveyden edistäminen,0.17060092091560364,1
ikääntynyt,0.43235719203948975,1
ikääntynyt ihminen,0.2407696694135666,1
ikääntyvä,0.23129749298095703,1
ikääntyvä työntekijä,0.31860998272895813,1
ikääntyvät työntekijät,0.43695464730262756,1
ilkeät ongelmat,0.35453784465789795,1
ilmaantuvuus,0.276632159948349,1
ilmaisimet,0.30719494819641113,1
ilmaisu,0.4411625862121582,1
ilmaisukasvatus,0.17641118168830872,1
ilmakehä,0.20889805257320404,1
ilmapiiri,0.6177072525024414,1
ilmasto,0.5076740384101868,1
ilmastoahdistus,0.3195575773715973,1
ilmastodiskurssit,0.16033421456813812,1
ilmastofiktio,0.1797591596841812,1
ilmastojournalismi,0.1686754822731018,1
ilmastokasvatus,0.43997785449028015,1
ilmastokokoukset,0.3613964319229126,1
ilmastokriisi,0.18815653026103973,1
ilmastoliike,0.15799231827259064,1
ilmastonmuokkaus,0.24658790230751038,1
ilmastonmuutokset,0.7643166184425354,1
ilmastonmuutos,0.226165771484375,1
ilmastonsuojelu,0.34937214851379395,1
ilmastopakolaisuus,0.34144002199172974,1
ilmastopolitiikka,0.6595756411552429,1
ilmastotoimittaja,0.21214276552200317,1
ilmastovaikutukset,0.2728296220302582,1
ilmastoviestintä,0.24076242744922638,1
ilmavalvonta,0.24690861999988556,1
ilmavoimat,0.1657722294330597,1
ilmiöoppiminen,0.1644435077905655,1
ilmiöt,0.26421305537223816,1
iltapäivälehdet,0.3501688241958618,1
image classification,0.2019646316766739,1
imaginary part of coherency,0.1802351474761963,1
imaging,0.30109724402427673,1
imago,0.6150742769241333,1
imagologia,0.16855517029762268,1
imagotyö,0.31090468168258667,1
imetys,0.43690595030784607,1
imeytyminen,0.23483313620090485,1
imitation,0.21595613658428192,1
immateriaalioikeus,0.499838650226593,1
immersion,0.3558347523212433,1
immersion education,0.3223424553871155,1
immersion experience,0.24932193756103516,1
immigrant,0.19696776568889618,1
immigrant  entrepreneurship,0.19785389304161072,1
immigrant patients,0.21034862101078033,1
immigrants,0.41911640763282776,1
immigration,0.40557730197906494,1
immigration policy,0.30254486203193665,1
immuniteetti,0.3178093433380127,1
immunohistochemistry,0.24962975084781647,1
immunohistokemia,0.25392740964889526,1
immuunijärjestelmä,0.2748797833919525,1
immuunipuolustus,0.3500519096851349,1
imperatiivi,0.3022831976413727,1
imperialismi,0.376597136259079,1
imperiumit,0.2701075077056885,1
implantit,0.37937915325164795,1
implementointi,0.1743469536304474,1
implikaatiot,0.4757271409034729,1
importance,0.317260205745697,1
impostor phenomenon,0.1072549819946289,0
impressionismi,0.15913330018520355,1
improvisaatio,0.20927730202674866,1
improvisaatioteatteri,0.36631476879119873,1
improvisaatiotyypit,0.30193138122558594,1
improvisation,0.1919155865907669,1
improvisointi,0.5347485542297363,1
in vitro,0.2530125081539154,1
in vivo,0.207901731133461,1
in-game advertisement,0.26013022661209106,1
in-game purchase,0.3016899824142456,1
in-service teachers,0.2595932185649872,1
inaktiivisuus,0.28507453203201294,1
inattentiveness,0.324232280254364,1
inclusion,0.5399791598320007,1
inclusive education,0.4311714172363281,1
inclusivity,0.2609478831291199,1
income distribution,0.1898261159658432,1
incomplete market,0.2924213707447052,1
incumbent companies,0.192076176404953,1
indeksinen merkki,0.12344014644622803,0
indexical order,0.19357329607009888,1
indexical sign,0.1144818589091301,0
indexicality,0.1261102706193924,0
indicators,0.1936696618795395,1
indigenous organizational structure,0.2320883870124817,1
indigenous resistance,0.12060979753732681,0
indikaattorit,0.23854433000087738,1
individual,0.15248273313045502,1
individual differences,0.3116464912891388,1
individual integration,0.173052579164505,1
individual learning,0.22444003820419312,1
individual learning model,0.2034439593553543,1
individualisaatio,0.2680789530277252,1
individualisering,0.32399794459342957,1
individualismi,0.1806073933839798,1
individuella idrottare,0.24838361144065857,1
indoktrinatiivinen opetus,0.25944727659225464,1
induktiivisesti kytketty plasma,0.18218696117401123,1
induktiovaihe,0.31884270906448364,1
induktiovaiheen haasteet,0.430797278881073,1
industrial companies,0.3107903301715851,1
industrial control system,0.2345050573348999,1
industrial symbiosis,0.24550916254520416,1
industry,0.3447191119194031,1
industry evolution,0.3237330913543701,1
industry recipe,0.42827707529067993,1
inequality,0.30341848731040955,1
inertiaalianturit,0.3436135947704315,1
inertiamittayksikkö,0.2303328961133957,1
infection,0.2205652892589569,1
infections,0.2664515972137451,1
infektiot,0.45289146900177,1
inflaatio,0.18458281457424164,1
influence,0.30772778391838074,1
influencer marketing,0.3079169690608978,1
influencers’ attributes,0.22116458415985107,1
influencing,0.26334935426712036,1
influential factors,0.1809842586517334,1
infograafit,0.15166324377059937,1
informaali oppiminen,0.24708238244056702,1
informaatio,0.6325763463973999,1
informaatioarvo,0.19013938307762146,1
informaatiolukutaito,0.5498266816139221,1
informaation diffuusio,0.49512332677841187,1
informaation filosofia,0.4100475311279297,1
informaation paikantaminen,0.3632888197898865,1
informaation yksityisyys,0.3823602795600891,1
informaatioresurssi,0.2807878255844116,1
informaatiosodankäynti,0.264314204454422,1
informaatioteknologia,0.3518486022949219,1
informaatiotulva,0.26990729570388794,1
informal intercultural learning,0.15328022837638855,1
informal learning,0.4378421902656555,1
information and communication technology,0.27757763862609863,1
information and communications technology,0.6286669969558716,1
information and communications technology (ICT),0.3561815023422241,1
information management,0.26826411485671997,1
information networks,0.2990591824054718,1
information quality,0.18638600409030914,1
information security,0.5516339540481567,1
information security awareness,0.35288745164871216,1
information security behavior,0.32998883724212646,1
information security behavior change,0.3694285750389099,1
information security professionals,0.3785639703273773,1
information systems,0.24626865983009338,1
information systems research,0.14809899032115936,1
information tech- nology and system,0.2796625792980194,1
information technology,0.492449551820755,1
information technology companies,0.2016865760087967,1
information technology sector,0.4928544759750366,1
information warfare,0.29800376296043396,1
infosfääri,0.3247424364089966,1
infrapunasauna,0.28784677386283875,1
infrarakentaminen,0.18995007872581482,1
infrastruktuurit,0.4825158715248108,1
inhibiittorit,0.30066394805908203,1
inhibitiokyky,0.2190483659505844,1
inhibitions,0.21666601300239563,1
inhimillinen,0.3262568414211273,1
inhimillinen kohtelu,0.3753710687160492,1
inhimillinen pääoma,0.33628594875335693,1
inhimilliset tekijät,0.268994003534317,1
inhimilliset toimintamahdollisuudet,0.28109821677207947,1
inhimillisyys,0.2313629537820816,1
inhomogeneous cosmological models,0.3464308977127075,1
initial access,0.24309343099594116,1
initialization,0.436410516500473,1
injury,0.1677255928516388,1
inklusiivinen opetus,0.23014751076698303,1
inklusiivinen varhaiskasvatus,0.2688886225223541,1
inklusiivisuus,0.13947947323322296,0
inkluusio,0.8348259925842285,1
inkongruenssiteoria,0.18940751254558563,1
inkrementaalinen,0.1840125173330307,1
inlärningsstilar,0.22489327192306519,1
innate immune system,0.2052190601825714,1
innovaatio,0.23862668871879578,1
innovaation diffuusio,0.47438088059425354,1
innovaation diffuusion teoria,0.16204306483268738,1
innovaation diffuusioteoria,0.3841572403907776,1
innovaatioprosessi,0.20780768990516663,1
innovaatiot,0.7311601042747498,1
innovaatioteoriat,0.2080608606338501,1
innovaatiotoiminta,0.24339278042316437,1
innovatiivisuus,0.39592066407203674,1
innovation (activity),0.25189054012298584,1
innovation process,0.1539819836616516,1
innovations,0.5752940773963928,1
innovointi,0.2963457405567169,1
inorganic chemistry,0.1296987384557724,0
insect herbivore,0.42141830921173096,1
insects,0.2250882238149643,1
insinöörit,0.3332924246788025,1
insomnia,0.35069313645362854,1
inspiraatio,0.27408427000045776,1
installaatiot,0.14669938385486603,1
institutionaalinen etnografia,0.20611178874969482,1
institutionaalinen valta,0.40370994806289673,1
institutionaalisuus,0.26879531145095825,1
institutional gender reproduction,0.21687725186347961,1
institutional power,0.501311182975769,1
institutional work,0.221198171377182,1
instituutiot,0.5545205473899841,1
instructional leadership,0.1477571427822113,1
instructional self-talk,0.2902975082397461,1
instrumentoiva leikkaushoitaja,0.2535986304283142,1
instrumenttiavusteinen faskiakäsittely,0.32903119921684265,1
inställning,0.16247020661830902,1
insuliini,0.3872864842414856,1
insuliiniherkkyys,0.34693706035614014,1
insuliinin vaikutus,0.30458587408065796,1
insuliiniresistenssi,0.3457787036895752,1
insulin sensitivity,0.4526069760322571,1
insurance,0.1521361917257309,1
insurance contracts,0.19631338119506836,1
insurance mathematics,0.29352596402168274,1
integraalilaskenta,0.203780859708786,1
integraatio,0.8085985779762268,1
integraatioasteikko,0.2186472862958908,1
integraatiokoulutus,0.2511042356491089,1
integraation determinantit,0.34744030237197876,1
integraatioprojekti,0.2545839250087738,1
integraatioryhmä,0.2563021183013916,1
integraatioväylä,0.29613709449768066,1
integrated teaching,0.25741270184516907,1
integration (passive),0.12826304137706757,0
integration of migrants,0.23779477179050446,1
integration policies,0.16172069311141968,1
integrative,0.1286221146583557,0
integrative measures,0.189382404088974,1
integriinit,0.13140472769737244,0
integriteetti,0.4746875464916229,1
integrointi,0.37584206461906433,1
integroitu markkinointiviestintä,0.17768797278404236,1
integroitu opetus,0.28097209334373474,1
integroitu ryhmä,0.22032389044761658,1
intellectual disability,0.22245940566062927,1
intellectual history,0.15231908857822418,1
intellectual property,0.1830131709575653,1
intellectual property rights,0.16415643692016602,1
intelligence (mental properties),0.17991191148757935,1
intelligence analysis,0.27607885003089905,1
intelligence and reconnaissance,0.3759334087371826,1
intelligent facial surveillance,0.23230551183223724,1
intelligibility,0.1392837017774582,0
intensiteetinmuutos,0.309470534324646,1
intensiteetti,0.3479689359664917,1
intensity,0.29677844047546387,1
intensity change,0.1412450075149536,1
intensity corrections,0.3143226206302643,1
intentio,0.45219406485557556,1
intentionaalisuus,0.22209422290325165,1
inter-individual variability,0.17862388491630554,1
interaction,0.5064071416854858,1
interaction analysis,0.18410824239253998,1
interaction order,0.26483699679374695,1
interactional sociolinguistics,0.2700265049934387,1
interactive,0.12205406278371811,0
interactive art,0.24267441034317017,1
interactive real-time sonification,0.1784103810787201,1
interactive technology,0.21242474019527435,1
interactivity,0.22647009789943695,1
interaktiivinen taide,0.3378971219062805,1
interaktiivisuus,0.3827468752861023,1
intercultural communication,0.6403746604919434,1
intercultural communication experiences,0.34384164214134216,1
intercultural communicative competence,0.15831424295902252,1
intercultural competence,0.488973468542099,1
intercultural competences,0.21459653973579407,1
intercultural empathy,0.182368203997612,1
intercultural friendship,0.18521416187286377,1
intercultural intelligence,0.11219761520624161,0
intercultural interaction,0.27011430263519287,1
intercultural relationships,0.3025306463241577,1
interculturalism,0.5419490337371826,1
interfaces (computer programmes),0.2195899933576584,1
interferenssi (kielitiede),0.24222387373447418,1
intergroup communication,0.12348490208387375,0
interkulttuurinen kompetenssi,0.3663753867149353,1
interkulturelle Kompetenz,0.2416539192199707,1
interkulturelles Lernen,0.2577168047428131,1
intermediaalisuus,0.20605692267417908,1
internal communication,0.3712502121925354,1
internal processes,0.1684250682592392,1
international competence,0.303194135427475,1
international education,0.20799347758293152,1
international employees,0.2127574384212494,1
international entrepreneurship,0.2387487143278122,1
international figure skating competitions,0.22896817326545715,1
international higher education cooperation,0.22289326786994934,1
international human resources management,0.27936670184135437,1
international master’s program,0.22190526127815247,1
international mobility,0.23904114961624146,1
international politics,0.25890499353408813,1
international relations,0.38448867201805115,1
international students,0.2713007628917694,1
international trade,0.43284130096435547,1
internationalisation,0.36337757110595703,1
internationality,0.3750752806663513,1
internationalization,0.2883181869983673,1
internationalization behavior,0.15211132168769836,1
internationalization of higher education,0.1290820688009262,0
internationalization process,0.16241617500782013,1
internet,0.4759717583656311,1
internet delivered,0.2101605087518692,1
internet of things,0.14442504942417145,1
internet- ja kännykkäkiusaaminen,0.22161784768104553,1
internetkeskustelu,0.23661741614341736,1
internetlukeminen,0.2894273102283478,1
internetlähteet,0.17800219357013702,1
interoception,0.1951581984758377,1
interoceptive sensitivity,0.22231848537921906,1
interoseptio,0.44206297397613525,1
interpersonaalinen viestintä,0.3339974582195282,1
interpersonal communication,0.27524471282958984,1
interpersoonainen metafunktio,0.2789337635040283,1
interpolated twitch technique,0.2146141082048416,1
interpretation (cognition),0.21971851587295532,1
interpretationismi,0.3165019452571869,1
interpretative phenomenological analysis,0.31725531816482544,1
interpreters,0.14571329951286316,1
interpreting,0.2277514785528183,1
intersectionality,0.18842118978500366,1
intersektionaalisuus,0.3406098186969757,1
intersubjektiivisuus,0.3702601492404938,1
intertekstuaalisuus,0.6608126163482666,1
interval training,0.32388341426849365,1
intervalliharjoittelu,0.44194698333740234,1
intervallijuoksuharjoittelu,0.2205819934606552,1
intervallit,0.2754305303096771,1
interventio,0.9128223061561584,1
interventiohoito,0.3841399848461151,1
intervention,0.4244736433029175,1
interventionistinen tutkimus,0.17656075954437256,1
interventiotutkimus,0.43506696820259094,1
interview,0.2883968651294708,1
interview method,0.2092442810535431,1
interview study,0.17301122844219208,1
interviews,0.21966059505939484,1
interviews time management,0.10698990523815155,0
interwar period,0.1540108323097229,1
intiimi terrorismi,0.17161840200424194,1
intimate partner violence,0.511346697807312,1
intohimo,0.17348001897335052,1
intonaatio,0.3346720337867737,1
intonation,0.2767408788204193,1
intranet,0.18733631074428558,1
intressi,0.23613955080509186,1
intressikamppailu,0.27622199058532715,1
intressiristiriidat,0.21889294683933258,1
intressit,0.36804142594337463,1
intrinsic aerobic capacity,0.24945293366909027,1
intrinsic efficiency,0.1813867688179016,1
intrinsic value,0.22484037280082703,1
intrinsic-,0.14156872034072876,1
intrusion detection systems,0.45501720905303955,1
intrusiveness,0.18841677904129028,1
intuitio,0.4939279854297638,1
intuition,0.20284190773963928,1
invented language,0.31007757782936096,1
inventio,0.13855929672718048,0
inventointi,0.25386276841163635,1
inverse dynamics,0.19116060435771942,1
inversio-ongelmat,0.41598257422447205,1
investements,0.18250836431980133,1
investment activities,0.2866121232509613,1
investment companies,0.19410046935081482,1
investment valuation,0.20048242807388306,1
investments,0.2913241982460022,1
investoinnit,0.5936744213104248,1
investointi,0.46169313788414,1
investointilaskelmat,0.24308134615421295,1
investointilaskentamenetelmät,0.2783907353878021,1
investointipäätös,0.23833689093589783,1
investor behavior,0.17760279774665833,1
investor communication,0.32808756828308105,1
investor relations,0.3113076984882355,1
investors,0.4470316171646118,1
involvement,0.19282430410385132,1
involvement (participation),0.2718358039855957,1
ion beam,0.10044774413108826,0
ion guide,0.21355348825454712,1
ionikromatografia,0.26779207587242126,1
ioniohjain,0.24502524733543396,1
ionisation chamber,0.13435928523540497,0
ionising radiation,0.19052152335643768,1
ionisoiva säteily,0.4483586251735687,1
ionit,0.48516789078712463,1
ions,0.2748834490776062,1
ironia,0.579555332660675,1
irtaimisto,0.20180143415927887,1
irtisanominen,0.3132745921611786,1
irtisanotuksi joutuminen,0.25082695484161377,1
iskias,0.2605879008769989,1
iskiasoireyhtymä,0.30751833319664,1
iskulyönnin nopeus,0.29418283700942993,1
islam,0.5968992114067078,1
islamismi,0.33665722608566284,1
ismit,0.23773367702960968,1
isokinetic,0.24970287084579468,1
isomers,0.21794074773788452,1
isometria,0.24522188305854797,1
isometriikka,0.15266850590705872,1
isometrinen polvenojennusvoima,0.2602154314517975,1
isometrinen voimantuotto,0.4336155354976654,1
isotoopit,0.43376410007476807,1
issue salience,0.15682490170001984,1
istminen spondylolisteesi,0.2760063707828522,1
istuminen,0.607520341873169,1
isyys,0.5372450947761536,1
isä-lapsisuhde,0.2483205795288086,1
isänmaallisuus,0.22941522300243378,1
isäntäkasvin laatu,0.31737086176872253,1
isäntäkasvit,0.36805057525634766,1
isäntälajit,0.225544273853302,1
isäntäsolut,0.29442599415779114,1
isät,0.6350744366645813,1
isättömyys,0.20431841909885406,1
isätyö,0.20174936950206757,1
it-palvelut,0.2578779458999634,1
it-palvelutuotanto,0.29222342371940613,1
iterointi,0.3321149945259094,1
itiöeläimet,0.15181413292884827,1
itku,0.3122667670249939,1
itku (viestintä),0.23349857330322266,1
itkun vastaanottotavat,0.22375120222568512,1
ito isometry,0.22222839295864105,1
itse,0.2712498903274536,1
itseapu,0.2507713735103607,1
itseapu (psykologia),0.40634074807167053,1
itseapuinterventio,0.31919097900390625,1
itsearviointi,0.67933189868927,1
itsearviointilomake,0.22759400308132172,1
itsearvioitu terveys,0.3075680136680603,1
itsearvostus,0.19492651522159576,1
itsehallinto,0.18826806545257568,1
itsehavainnointi,0.2744359076023102,1
itsehillintä,0.2509050965309143,1
itsehillintämekanismi,0.27646055817604065,1
itsehoidollisuus,0.25998952984809875,1
itsehoito,0.5422424077987671,1
itseilmaisu,0.30024659633636475,1
itseisarvo,0.17830556631088257,1
itseisarvo (filosofia),0.16860926151275635,1
itseluottamus,0.41549429297447205,1
itsemurha,0.2499643862247467,1
itsemurhaterrorismi,0.19278667867183685,1
itsemäärääminen,0.5513669848442078,1
itsemääräämisoikeus,0.5978893041610718,1
itsemääräämisteoria,0.6289823651313782,1
itsensä johtaminen,0.24638117849826813,1
itsensä johtamisen keinot,0.4892583191394806,1
itsensä museoiminen,0.2763128876686096,1
itsensä toteuttaminen,0.23658864200115204,1
itsensä työllistäjä,0.15678513050079346,1
itsenäinen liikkuminen,0.2309182733297348,1
itsenäinen lukeminen,0.22174164652824402,1
itsenäistyminen (valtiot),0.2735190987586975,1
itseohjautuva oppiminen,0.4087536633014679,1
itseohjautuvuus,0.6087226867675781,1
itseohjautuvuusteoria,0.19981007277965546,1
itsepalvelu,0.21691343188285828,1
itsepalveluteknologia,0.15984441339969635,1
itsepuhe,0.2653449475765228,1
itsereflektio,0.279350221157074,1
itsesensuuri,0.16771934926509857,1
itsestäkertominen,0.31875836849212646,1
itsestäänselvyys,0.15538688004016876,1
itsesäätely,0.6339112520217896,1
itsesäätely (psykologia),0.3429206311702728,1
itsesäätelytaidot,0.4842250347137451,1
itsetuntemus,0.4271969199180603,1
itsetunto,0.7768440842628479,1
itseymmärrys,0.39048928022384644,1
itt,0.15774564445018768,1
itämainen despotia,0.16485266387462616,1
itämainen filosofia,0.2351250797510147,1
itäminen,0.2492288053035736,1
itävyys,0.22768071293830872,1
iäkkäät ihmiset,0.17972595989704132,1
iänmääritys,0.25849318504333496,1
jaettu asiantuntijuus,0.27600517868995667,1
jaettu johtajuus,0.564786434173584,1
jaettu palvelukeskus,0.25450244545936584,1
jaettu tarkkaavaisuus,0.25361594557762146,1
jaettu toimijuus,0.24821186065673828,1
jaettu vanhemmuus,0.2774011194705963,1
jahiliyyah,0.35872402787208557,1
jakaminen,0.510909914970398,1
jakaumat,0.23264071345329285,1
jakelu,0.40738198161125183,1
jaksaminen,0.6570098400115967,1
jalat,0.6845454573631287,1
jalkapallo,0.7948080897331238,1
jalkapalloilijat,0.6230186820030212,1
jalkaväki,0.32409629225730896,1
jalometallikatalyytti,0.13699617981910706,0
jalometallit,0.19065198302268982,1
jaollisuus,0.26871904730796814,1
jatkosodan kirjeet,0.16491392254829407,1
jatkosota,0.5756688117980957,1
jatkuva integraatio,0.34584519267082214,1
jatkuva kehittäminen,0.27183738350868225,1
jatkuva koulutus,0.39616671204566956,1
jatkuva oppiminen,0.4503050148487091,1
jatkuvuuden hallinnan strategia,0.26011818647384644,1
jatkuvuuden hallinta,0.4135074317455292,1
jatkuvuudenhallinta,0.4729035496711731,1
jatkuvuus,0.2876752018928528,1
jatkuvuus- ja toipumissuunnittelu,0.21168197691440582,1
jatkuvuussuunnittelu,0.38639217615127563,1
jauheet,0.12079056352376938,0
jazz,0.3104240298271179,1
jihadismi,0.49960437417030334,1
job design,0.21001771092414856,1
job satisfaction,0.3321768343448639,1
joet,0.40428054332733154,1
johdon laskentatoimi,0.5389080047607422,1
johdon palkitseminen,0.22574712336063385,1
johdon tuki,0.2096811830997467,1
johtaja-työntekijävuorovaikutus,0.2892003655433655,1
johtajakoulutus,0.18833692371845245,1
johtajan vuorovaikutusosaaminen,0.24073606729507446,1
johtajat,0.5781622529029846,1
johtajuus,0.8528961539268494,1
johtaminen,0.9329878687858582,1
johtamisen motivaatio,0.34030404686927795,1
johtamisjärjestelmät,0.1357087939977646,0
johtamiskompetenssit,0.2239685356616974,1
johtamiskoulutus,0.2756517231464386,1
johtamiskäyttäytyminen,0.24175772070884705,1
johtamismotivaatio,0.26877298951148987,1
johtamistyö,0.34948626160621643,1
johtamisviestintä,0.33999815583229065,1
johtoryhmä,0.25227606296539307,1
johtoryhmät,0.45247480273246765,1
johtosäännöt,0.32587161660194397,1
johtotehtäviin liittyvät huolenaiheet,0.18887345492839813,1
joints (musculoskeletal system),0.2214411050081253,1
jokijatkumo,0.18576458096504211,1
jokirapu,0.31153371930122375,1
jooga,0.09125550836324692,0
joukko-oppi,0.2359406054019928,1
joukkohaudat,0.2071898877620697,1
joukkoistaminen,0.34169498085975647,1
joukkokäyttäytyminen,0.19904571771621704,1
joukkoon kuulumisen tunne,0.21559982001781464,1
joukkorahoitus,0.537635862827301,1
joukkoruokailu,0.19214175641536713,1
joukkovelkakirja,0.141000434756279,1
joukkovelkakirjat,0.25105178356170654,1
joukkoviestimet,0.41352933645248413,1
joukkoviestintä,0.41056394577026367,1
joukkoäly,0.2011185884475708,1
joukkueenjakomenetelmät,0.3174534738063812,1
joukkueet (urheilu),0.31360548734664917,1
joukkuekaverit,0.30926021933555603,1
joukkuepalloilulajit,0.24440757930278778,1
joukkuepelit,0.3192940056324005,1
joukkueurheilu,0.7163333296775818,1
joukkuevalmennus,0.2912522554397583,1
joukkuevoimistelu,0.5386170148849487,1
journalism,0.13562418520450592,0
journalismi,0.7232711911201477,1
journalismin etiikka,0.2681306302547455,1
journalismiprofessio,0.24487747251987457,1
journalistien roolikäsitykset,0.14016415178775787,1
journalistiikka,0.612235963344574,1
journalistinen identiteetti,0.248310387134552,1
journalistit,0.2003224641084671,1
jousi-massa-malli,0.3685014247894287,1
jousisoittajat,0.3378560543060303,1
jousisoittimet,0.2028726488351822,1
joustava perusopetus,0.2557740807533264,1
joustavuus,0.47943657636642456,1
joutomaa,0.2233205884695053,1
julisteet,0.10341260582208633,0
julkaisuajankohta,0.1861233413219452,1
julkaisun formaatti,0.17035792768001556,1
julkaisun interaktiivisuus,0.22460709512233734,1
julkaisun sisältötyyppi,0.1860036551952362,1
julkinen asiakaspalaute,0.2657817304134369,1
julkinen hallinto,0.7876643538475037,1
julkinen keskustelu,0.5643335580825806,1
julkinen maakohtainen raportointi,0.26223495602607727,1
julkinen organisaatio,0.24297191202640533,1
julkinen sairaalaorganisaatio,0.23128165304660797,1
julkinen sektori,0.6617835164070129,1
julkinen taide,0.5113644599914551,1
julkinen talous,0.20045912265777588,1
julkinen tietojärjestelmähankinta,0.17653681337833405,1
julkinen tila,0.27307090163230896,1
julkinen veistos,0.3051117956638336,1
julkisen oikeuttamisen analyysi,0.18537019193172455,1
julkiset hankinnat,0.546991229057312,1
julkiset organisaatiot,0.45650291442871094,1
julkiset palvelut,0.33833321928977966,1
julkiset rakennukset,0.3567884862422943,1
julkiset tilat,0.4487287104129791,1
julkishallinto,0.40037763118743896,1
julkisivulevyt,0.1890619993209839,1
julkisivut,0.2070942521095276,1
julkisuuden henkilöt,0.30949509143829346,1
julkisuus,0.40077561140060425,1
julkisuuskuva,0.3535451889038086,1
jump height,0.26064395904541016,1
jump process,0.17103151977062225,1
jumping performance,0.4279058575630188,1
juniorijalkapalloilija,0.1653653234243393,1
junioritoiminta,0.1913401484489441,1
junioriurheilija,0.22004005312919617,1
junioriurheilu,0.325361430644989,1
juoksu,0.7533042430877686,1
juoksuharjoitus,0.3407851457595825,1
juoksun biomekaniikka,0.40030068159103394,1
juoksutapahtuma,0.2939913868904114,1
juomavesi,0.19018462300300598,1
juoni,0.2568173408508301,1
juopumus,0.32182812690734863,1
jutun imu,0.216002956032753,1
juuret,0.19623787701129913,1
juutalaiset,0.18765263259410858,1
juvenile diabetes,0.22280989587306976,1
jäljitettävyys,0.3695685565471649,1
jälkeläisten elinvoimaisuus,0.285072922706604,1
jälkiklassinen kertomusteoria,0.28539031744003296,1
jälkikoloniaalisuus,0.2835501730442047,1
jälkikäsittely,0.21187053620815277,1
jälkimoderni taide,0.16735143959522247,1
jälkipalvelu,0.24536438286304474,1
jälkiteollinen yhteiskunta,0.3585035800933838,1
jälkiäänitys,0.21611519157886505,1
jännitteet,0.1437036246061325,1
jännittäminen,0.5371211767196655,1
jänteet,0.18674759566783905,1
järjen ja emootion dualismi,0.3702920377254486,1
järjestelmä,0.33940446376800537,1
järjestelmäarkkitehtuuri,0.3622666299343109,1
järjestelmäkehitys,0.23430727422237396,1
järjestelmän käyttöönotto,0.2396090179681778,1
järjestelmäsuunnittelu,0.32603204250335693,1
järjestelmät,0.6226621866226196,1
järjestyshäiriöt,0.26472458243370056,1
järjestäytyminen,0.17956265807151794,1
järjestäytynyt rikollisuus,0.3478638827800751,1
järjestö,0.2814255952835083,1
järjestölehdet,0.2891351580619812,1
järjestöt,0.6395158171653748,1
järjestötoiminta,0.5322965979576111,1
järki,0.2320501208305359,1
järvet,0.6759728193283081,1
järvilohi,0.4211614429950714,1
järvisimpukka,0.2641656994819641,1
jäsenkorjaus,0.2459711730480194,1
jäsennellyt tiedusteluanalyysimenetelmät,0.34056389331817627,1
jäsenvaltiot,0.16725730895996094,1
jäsenyys,0.28918352723121643,1
jätehuolto,0.29305166006088257,1
jäteveden käsittely,0.24415041506290436,1
jätevesi,0.4227030575275421,1
jätevesiliete,0.39256909489631653,1
jätevesitutkimus,0.22243569791316986,1
jätteet,0.4816252291202545,1
jätteiden käsittely,0.2098982334136963,1
jättipalsami,0.30833929777145386,1
jättiputket,0.35195499658584595,1
jäykkyys,0.4245144724845886,1
jääkiekko,0.6175626516342163,1
jääkiekkoilijat,0.5677887797355652,1
k-fold cross validation,0.2130114734172821,1
k-means,0.14735941588878632,1
k-means++,0.4249771237373352,1
k-mer,0.1757168471813202,1
k:n keskiarvon ryhmittely,0.2379027009010315,1
kaaosteoria,0.22690792381763458,1
kaarnakuoriaiset,0.40476998686790466,1
kaasukromatografia,0.3038613498210907,1
kaasuntuotanto,0.3017365336418152,1
kaasusuihku,0.30872583389282227,1
kaasutus,0.18343301117420197,1
kaatuminen,0.628851056098938,1
kaatumisen pelko,0.3324313759803772,1
kaatumishistoria,0.33081454038619995,1
kaatumispelko,0.3924790620803833,1
kaavoitus,0.27207571268081665,1
kadmium,0.3418998718261719,1
kadut,0.3435472249984741,1
kahdeksikkojuoksu,0.29524341225624084,1
kahvilat,0.21384727954864502,1
kaikkikanavaisuus,0.24213328957557678,1
kaivannaisteollisuus,0.41767624020576477,1
kaivosteollisuus,0.12318223714828491,0
kaivostoiminta,0.31705790758132935,1
kaksifaktoriteoria,0.2694028615951538,1
kaksijakoinen sukupuolikäsitys,0.22931711375713348,1
kaksikielinen opetus,0.2924250364303589,1
kaksikielinen pedagogiikka,0.09677598625421524,0
kaksikieliset koulut,0.2005385160446167,1
kaksikielisyys,0.7460234761238098,1
kaksikulttuurisuus,0.2545011341571808,1
kaksimodaalinen monikielisyys,0.281269907951355,1
kaksipäinen olkalihas,0.31096503138542175,1
kaksisiipiset,0.25313085317611694,1
kaksisuuntainen integraatio,0.24586071074008942,1
kaksisuuntainen kotoutuminen,0.30942535400390625,1
kaksivuotinen esiopetus,0.22172881662845612,1
kaksivuotisen esiopetuksen kokeilu,0.36552730202674866,1
kaksoisasiakkuus,0.19605392217636108,1
kaksoiskelpoisuus,0.3223930895328522,1
kaksoisperspektiivi,0.2577783763408661,1
kaksoisura,0.4063657522201538,1
kaksoset,0.46828994154930115,1
kaksostutkimus,0.36953863501548767,1
kalabiologian opetus,0.37836289405822754,1
kalakannat,0.4237763583660126,1
kalalaskuri,0.27477774024009705,1
kalanistutus,0.3419640064239502,1
kalanjalostus,0.4098999798297882,1
kalanpoikanen,0.27653253078460693,1
kalanpoikaset,0.2421269416809082,1
kalanviljely,0.5083794593811035,1
kalanviljelylaitokset,0.3082008957862854,1
kalastelusta  ilmoittaminen,0.3956015408039093,1
kalastus,0.411764532327652,1
kalasääski,0.16932252049446106,1
kalat,0.591505229473114,1
kalat (eläimet),0.4578581154346466,1
kalataudit,0.2044544667005539,1
kalatiet,0.2957152724266052,1
kalorimetria,0.17619779706001282,1
kaltoinkohtelu,0.638442873954773,1
kalusteet,0.4193359315395355,1
kalvot (biologia),0.19555874168872833,1
kameravalvonta,0.13635355234146118,0
kampanjat,0.2834894061088562,1
kampela,0.3354070484638214,1
kamppailulajit,0.2786341607570648,1
kampukset,0.22500374913215637,1
kananmunat,0.29553863406181335,1
kanavaintegraatio,0.22304363548755646,1
kanavaprofiili,0.2919044494628906,1
kandidaatiksi valmistuminen,0.2008514106273651,1
kangasmetsät,0.30696937441825867,1
kannanlaskenta,0.12701500952243805,0
kannattavat asiakkaat,0.31485888361930847,1
kannattavuus,0.4402303099632263,1
kannattelevat tekijät,0.25983721017837524,1
kannettavat tietokoneet,0.4266848862171173,1
kannot,0.5881834626197815,1
kannustavuus,0.19596721231937408,1
kannustimet,0.28471457958221436,1
kansainvälinen  turvallisuus,0.24970491230487823,1
kansainvälinen ilmastopolitiikka,0.1992371380329132,1
kansainvälinen kauppa,0.27641919255256653,1
kansainvälinen liikkuvuus,0.32118600606918335,1
kansainvälinen politiikka,0.5868407487869263,1
kansainvälinen turvallisuus,0.18213962018489838,1
kansainvälinen yhteisö,0.31500187516212463,1
kansainvälinen ylioppilastutkinto,0.19267548620700836,1
kansainväliset järjestöt,0.35633203387260437,1
kansainväliset konfliktit,0.323917955160141,1
kansainväliset suhteet,0.3983035087585449,1
kansainväliset taitoluistelu kilpailut,0.3123683035373688,1
kansainväliset yritykset,0.48755010962486267,1
kansainvälistyminen,0.5910485982894897,1
kansainvälisyys,0.4988761842250824,1
kansainvälisyyskasvatus,0.27032116055488586,1
kansakoulunopettajat,0.2529577314853668,1
kansakuntaisuus,0.22579503059387207,1
kansalainen,0.16116563975811005,1
kansalaiset,0.5463424324989319,1
kansalaisjärjestöt,0.5641162395477295,1
kansalaiskasvatus,0.44830745458602905,1
kansalaiskirje,0.3395523726940155,1
kansalaisliike,0.2581977844238281,1
kansalaisoikeusliikkeet,0.21058867871761322,1
kansalaisoikeustaistelu,0.2432936728000641,1
kansalaisopistot,0.34871989488601685,1
kansalaissota,0.15950025618076324,1
kansalaistoiminta,0.6030148267745972,1
kansalaistottelemattomuus,0.35210099816322327,1
kansalaisuus,0.7433251142501831,1
kansalaisyhteiskunta,0.3938000202178955,1
kansallinen diskurssi,0.1952589750289917,1
kansallinen identiteetti,0.44064536690711975,1
kansallinen kulttuuri,0.30896079540252686,1
kansallinen lukio,0.14588552713394165,1
kansallinen turvallisuus,0.1992424726486206,1
kansallisarkisto,0.2635960876941681,1
kansallisarkistot,0.3112587630748749,1
kansalliseepokset,0.29059991240501404,1
kansallisromantiikka,0.2730921506881714,1
kansallisuusaate,0.12173209339380264,0
kansanedustajat,0.17484527826309204,1
kansankulttuuri,0.16458769142627716,1
kansanmusiikki,0.31916457414627075,1
kansanomainen rakennustaide,0.2176741063594818,1
kansanrakentajat,0.21815510094165802,1
kansanrintama,0.1906043142080307,1
kansansadut,0.24598725140094757,1
kansantulo,0.1779816895723343,1
kansanäänestykset,0.37805670499801636,1
kansanäänestys,0.1769537627696991,1
kansatiede,0.6113798022270203,1
kansitaide,0.14432696998119354,1
kantajänne,0.15715545415878296,1
kantasolut,0.33767518401145935,1
kantojen korjuu,0.28281834721565247,1
kappelit,0.3514765501022339,1
karaistuminen,0.3664577603340149,1
karakterisointi,0.19959083199501038,1
karboksyylihapot,0.23115934431552887,1
kardiometabolia,0.21553640067577362,1
karelianismi,0.2350124567747116,1
karjalaiset,0.31053462624549866,1
karjalaisuus,0.24555960297584534,1
karjalan kieli,0.24224577844142914,1
karoteenit,0.2802248001098633,1
karppaus,0.3263395130634308,1
kartat,0.19911859929561615,1
kartellit,0.2781599462032318,1
kasetit,0.17320376634597778,1
kastelu,0.19146579504013062,1
kastijärjestelmä,0.15510554611682892,1
kasvattajan rooli,0.19292311370372772,1
kasvattajat,0.1270206719636917,0
kasvattajatiimi,0.2820209860801697,1
kasvattaminen liikuntaan,0.11205632239580154,0
kasvattilapset,0.1756608933210373,1
kasvatukselliset arvot,0.3890426754951477,1
kasvatus,0.7650778889656067,1
kasvatus liikunnan avulla,0.2552988529205322,1
kasvatusajattelu,0.20005929470062256,1
kasvatusfilosofia,0.2814033627510071,1
kasvatushistoria,0.4381835162639618,1
kasvatusjärjestelmät,0.18894720077514648,1
kasvatuskumppanuus,0.6771177053451538,1
kasvatustavoitteet,0.35762181878089905,1
kasvatusteoriat,0.3097410202026367,1
kasvatustieteen opiskelijat,0.38178133964538574,1
kasvatustietoisuus,0.12774506211280823,0
kasvatustyylit,0.3467341363430023,1
kasvatustyö,0.366363525390625,1
kasvatusvuorovaikutus,0.2551603317260742,1
kasvatusyhteistyö,0.3909059166908264,1
kasviekologia,0.24663689732551575,1
kasvihuonekaasut,0.39959388971328735,1
kasvikset,0.33812811970710754,1
kasvillisuus,0.4557341933250427,1
kasvisravinto,0.3951478600502014,1
kasvisruoat,0.11037132143974304,0
kasvisruokapäivä,0.22930742800235748,1
kasvit,0.5840128064155579,1
kasvitoksisuus,0.19010218977928162,1
kasviyhteisö,0.23850852251052856,1
kasvojen suojaaminen,0.22187691926956177,1
kasvontunnistus (tietotekniikka),0.2199711799621582,1
kasvot,0.2187497913837433,1
kasvotyö,0.3268646001815796,1
kasvu,0.6370483040809631,1
kasvualustat,0.26584702730178833,1
kasvuhormonit,0.2086988389492035,1
kasvun takautuva määritys,0.2683257758617401,1
kasvutarinat,0.14907290041446686,1
kasvutekijäreseptori,0.16822212934494019,1
kasvuympäristön pysyvyys,0.19932587444782257,1
kasvuyritykset,0.464271605014801,1
kasvuyritys,0.24672457575798035,1
katalysaattorit,0.11429891735315323,0
katalyysi,0.3329290747642517,1
katalyytit,0.2936471402645111,1
katarsis,0.303960919380188,1
kategoria- analyysi,0.16027012467384338,1
kategoriat,0.4550832211971283,1
kategorinen havaitseminen,0.2337082475423813,1
katolilaisuus,0.15086551010608673,1
katolisuus,0.1490255892276764,1
katsastus,0.3248008191585541,1
katse,0.3681248128414154,1
katseenseuranta,0.17572709918022156,1
katsekontakti,0.5559366345405579,1
katulapset,0.4109051525592804,1
katulämmitys,0.2876521646976471,1
katutaide,0.3312399983406067,1
katutytöt,0.4960562586784363,1
kauhu,0.28352344036102295,1
kauhuelokuvat,0.32128530740737915,1
kauhufantasia,0.20245109498500824,1
kauhufiktio,0.30580031871795654,1
kauhukirjallisuus,0.3606984615325928,1
kaukokartoitus,0.3249271810054779,1
kaukolämmitys,0.4454079270362854,1
kaularankaperäinen päänsärky,0.3690641522407532,1
kaulavaltimon endarterektomia,0.33823761343955994,1
kauneudenhoito,0.43026843667030334,1
kauneus,0.3857039213180542,1
kauneusihanteet,0.37681224942207336,1
kauneuskäsitys,0.3112979829311371,1
kaunokirjallisuus,0.5918053984642029,1
kaupallinen yhteistyö,0.20639768242835999,1
kaupallistaminen,0.19964122772216797,1
kaupallistuminen,0.2693405747413635,1
kaupallisuus,0.22421443462371826,1
kaupan esimiehet,0.25997278094291687,1
kaupan omat tuotemerkit,0.32674577832221985,1
kaupintavarastointi,0.3624340891838074,1
kauppa,0.5092501044273376,1
kauppahallit,0.23974552750587463,1
kauppahuoneet,0.13282999396324158,0
kauppalat,0.14335311949253082,1
kauppamerenkulku,0.32492560148239136,1
kauppasopimukset,0.48772189021110535,1
kauppasuhteet,0.2008250504732132,1
kaupunginosat,0.1764683574438095,1
kaupunginvaltuustot,0.24400880932807922,1
kaupungistuminen,0.17445027828216553,1
kaupungit,0.4248969554901123,1
kaupunkihistoria,0.19724887609481812,1
kaupunkikulttuuri,0.4718887507915497,1
kaupunkikuva,0.2771754562854767,1
kaupunkiluonto,0.2788791358470917,1
kaupunkimaisema,0.14257997274398804,1
kaupunkimatkailu,0.14199557900428772,1
kaupunkirakentaminen,0.14726386964321136,1
kaupunkistrategia,0.34840157628059387,1
kaupunkisuunnittelu,0.4081115424633026,1
kaupunkitila,0.28329959511756897,1
kaupunkitutkimus,0.2502729892730713,1
kaupunkiympäristö,0.2541074752807617,1
kausaaliattribuutiot,0.14817148447036743,1
kausaalilaskenta,0.22763071954250336,1
kausaalimalli,0.2701207101345062,1
kausaalivaikutuksen yleistäminen,0.23878492414951324,1
kausaalivaikutus,0.18958884477615356,1
kausaalivakutuksen siirto,0.21343523263931274,1
kausaliteetti,0.15479135513305664,1
kausivaihtelut,0.21872837841510773,1
kaverisuhdeongelmat,0.259024977684021,1
kaverisuhteet,0.27849364280700684,1
kaverit,0.2253052145242691,1
käytännöt,0.21910785138607025,1
käytöshäiriöt,0.1668856292963028,1
käyttöliittymäsuunnittelu,0.4381379783153534,1
kehittyminen,0.371148943901062,1
kehittäminen,0.7250707745552063,1
kehittämisinterventio,0.33806875348091125,1
kehittämistutkimus,0.5422101616859436,1
kehittävä työntutkimus,0.308668851852417,1
kehityksellinen koordinaatiohäiriö,0.1977268010377884,1
kehityksen ja oppimisen tuki,0.42017924785614014,1
kehityksen viiveet,0.2733146846294403,1
kehitys,0.6118491291999817,1
kehitysapu,0.13492752611637115,0
kehityskeskustelut,0.29120486974716187,1
kehitysmaat,0.36782655119895935,1
kehityspolitiikka,0.23406241834163666,1
kehityspsykologia,0.28974127769470215,1
kehitystehtävät ja lukio-opinnot.,0.2804911434650421,1
kehitystoksikologia,0.22103571891784668,1
kehitystutkimus,0.28185799717903137,1
kehitysvammainen,0.3589390516281128,1
kehitysvammaiset,0.46728527545928955,1
kehitysvammaisten asuminen,0.2615974545478821,1
kehitysvammaisten taide,0.25780612230300903,1
kehitysvammaisuus,0.6657029390335083,1
kehitysyhteistyö,0.5327941179275513,1
keho,0.4937444031238556,1
kehoaisti,0.39187851548194885,1
kehoaktivismi,0.13297395408153534,0
kehoantropologia,0.15308688580989838,1
kehollinen feminismi,0.229458749294281,1
kehollinen kokemus,0.11836543679237366,0
kehollisuuden kokeminen,0.31052836775779724,1
kehollisuuden merkitys,0.35433030128479004,1
kehollisuus,0.6267784833908081,1
kehon kokemushorisontit,0.1469859629869461,1
kehon rasvakoostumus,0.21493569016456604,1
kehonkoostumus,0.7172119617462158,1
kehonkuva,0.24311324954032898,1
kehontuntemus,0.2264467179775238,1
kehotaide,0.22345475852489471,1
kehotarkkaavaisuus,0.27587559819221497,1
kehotesuunnittelu,0.30701756477355957,1
kehotietoisuus,0.4634793996810913,1
kehuva palaute,0.2382352501153946,1
kehykset,0.4056555926799774,1
kehysanalyysi,0.5588409304618835,1
keihäänheitto,0.3907082676887512,1
keijut,0.24460510909557343,1
keinotekoiset kielet,0.12460646778345108,0
keisari,0.34621304273605347,1
keisarit,0.36513713002204895,1
keli,0.34282156825065613,1
kelkkahiihto,0.5623986124992371,1
kelluvuus,0.23961982131004333,1
kelpoisuus,0.3875998258590698,1
kemalismi,0.20967277884483337,1
kemia,0.5208155512809753,1
kemiallinen analyysi,0.17743079364299774,1
kemialliset reaktiot,0.1498151421546936,1
kemialliset yhdisteet,0.17722035944461823,1
kemian opetus,0.29979702830314636,1
kemian oppiminen,0.24347376823425293,1
kengät,0.3980748653411865,1
kenraalikuvernöörit,0.27428698539733887,1
kentaurit,0.17380908131599426,1
kenttä,0.2170162796974182,1
kenttäkerros,0.19668029248714447,1
kenttätestit,0.3159850537776947,1
kenttätutkimus,0.1711100935935974,1
kenttätyö,0.2386084944009781,1
kerhot,0.3931702673435211,1
kerhotoiminta,0.39656591415405273,1
kerjäläiset,0.25078582763671875,1
kerjääminen,0.15867207944393158,1
kernel regularization,0.2564496695995331,1
kerroinvaikutukset,0.14129893481731415,1
kerronnallinen analyysi,0.3451962471008301,1
kerronta,0.7276107668876648,1
kertakäyttöisen ruumiin teoria,0.40424543619155884,1
kertoja,0.2740772068500519,1
kertomakirjallisuus,0.2548508644104004,1
kertomukset,0.6584686636924744,1
kertomus,0.43395212292671204,1
kertova elokuva,0.2873733639717102,1
kertyminen,0.16012339293956757,1
keskeiskenttä,0.28353095054626465,1
keskeiskirkko,0.27725449204444885,1
keskeisrakennus,0.2304481416940689,1
keskeyttäminen,0.4105229079723358,1
keskeytykset,0.31725624203681946,1
keskeytys,0.35341426730155945,1
keski-ikä,0.5176193118095398,1
keski-ikäiset,0.5358407497406006,1
keskiaika,0.5054574012756348,1
keskiaikaharrastus,0.23589570820331573,1
keskiaikuisuus,0.2759001851081848,1
keskijohto,0.2788292169570923,1
keskilapsuus,0.31510084867477417,1
keskiluokka,0.10773851722478867,0
keskinäisviestintä,0.1977866291999817,1
keskisuomalaiset,0.22589434683322906,1
keskitetty rekrytointi,0.3227575421333313,1
keskittyminen,0.2165222018957138,1
keskittymiskyky,0.4202853739261627,1
keskittymä,0.24494369328022003,1
keskittäminen,0.1859045773744583,1
keskivartalo,0.23795220255851746,1
keskonen,0.3014741539955139,1
keskoset,0.27634865045547485,1
keskoslasten äidit,0.19617320597171783,1
keskosuus,0.1509929597377777,1
keskushermosto,0.4313300549983978,1
keskuspankit,0.25861412286758423,1
keskustat,0.19863241910934448,1
keskustelu,0.4916819930076599,1
keskustelu-palsta,0.3641631007194519,1
keskustelubotti,0.1862931251525879,1
keskustelukonteksti,0.4371543824672699,1
keskustelunanalyysi,0.38600173592567444,1
keskustelupalsta,0.33894628286361694,1
keskustelupalstat,0.394474595785141,1
kestävyyskunto,0.2972494065761566,1
kesto,0.3345256447792053,1
kestävyys,0.5528373718261719,1
kestävyysharjoittelu,0.8166940808296204,1
kestävyysjuoksu,0.49117156863212585,1
kestävyyskasvatus,0.2856764495372772,1
kestävyyskunto,0.5216220617294312,1
kestävyyslajit,0.438927561044693,1
kestävyysraportointi,0.17802345752716064,1
kestävyyssuorituskyky,0.5327855348587036,1
kestävyysurheilu,0.35747987031936646,1
kestävä estetiikka,0.27517402172088623,1
kestävä kehitys,0.8324095606803894,1
kestävä kuluttaminen,0.1616770625114441,1
kestävä kulutus,0.4928146302700043,1
kestävä käyttö,0.30428141355514526,1
kestävä maatalous,0.26247960329055786,1
kestävä metsätalous,0.3738998770713806,1
kestävä oppiminen,0.25003284215927124,1
kestävä ruoka,0.27612626552581787,1
kestävä työura,0.38767629861831665,1
kestävä ura,0.18767239153385162,1
ketjuliiketoiminta,0.15747880935668945,1
ketonit,0.33125877380371094,1
ketoreduktaasit,0.32470184564590454,1
ketteryys,0.4454241394996643,1
ketterä,0.3520253598690033,1
ketterä kehitys,0.44560107588768005,1
ketterä ohjelmistokehitys,0.604579508304596,1
ketterät kehitysmenetelmät,0.3628780245780945,1
ketterät menetelmät,0.8594644069671631,1
kevennyshyppy,0.3184014558792114,1
key competence,0.17698568105697632,1
key performance indicator,0.20529688894748688,1
kielellinen erityisvaikeus,0.324230432510376,1
kielellinen identiteetti,0.6267220377922058,1
kielellinen kehitys,0.5978531837463379,1
kielellinen käännekohta,0.27313169836997986,1
kielellinen lahjakkuus,0.2667168378829956,1
kielellinen syötös,0.3656763732433319,1
kielellinen tietoisuus,0.37480488419532776,1
kielellinen vuorovaikutus,0.6139954924583435,1
kielelliset häiriöt,0.4148474931716919,1
kielelliset oppimisvaikeudet,0.2553902268409729,1
kielelliset taidot,0.20361746847629547,1
kielen kehityksen erityisvaikeus,0.17337459325790405,1
kielen käyttö,0.23167523741722107,1
kielen merkitys,0.23460589349269867,1
kielen omaksuminen,0.6523216366767883,1
kielen oppiminen,0.8957284688949585,1
kielen sekoittuminen,0.28782519698143005,1
kielen vaihto,0.41570913791656494,1
kielenkäyttö,0.507848858833313,1
kielenomaksuminen,0.2771458029747009,1
kielenoppiminen,0.18245777487754822,1
kielentutkimus,0.15608344972133636,1
kielet,0.8063403964042664,1
kieli,0.7030742764472961,1
kieli ja kielet,0.6894794702529907,1
kieli-identiteetti,0.2906566262245178,1
kieli-ideologia,0.3546716868877411,1
kieliasenteet,0.1626002937555313,1
kielielämäkerta,0.1216290295124054,0
kielifilosofia,0.25132161378860474,1
kieliharjoittelu,0.21133938431739807,1
kielihäiriöinen lapsi,0.18357661366462708,1
kielikasvatus,0.4342575967311859,1
kielikokeet,0.33653524518013,1
kielikontaktit,0.19040004909038544,1
kielikoulutuspolitiikka,0.28497764468193054,1
kielikurssit,0.1796274036169052,1
kielikuvat,0.16910919547080994,1
kielikylpy,0.4237411916255951,1
kielikylpyopetus,0.30816933512687683,1
kielikysymys,0.145706444978714,1
kielikäytäntö,0.18588712811470032,1
kielimaisema,0.39698588848114014,1
kielimielikuvitus,0.39808720350265503,1
kielimuoto,0.20780254900455475,1
kieliopin oppiminen,0.22685785591602325,1
kielioppi,0.6142117381095886,1
kielipolitiikka,0.4777316153049469,1
kieliryhmät,0.3831995129585266,1
kielisuihku,0.2646164000034332,1
kielisuunnittelu,0.24291852116584778,1
kielitaito,0.6503941416740417,1
kielitiede,0.44580018520355225,1
kielitietoisuus,0.5049605965614319,1
kielitutkinnot,0.352682888507843,1
kielivalinnat,0.45975396037101746,1
kielivalinta,0.3541126251220703,1
kieliympäristö,0.38577815890312195,1
kielteinen asiakaspalaute,0.21812975406646729,1
kielten opettajat,0.2577461004257202,1
kielten opetus,0.1901431381702423,1
kielten välinen siirtovaikutus,0.2011953443288803,1
kieltenopettajat,0.7588142156600952,1
kieltenopetuksen varhentaminen,0.42108049988746643,1
kieltenopetus,0.7394598126411438,1
kierrätys,0.43677809834480286,1
kierrätystaide,0.2949135899543762,1
kiertotalous,0.5695073008537292,1
kiertotavat,0.42809420824050903,1
kiertovesiviljely,0.42298445105552673,1
kihlakunnanoikeudet,0.14572429656982422,1
kihlakunnanoikeus,0.16545507311820984,1
kiihtyvyys,0.36556321382522583,1
kiihtyvyysanturi,0.4950924515724182,1
kiihtyvyysmittarit,0.22326932847499847,1
kiina,0.3179033398628235,1
kiinalaiset,0.22915871441364288,1
kiinalaisuus,0.1789885312318802,1
kiinankieliset,0.1998629868030548,1
kiinnittyminen,0.5140904188156128,1
kiinnostus,0.3599013388156891,1
kiinteistöala,0.2595522105693817,1
kiinteistönhoito,0.1347702145576477,0
kiinteistöt,0.14656445384025574,1
kiintymys,0.2743251323699951,1
kiintymysmalli,0.23912543058395386,1
kiintymyssuhde,0.5068296194076538,1
kiintymyssuhdeteoria,0.3487457036972046,1
kiintymyssuhteen kaltainen suhde,0.3044324517250061,1
kiire,0.417502760887146,1
kiireellinen sijoitus,0.2944585084915161,1
kiireellinen sosiaalipalvelu,0.26413494348526,1
kiitollisuus,0.22469864785671234,1
kilpa- ja huippu-urheilu,0.30795955657958984,1
kilpa-ajot,0.15727850794792175,1
kilpailu,0.34461963176727295,1
kilpailu (biologia),0.19774799048900604,1
kilpailu (talous),0.17472627758979797,1
kilpailu (toiminta),0.23617930710315704,1
kilpailudieetti,0.4684169292449951,1
kilpailuetu,0.5898401141166687,1
kilpailukyky,0.6365919709205627,1
kilpailumenestys,0.2733146846294403,1
kilpailupäivän harjoitus,0.15557965636253357,1
kilpailut,0.4342314302921295,1
kilpailutoiminta,0.2994612157344818,1
kilpailuttaminen,0.26347616314888,1
kilpakeruu,0.2470368593931198,1
kilpaurheilu,0.4463912844657898,1
kinaesthetic,0.14548851549625397,1
kinematics,0.33763983845710754,1
kinematiikka,0.23335982859134674,1
kinetic,0.2861912250518799,1
kinetic isotope effect,0.17484605312347412,1
kinolonit,0.3287855386734009,1
kinship,0.17290066182613373,1
kipu,0.6654077768325806,1
kirja-ala,0.40151089429855347,1
kirjaaminen,0.2186567485332489,1
kirjaesine,0.1070825606584549,0
kirjailija,0.3590415418148041,1
kirjailijat,0.4810854494571686,1
kirjailijuus,0.22405293583869934,1
kirjaimet,0.20734459161758423,1
kirjain-äännevastaavuus,0.2746087908744812,1
kirjaintuntemus,0.25378912687301636,1
kirjakustannus,0.36818844079971313,1
kirjallinen maantiede,0.20503807067871094,1
kirjallinen palaute,0.2738044261932373,1
kirjallisuuden opetus,0.17063002288341522,1
kirjallisuuden vienti,0.2154134064912796,1
kirjallisuudenhistoria,0.3187907338142395,1
kirjallisuudenopetus,0.30241265892982483,1
kirjallisuudentutkimus,0.676797091960907,1
kirjallisuus,0.4852863848209381,1
kirjallisuus vieraan kielen opetuksessa,0.3324093520641327,1
kirjallisuushistoria,0.2653510570526123,1
kirjallisuusinstituutio,0.15778523683547974,1
kirjallisuuskasvatus,0.16262410581111908,1
kirjallisuuskatsaukset,0.6712189316749573,1
kirjallisuuskatsaus,0.136849507689476,0
kirjallisuuskritiikki,0.17498677968978882,1
kirjallisuuspiirit,0.14922671020030975,1
kirjallisuuspolitiikka,0.22788159549236298,1
kirjallisuusterapia,0.41117748618125916,1
kirjallisuusvienti,0.16405756771564484,1
kirjanpito,0.2999437749385834,1
kirjanpitolaki,0.2477230429649353,1
kirjanpitorikokset,0.21927496790885925,1
kirjanpitäjät,0.23496006429195404,1
kirjastolaitos,0.22786825895309448,1
kirjastot,0.3273196816444397,1
kirjat,0.4605996310710907,1
kirjautuminen,0.27365025877952576,1
kirjavinkkaus,0.1600811630487442,1
kirjeenvaihto,0.4292123317718506,1
kirjeet,0.3197546899318695,1
kirjeromaanit,0.1255183219909668,0
kirjoittamaan oppiminen,0.2819179594516754,1
kirjoittaminen,0.7460935711860657,1
kirjoittamisen opettaminen,0.18563170731067657,1
kirjoittamisen opetus,0.137998566031456,0
kirjoittamisen pedagogiikka,0.3668808043003082,1
kirjoittamisen virikkeet,0.2245320975780487,1
kirjoittamisprosessi,0.21967995166778564,1
kirjoitusprosessi,0.23815397918224335,1
kirjoitustaito,0.5345248579978943,1
kirjolohi,0.33663856983184814,1
kirjosieppo,0.3857625722885132,1
kirkkaus,0.1822805106639862,1
kirkko,0.36230772733688354,1
kirkko (instituutio),0.2876250445842743,1
kirkkoarkkitehtuuri,0.24140365421772003,1
kirkkohistoria,0.2246418595314026,1
kirkkomuseot,0.2887488603591919,1
kirkkorakennukset,0.3737712502479553,1
kirkkosali,0.2324744164943695,1
kirkkotaide,0.41723865270614624,1
kirkollinen rakennus,0.20855455100536346,1
kirkolliset esineet,0.31996890902519226,1
kirkon hallinto,0.2366665005683899,1
kirkonkuulutukset,0.22754687070846558,1
kirkonrakentajat,0.20889785885810852,1
kirkot,0.2724510431289673,1
kirurginen leikkaussimulaattori,0.25122547149658203,1
kissa,0.16182704269886017,1
kitara,0.4354667663574219,1
kitaransoiton opetus,0.21691325306892395,1
kiteet,0.22389067709445953,1
kiteytys,0.2624334692955017,1
kitosaani,0.1760927140712738,1
kiusaaja-uhri,0.21872775256633759,1
kiusaaminen,0.7530624270439148,1
kiusaamisen muodot,0.44796112179756165,1
kivennäismaa,0.240256205201149,1
kivet,0.1847427785396576,1
kivikirkot,0.1392482966184616,0
kivinäytteiden analytiikka,0.23829539120197296,1
kivun odotus,0.31311649084091187,1
kivunhoito,0.4297415316104889,1
klassinen,0.17058968544006348,1
klassinen koeasetelma,0.2304994761943817,1
klassinen musiikki,0.20392253994941711,1
kliininen pätevyys,0.3007887899875641,1
klusterianalyysi,0.4320525527000427,1
klusteriharjoittelu,0.3275679051876068,1
klusterointi,0.6826346516609192,1
kluuvit,0.2517493963241577,1
knee joint loading,0.37744662165641785,1
knees,0.1371031552553177,0
know-how,0.20273101329803467,1
knowing-doing gap,0.3638492822647095,1
knowledge,0.17822283506393433,1
knowledge management,0.31184929609298706,1
knowledge sharing,0.32709282636642456,1
knowledge sharing barriers,0.24090823531150818,1
koalitiot,0.22116495668888092,1
kodin ja koulun välinen yhteistyö,0.3497183918952942,1
kodin ja koulun yhteistyö,0.6522859930992126,1
kodin lukukulttuuri,0.31652989983558655,1
kodin lukuympäristö,0.1827860027551651,1
koesuunnittelu,0.402722030878067,1
koettu fyysinen pätevyys,0.43865349888801575,1
koettu fyysinen toimintakyky,0.401470422744751,1
koettu kuormittuneisuus,0.1794000267982483,1
koettu laatu,0.3610876202583313,1
koettu liikunnallinen pätevyys,0.41817328333854675,1
koettu opetussuunnitelma,0.1526263803243637,1
koettu opintojen kuormittavuus,0.2719036340713501,1
koettu opintomenestys,0.25506988167762756,1
koettu pätevyys,0.47923707962036133,1
koettu riski,0.2062048763036728,1
koettu stressi,0.34440574049949646,1
koettu terveys,0.5574904680252075,1
koettu tuki,0.22430948913097382,1
koettu turvallisuus,0.20713500678539276,1
koettu turvattomuus,0.1527448147535324,1
koetut fyysiset esteet,0.297573983669281,1
kognitiivinen,0.1917143315076828,1
kognitiivinen dissonanssi,0.21384581923484802,1
kognitiivinen harjoittelu,0.3679922819137573,1
kognitiivinen joustavuus,0.25597068667411804,1
kognitiivinen kehitys,0.2240312248468399,1
kognitiivinen kielitiede,0.4678771197795868,1
kognitiivinen kirjallisuudentutkimus,0.2598920166492462,1
kognitiivinen läpikäynti,0.3065018057823181,1
kognitiivinen neuropsykologia,0.2035914808511734,1
kognitiivinen palautuminen,0.3292425870895386,1
kognitiivinen psykologia,0.49312230944633484,1
kognitiivinen semantiikka,0.33133822679519653,1
kognitiivinen stressi,0.3325258493423462,1
kognitiivinen taitojen oppimisen malli,0.23068857192993164,1
kognitiivinen tehtäväanalyysi,0.3489292562007904,1
kognitiivinen testi,0.3875372111797333,1
kognitiivinen toimintakyky,0.4606172740459442,1
kognitiivisen suoriutumisen ryhmämalli,0.18396778404712677,1
kognitiiviset prosessit,0.6315198540687561,1
kognitiiviset taidot,0.5548945069313049,1
kognitiiviset toiminnot,0.28268247842788696,1
kognitiiviset vinoumat,0.42427656054496765,1
kognitiiviset vääristymät,0.43385493755340576,1
kognitio,0.7146705389022827,1
kohdennettu tietojenkalastelu,0.5028815865516663,1
kohderyhmät,0.2949945628643036,1
kohdistettu haittaohjelmahyökkäys,0.2877751588821411,1
kohdunpoisto,0.25304263830184937,1
koheesio,0.3957405090332031,1
koherenssi,0.44677498936653137,1
koherenssin tunne,0.3880847990512848,1
koherentti kvasihiukkasapproksimaatio,0.31472453474998474,1
kohorttitutkimus,0.22726523876190186,1
kohtaaminen,0.5169567465782166,1
kohtauksittainen ahmimishäiriö,0.243709996342659,1
kohteliaisuuden kategoria,0.2767643332481384,1
kohteliaisuus,0.49861836433410645,1
kohtuusliike,0.26810139417648315,1
kohtuutalous,0.24323949217796326,1
kohtuutehoinen liikunta,0.4303090572357178,1
koira,0.7451334595680237,1
koira-avusteinen pedagogiikka,0.3894311189651489,1
koira-avusteinen toiminta,0.4003410339355469,1
koira-omistaja-suhde,0.3439093828201294,1
koiran kuolema,0.3664073944091797,1
koiranomistajuus,0.3076322674751282,1
koivut,0.23546171188354492,1
kokeellinen filosofia,0.2995757460594177,1
kokeellinen työskentely,0.23039545118808746,1
kokeellinen ydinfysiikka,0.1638413518667221,1
kokeellisuus,0.3530992269515991,1
kokeilu,0.2921741306781769,1
kokeilukoulut,0.4698193073272705,1
kokeminen,0.32711154222488403,1
kokemuksellinen oppiminen,0.5051708221435547,1
kokemuksellisuus,0.44417503476142883,1
kokemuksen tutkimus,0.2917504608631134,1
kokemuksentutkimus,0.16744308173656464,1
kokemukset,0.8730586171150208,1
kokemus,0.5431103110313416,1
kokemusasiantuntija,0.3117554485797882,1
kokemusasiantuntijat,0.38195210695266724,1
kokemusoppiminen,0.46739742159843445,1
kokemustiedon tutkimus,0.19318631291389465,1
kokemustieto,0.2745538353919983,1
kokemustutkijat,0.1869225949048996,1
kokemustutkimus,0.2444031983613968,1
kokoelmat,0.3470979630947113,1
kokonaisarkkitehtuuri,0.7475042939186096,1
kokonaisarkkitehtuurin kehittäminen,0.2595863342285156,1
kokonaisfosfori,0.29974034428596497,1
kokonaisheikentymättömyys,0.2655515968799591,1
kokonaisluvut,0.11424601823091507,0
kokonaisturvallisuus,0.5775712728500366,1
kokopäiväpedagogiikka,0.2528000771999359,1
kokoukset,0.3147515058517456,1
kokousvuorovaikutus,0.18729230761528015,1
kolesteroli,0.28772595524787903,1
koliitti,0.34999439120292664,1
kollaboraatiotyökalut,0.5232484340667725,1
kollaboratiivinen konsultointi,0.20346838235855103,1
kollegiaalisuus,0.19284969568252563,1
kollektiivinen muistaminen,0.17216305434703827,1
kollektiivinen muisti,0.2924942970275879,1
kollektiivinen toiminta,0.22657419741153717,1
kollokaatioanalyysi,0.34011250734329224,1
kollokaatiot,0.31417661905288696,1
kolmannen sektorin muutos,0.25456228852272034,1
kolmas ikä,0.16170160472393036,1
kolmas positio,0.2488660365343094,1
kolmas sektori,0.7443720102310181,1
kolmas tila,0.2599804401397705,1
kolmasluokkalainen,0.16117192804813385,1
kolmiobiljardi,0.27280786633491516,1
kolmiportainen tuki,0.734214186668396,1
kolmitasomalli,0.17605386674404144,1
kolmiulotteisuus,0.13676190376281738,0
kolonialismi,0.33119577169418335,1
kolorektaalisyöpä,0.27670609951019287,1
komealupiini,0.2433185577392578,1
komediasarjat,0.23610056936740875,1
komediat,0.2588924765586853,1
kommentit,0.24379466474056244,1
kommunikaatio,0.3396616578102112,1
kommunikatiivinen kielenopetus,0.207050159573555,1
kommunikativ kompetens,0.34629732370376587,1
kommunismi,0.34183600544929504,1
kommunistiset puolueet,0.138947993516922,0
kommunistit,0.2076071947813034,1
kommunitarismi,0.21268513798713684,1
komorbiditeetti,0.347083181142807,1
kompaktikaupunki,0.14681176841259003,1
kompensointi,0.24813339114189148,1
kompensoituva lukivaikeus,0.2006194293498993,1
kompetens,0.14692050218582153,1
kompetenssi,0.8027075529098511,1
kompetenssikehys,0.4298172891139984,1
kompleksianalyysi,0.15499915182590485,1
kompleksiluvut,0.3466641902923584,1
kompleksinen polkuintegraali,0.15643469989299774,1
kompleksiyhdisteet,0.15796643495559692,1
komponentit,0.28768372535705566,1
komponenttianalyysi,0.35221609473228455,1
komposiitit,0.12543757259845734,0
komposti,0.4998144507408142,1
kompostointi,0.49484607577323914,1
kompressio,0.4018886387348175,1
konditionaali,0.39633709192276,1
koneihminen,0.2168799638748169,1
konenäkö,0.5559390783309937,1
koneoppiminen,0.7933239340782166,1
konesali,0.4994325041770935,1
konfigurointi,0.23241101205348969,1
konfliktinhallinta,0.3812776803970337,1
konfliktinratkaisu,0.5476446747779846,1
konfliktit,0.645237147808075,1
konfliktit parisuhteessa,0.28885817527770996,1
konfliktivuorovaikutus,0.2328500598669052,1
konfliktuaalisuus,0.20486462116241455,1
konfokaali Raman-mikroskooppi,0.12781892716884613,0
konformikuvaukset,0.17871172726154327,1
konformikuvaus,0.3413824439048767,1
kongolaiset,0.23154421150684357,1
konkretia,0.1608019769191742,1
konkretismi,0.24446558952331543,1
konkurssi,0.33113911747932434,1
konnektiivinen malli,0.23463590443134308,1
konnektorer,0.16580364108085632,1
konsentrinen,0.19734062254428864,1
konseptit,0.25126224756240845,1
konsertit,0.5709272027015686,1
konservatiivinen hoito,0.2618900537490845,1
konservatismi,0.251967191696167,1
konservointi,0.1835269182920456,1
konsolidaatio,0.24089793860912323,1
konsolipelit,0.18363866209983826,1
konsonanssi,0.2486899346113205,1
konstruktionismi,0.3418566882610321,1
konstruktionistinen teoria,0.2017802894115448,1
konstruktivismi,0.5597244501113892,1
konstruktivistinen ankkuroitu teoria,0.20032387971878052,1
konstruktivistinen oppimiskäsitys,0.24431590735912323,1
konstruoitu toiminta,0.396720290184021,1
konsultatiivinen työ,0.29675865173339844,1
konsultit,0.23727598786354065,1
konsultointi,0.3463570177555084,1
konsultoiva työ,0.25098782777786255,1
konsultoiva varhaiskasvatuksen erityisopettaja,0.2222742736339569,1
kontaktiaika,0.3743396997451782,1
kontaktit,0.18329572677612305,1
kontaktivyöhyke,0.2776103913784027,1
konteksti,0.37951087951660156,1
kontekstuaalianalyysi,0.22338980436325073,1
kontekstuaalisuus,0.1699921190738678,1
kontekstuaalivaikutus,0.27904099225997925,1
kontingenssi,0.2691214382648468,1
kontingenssiteoria,0.46321189403533936,1
kontrafaktuaalinen historiantutkimus,0.19043795764446259,1
kontrasti,0.21710245311260223,1
kontrolli,0.5324893593788147,1
kontrolloitu motivaatio,0.18075969815254211,1
konventionaalisuus,0.5437037348747253,1
konvergenssi,0.35932284593582153,1
konvergenssilause,0.3719884157180786,1
konvoluutioneuroverkko,0.17926791310310364,1
konvoluutioneuroverkot,0.2016710340976715,1
koodausteoria,0.2193249613046646,1
koodi,0.2448977530002594,1
koodikattavuus,0.2536908686161041,1
koodin uudelleenkäyttö,0.22767606377601624,1
koodin yleistäminen,0.2780515253543854,1
koodinvaihto,0.38724884390830994,1
koodit,0.4334491789340973,1
koordinaatio,0.11939802020788193,0
koordinaatiokysely,0.23158758878707886,1
korealaiset,0.24397607147693634,1
koripallo,0.3134779930114746,1
koripalloilijat,0.4070327579975128,1
koristeet,0.2763594686985016,1
koristelu,0.19392129778862,1
koristemaalaus,0.16162598133087158,1
koristetaide,0.2052239626646042,1
korjaus,0.15899211168289185,1
korjausrakentaminen,0.17151570320129395,1
korkea rakentaminen,0.2956175208091736,1
korkea-asteen koulutus,0.6239378452301025,1
korkeakoulu,0.20834662020206451,1
korkeakouluhallinto,0.188492089509964,1
korkeakoulukiusaaminen,0.4221746325492859,1
korkeakoululaitos,0.14257146418094635,1
korkeakoululiikunta,0.23527568578720093,1
korkeakouluopettajat,0.25164708495140076,1
korkeakouluopetus,0.5783878564834595,1
korkeakouluopiskelija,0.2194676697254181,1
korkeakouluopiskelijat,0.30004236102104187,1
korkeakouluopiskelu,0.7695690989494324,1
korkeakoulupedagogiikka,0.3841029107570648,1
korkeakoulut,0.6390519738197327,1
korkeakoulutetut,0.4919034242630005,1
korkeakoulutus,0.5204142928123474,1
korkean intensiteetin juoksusuoritukset,0.45405086874961853,1
korkeasaantoinen massa,0.2301103174686432,1
korkeatehoiset juoksut,0.3773392140865326,1
korko,0.330273300409317,1
korona,0.1856306791305542,1
koronapandemia,0.5371435880661011,1
koronapandemian aiheuttama stressi,0.25518959760665894,1
koronavirukset,0.19508829712867737,1
korporaatio,0.2349921315908432,1
korppi,0.24667970836162567,1
korpukset,0.4876202344894409,1
korpusavusteinen diskurssintutkimus,0.233844593167305,1
korpuslingvistiikka,0.616570770740509,1
korpustutkimus,0.37783652544021606,1
korrelaatio,0.24466551840305328,1
korruptio,0.24262286722660065,1
kortikokinemaattinen koherenssi,0.3204011917114258,1
kortisoli,0.4578746557235718,1
korvakuulolta soittaminen,0.2098148763179779,1
kosinifunktio,0.3751676678657532,1
kosket,0.38618528842926025,1
kosketus,0.3131240904331207,1
kosketusnäyttö,0.26505178213119507,1
koskiympäristöt,0.23394127190113068,1
kosminen inflaatio,0.3179846704006195,1
kosmologia,0.7389980554580688,1
kosmologinen häiriöteoria,0.28518640995025635,1
kosteus,0.3236340582370758,1
koti,0.7408631443977356,1
koti-isä,0.2664901614189148,1
koti-isät,0.21842612326145172,1
kotihoidontuki,0.20942319929599762,1
kotihoito,0.5012645721435547,1
kotiin annettava apu,0.1705775111913681,1
kotikasvatus,0.23964515328407288,1
kotikuntoutus,0.6302716135978699,1
kotikäynnit,0.21218647062778473,1
kotikäynti,0.14130303263664246,1
kotimaa,0.32786455750465393,1
kotimarkkinaharha,0.3132035732269287,1
kotimittaukset,0.2410523146390915,1
kotirintama,0.31931278109550476,1
kotiseutu,0.20264926552772522,1
kotitaloudet,0.4914237856864929,1
kotitalous,0.36633625626564026,1
kotitehtävät,0.2554592192173004,1
kotitehtävät,0.251821905374527,1
kotiutuminen,0.39983969926834106,1
kotiutumiskäyttäytyminen,0.38045457005500793,1
kotiutus,0.2631743550300598,1
kotiympäristö,0.39013129472732544,1
kotiäidit,0.28739628195762634,1
kotona asuminen,0.42124080657958984,1
kotouttaminen,0.38646960258483887,1
kotouttaminen (käännöstiede),0.4062289297580719,1
kotouttaminen (kääntäminen),0.3687519431114197,1
kotouttaminen (maahanmuuttajat),0.41289567947387695,1
kotouttamisohjelma,0.13821591436862946,0
kotouttamispolitiikka,0.18293394148349762,1
kotoutuminen,0.3647664189338684,1
kotoutuminen (maahanmuuttajat),0.6306599974632263,1
kotoutumiskoulutus,0.19473588466644287,1
koulu,0.9335860013961792,1
koulu (ilmiöt),0.464356005191803,1
koulu-hyvinvointi,0.1335233896970749,0
koulu-uinti,0.386719286441803,1
koulu-uupumus,0.27970245480537415,1
kouluakäymättömyys,0.3668840229511261,1
kouluhyvinvointi,0.5829281806945801,1
kouluikäiset,0.6149827241897583,1
kouluilmapiiri,0.26030752062797546,1
kouluinnokkuus,0.2058531492948532,1
koulujen eriytyminen,0.27017396688461304,1
koulukalusteet,0.41523802280426025,1
koulukasvatus,0.2045452743768692,1
koulukiinnittyminen,0.1907936930656433,1
koulukiinnittymisen tukeminen,0.2206411212682724,1
koulukirjastot,0.23181526362895966,1
koulukiusaaminen,0.6532862186431885,1
koulukiusaamisen ehkäiseminen,0.3113076090812683,1
koulukodit,0.24419522285461426,1
koulukoti,0.3199234902858734,1
koulukulttuuri,0.28135445713996887,1
koulukuraattorit,0.31367653608322144,1
koulukypsyys,0.3738768994808197,1
koululaiset,0.8205826282501221,1
koululaisuus,0.24376259744167328,1
koululaitos,0.3511134386062622,1
koululiikunta,0.883013904094696,1
koululiikuntaan suhtautuminen,0.19869504868984222,1
koululiikuntamotivaatio,0.2600322365760803,1
koulumatkat,0.21823330223560333,1
koulumenestyjä,0.13895675539970398,0
koulumenestys,0.5604019165039062,1
koulumotivaatio,0.18102724850177765,1
koulun aloittamisen nivelvaihe,0.2764380872249603,1
koulun aloitus,0.38045772910118103,1
koulun henkilöstö,0.29272496700286865,1
koulun johtaminen,0.1854729801416397,1
koulun kehittäminen,0.1978456825017929,1
koulun keskeyttäminen,0.24012336134910583,1
koulun keskeyttämisriski,0.18981315195560455,1
koulun laatutyö,0.14788104593753815,1
koulun liikunnallistaminen,0.3128919303417206,1
koulun liikunta,0.26758912205696106,1
koulun merkitys,0.2388860285282135,1
koulun tilat,0.31078049540519714,1
koulun tuki,0.23671743273735046,1
koulun ulkopuoliset oppimisympäristöt,0.20764508843421936,1
koulunjohtajat,0.1648048609495163,1
koulunkäynnin tuki,0.2107943594455719,1
koulunkäynnin vaikeudet,0.1897813230752945,1
koulunkäynninohjaajat,0.22984789311885834,1
koulunkäynti,0.4668002128601074,1
koulunkäyntikyky,0.21221689879894257,1
koulunlopettamisaikomukset,0.33711275458335876,1
koulupinnaaminen,0.22902798652648926,1
koulupsykologit,0.4167660176753998,1
koulupudokkaat,0.30335479974746704,1
koulupudokkuus,0.2580215334892273,1
koulurakennukset,0.26674458384513855,1
kouluruokailu,0.2428235113620758,1
koulusuoriutuminen,0.1972179263830185,1
koulusurmat,0.25769758224487305,1
koulut,0.8036400079727173,1
koulutaidot,0.14825494587421417,1
koulutaso,0.166827991604805,1
kouluterveydenhuolto,0.4092554450035095,1
kouluttajat,0.14276595413684845,1
koulutukseen sitoutuminen,0.16461582481861115,1
koulutuksellinen tasa-arvo,0.24400435388088226,1
koulutuksellinen tiedonlouhinta,0.27405375242233276,1
koulutuksellinen valikointi,0.3040328919887543,1
koulutuksen kehittäminen,0.16906294226646423,1
koulutuksen keskeyttäminen,0.21957021951675415,1
koulutuksen tasa-arvo,0.15519188344478607,1
koulutuksen vaikuttavuus,0.22157764434814453,1
koulutulokkaat,0.2516641914844513,1
koulutus,0.6538695096969604,1
koulutus hätätilanteissa,0.23547932505607605,1
koulutus- ja uravarmuus,0.13005825877189636,0
koulutusennakoinnit,0.2373858094215393,1
koulutusjärjestelmät,0.3823339641094208,1
koulutuskumppanuushanke,0.3393034338951111,1
koulutusohjelmat,0.1566515862941742,1
koulutuspolitiikka,0.6809839010238647,1
koulutussopimus,0.22421203553676605,1
koulutussosiologia,0.3460800051689148,1
koulutustarjonta,0.4678915739059448,1
koulutustarve,0.5171870589256287,1
koulutustaso,0.38276442885398865,1
koulutustausta,0.2092525213956833,1
koulutusteknologia,0.2048662155866623,1
koulutustoiveet,0.2756305932998657,1
koulutustyytyväisyys,0.21898716688156128,1
koulutusvalinnat,0.5905653238296509,1
koulutusvalinta,0.38001537322998047,1
koulutusvienti,0.6082642674446106,1
koulutyö,0.26650145649909973,1
kouluun kiinnittyminen,0.4276193082332611,1
kouluun siirtyminen,0.38957881927490234,1
kouluun siirtymä,0.3066202700138092,1
kouluun sopeutumaton lapsi,0.2785089313983917,1
kouluvalmius,0.28874289989471436,1
kouluviihtyvyys,0.5466171503067017,1
kouluyhteisö,0.25341764092445374,1
kouluympäristö,0.3979129493236542,1
kouluympäristön turvattomuus,0.22357305884361267,1
kovakuoriaiset,0.42290234565734863,1
kreatiinikinaasi,0.31691810488700867,1
kreikan kieli,0.24864570796489716,1
kriisiaika,0.22554811835289001,1
kriisiajan laskentatoimi,0.1525479406118393,1
kriisinhallinta,0.5485262274742126,1
kriisit,0.5930601358413696,1
kriisitilanne,0.23250502347946167,1
kriisityö,0.19395019114017487,1
kriisivaltiot,0.24092385172843933,1
kriisiviestintä,0.5300632119178772,1
kriittinen ajattelu,0.32616010308265686,1
kriittinen arviointi,0.24126002192497253,1
kriittinen autonomia,0.18915677070617676,1
kriittinen diskurssianalyysi,0.5465826392173767,1
kriittinen diskurssintutkimus,0.6188543438911438,1
kriittinen ekolingvistiikka,0.27980339527130127,1
kriittinen geopolitiikka,0.25046682357788086,1
kriittinen informaatioinfrastruktuuri,0.2485385686159134,1
kriittinen inkluusio,0.10095471888780594,0
kriittinen koulukunta,0.14456255733966827,1
kriittinen lukutaito,0.26043763756752014,1
kriittinen pedagogiikka,0.2356037199497223,1
kriittinen realismi,0.5620279908180237,1
kriittinen sosiaalityö,0.17893849313259125,1
kriittinen taide,0.17192047834396362,1
kriittinen teoria,0.2859039008617401,1
kriittinen tiedostaminen,0.20521318912506104,1
kriittinen tietokäsitys,0.21974050998687744,1
kriittiset digitaaliset lukutaidot,0.21658790111541748,1
kriittiset ja yllättävät elämäntapahtumat,0.3737214505672455,1
kriittiset menestystekijät,0.5669516324996948,1
kriminaalipolitiikka,0.25201714038848877,1
kriminologia,0.2403283417224884,1
kristallisuola,0.1746654063463211,1
kristillinen kasvatus,0.32557475566864014,1
kristillinen taide,0.21769598126411438,1
kristillisyys,0.35213348269462585,1
kristinusko,0.19330447912216187,1
kritiikin tutkimus,0.18441066145896912,1
kritiikki,0.17895373702049255,1
kritisk läskunnighet,0.2482682317495346,1
kromatografia,0.14953364431858063,1
kronisk smärta,0.4534183740615845,1
kroonikot,0.23436802625656128,1
krooninen kipu,0.49263566732406616,1
krooninen masennus,0.47765305638313293,1
krooninen sairaus,0.2611878514289856,1
krooninen selkäkipu,0.45299702882766724,1
krooninen syöpä,0.20127591490745544,1
krooniset taudit,0.45907607674598694,1
kryptografia,0.2373538464307785,1
kryptologia,0.14901314675807953,1
kryptovaluutat,0.21460378170013428,1
kryptovaluutta,0.3362313508987427,1
kryseeni,0.360697865486145,1
ksylaanit,0.21341176331043243,1
kuha,0.329476922750473,1
kuidut,0.17562222480773926,1
kuidutus,0.2585434019565582,1
kuitu,0.1852007508277893,1
kuivakäymälät,0.2832876443862915,1
kuivasanitaatio,0.33334052562713623,1
kuivatislaus,0.17060072720050812,1
kuivuma,0.24856802821159363,1
kuljettajat,0.36046624183654785,1
kuljetusala,0.2888852655887604,1
kulkutapajakauma,0.29809248447418213,1
kulkutavat,0.4681330919265747,1
kulkuyhteydet,0.33936211466789246,1
kulmakarvat,0.32597967982292175,1
kulotus,0.27899885177612305,1
kulta,0.2560434937477112,1
kultainen leikkaus,0.1797890067100525,1
kulttuuri,0.7969367504119873,1
kulttuuri (toimintatavat),0.35067084431648254,1
kulttuuri-identiteetti,0.6168342232704163,1
kulttuurielämä,0.0941270962357521,0
kulttuurien tutkimus,0.2682528495788574,1
kulttuurienvälinen viestintä,0.6891518235206604,1
kulttuurienvälinen vuorovaikutus,0.49944812059402466,1
kulttuurienvälinen yhteistyö,0.2681981921195984,1
kulttuurienvälisyys,0.6859537959098816,1
kulttuurierot,0.4813140034675598,1
kulttuurievoluutio,0.32085007429122925,1
kulttuuriharrastukset,0.2774510383605957,1
kulttuurihistoria,0.5023825168609619,1
kulttuurihistorialliset museot,0.36480018496513367,1
kulttuurihistorialliset rakennukset,0.23409321904182434,1
kulttuurihyvinvointi,0.2615695595741272,1
kulttuurikapitalismi,0.14424356818199158,1
kulttuurikasvatus,0.2510894536972046,1
kulttuurikasvatussuunnitelma,0.1734325885772705,1
kulttuurilaitokset,0.315929651260376,1
kulttuurillinen muutos,0.15978293120861053,1
kulttuuriluotsit,0.16047751903533936,1
kulttuurimatkailija,0.2197498083114624,1
kulttuurimatkailu,0.45835912227630615,1
kulttuurin muutos,0.22356219589710236,1
kulttuurinen identiteetti,0.22163549065589905,1
kulttuurinen kaikkiruokaisuus,0.20045344531536102,1
kulttuurinen kulutustutkimus,0.39815467596054077,1
kulttuurinen maku,0.27572786808013916,1
kulttuurinen mallitarina,0.3404954671859741,1
kulttuurinen modernisaatio,0.18062622845172882,1
kulttuurinen musiikintutkimus,0.18129537999629974,1
kulttuurinen pääoma,0.5437289476394653,1
kulttuurinen sopeutuminen,0.18225093185901642,1
kulttuurintutkimus,0.5139979124069214,1
kulttuuriosaaminen,0.2963378429412842,1
kulttuuripalvelut,0.2450171709060669,1
kulttuuriperintö,0.7409570813179016,1
kulttuuriperintöasiantuntijuus,0.3050677180290222,1
kulttuuripolitiikka,0.5227301120758057,1
kulttuuripääkaupungit,0.30924463272094727,1
kulttuurisidonnaisuus,0.34366437792778015,1
kulttuuritoiminta,0.1362529844045639,0
kulttuurivaihto,0.30751025676727295,1
kulttuurivienti,0.2362113893032074,1
kulttuuriympäristö,0.6452805399894714,1
kulttuuriäly,0.3883723318576813,1
kuluminen,0.28178733587265015,1
kulunvalvonta,0.2637752890586853,1
kuluttaja,0.505965530872345,1
kuluttaja-asiakas,0.32278338074684143,1
kuluttajakäyttäytyminen,0.6787360906600952,1
kuluttajan kokema arvo,0.21866311132907867,1
kuluttajanvalinta,0.20642203092575073,1
kuluttajat,0.5822187066078186,1
kuluttajatutkimus,0.3969179391860962,1
kuluttajayhteisöt,0.2751990258693695,1
kuluttajien käsitykset,0.2687988877296448,1
kuluttajuus,0.3314703106880188,1
kuluttaminen,0.17071010172367096,1
kulutus,0.5763501524925232,1
kulutusasenteet,0.2661456763744354,1
kulutuskulttuuri,0.24521704018115997,1
kulutusluotot,0.2225968837738037,1
kulutustottumukset,0.2429877072572708,1
kulutusyhteiskunta,0.20617087185382843,1
kumariinit,0.37873923778533936,1
kummit,0.2784156799316406,1
kumppanuus,0.5555135607719421,1
kungfutselaisuus,0.1697116494178772,1
kuningattaret,0.21063238382339478,1
kuninkaat,0.2497945874929428,1
kunnallinen köyhäinhoito,0.3163391053676605,1
kunnallinen varhaiskasvatus,0.22552961111068726,1
kunnallishallinto,0.4426499009132385,1
kunnallispolitiikka,0.2581186294555664,1
kunnan ja yrittäjien suhde,0.11148259788751602,0
kunnat,0.827897310256958,1
kunnia,0.19579656422138214,1
kunnioitus,0.2618005573749542,1
kunnossapito,0.14454782009124756,1
kunnostus,0.31164541840553284,1
kunnostushanke,0.3208816349506378,1
kunta,0.518049418926239,1
kunta-ala,0.48528358340263367,1
kuntaliitokset,0.48691824078559875,1
kuntaliitos,0.20150578022003174,1
kuntamarkkinointi ja retoriikka sekä kvantitatiivinen tutkimus,0.2581213414669037,1
kuntaorganisaatio,0.3384540379047394,1
kuntauudistus,0.18699578940868378,1
kuntavaalit,0.238417387008667,1
kuntaviestintä,0.2327139973640442,1
kunto-ominaisuudet,0.1957024186849594,1
kuntoilulaite,0.2300565540790558,1
kuntoliikunta,0.35333168506622314,1
kuntopallo,0.2772589921951294,1
kuntosalit,0.13878552615642548,0
kuntotestaus,0.33400341868400574,1
kuntotestit,0.5082329511642456,1
kuntouttava sosiaalityö,0.28211158514022827,1
kuntouttava työote,0.10066138952970505,0
kuntouttava työtoiminta,0.28658854961395264,1
kuntoutuja,0.39009058475494385,1
kuntoutujat,0.509239137172699,1
kuntoutuminen,0.6486724019050598,1
kuntoutus,0.7739927768707275,1
kuntoutuslaitokset,0.3336683511734009,1
kuolansuomalaiset,0.20579764246940613,1
kuolema,0.5353909134864807,1
kuoleman pornografia,0.1561162918806076,1
kuolemankulttuuri,0.22989948093891144,1
kuolleisuus,0.3432576060295105,1
kuoret,0.5074113607406616,1
kuoriutuminen,0.43266761302948,1
kuoriutumismalli,0.17522327601909637,1
kuormituksesta palautumisen teoria,0.32316404581069946,1
kuormitus,0.7301403880119324,1
kuormitustekijä,0.31083157658576965,1
kuorolaulu,0.19424894452095032,1
kuoromusiikki,0.24007581174373627,1
kuoronjohtajat,0.2915121018886566,1
kuorot,0.28010767698287964,1
kupari,0.1585296392440796,1
kuraattorit,0.3830149471759796,1
kuratointi,0.3920508027076721,1
kuritus,0.2273925393819809,1
kurssivaihtelu,0.3384115695953369,1
kurtturuusu,0.21528209745883942,1
kustannukset,0.5495921969413757,1
kustannus-hyötyanalyysi,0.4220058023929596,1
kustannusala,0.3313114643096924,1
kustannuserot,0.1563454419374466,1
kustannuslaskenta,0.21348634362220764,1
kustannusmalli,0.2789880037307739,1
kustannuspinta,0.22673948109149933,1
kustannusselvitys,0.20856641232967377,1
kustannustehokkuus,0.33234238624572754,1
kustannusvaikuttavuus,0.18135417997837067,1
kutu,0.4147716164588928,1
kutualue,0.263453871011734,1
kutujakso,0.317141592502594,1
kutuvaellus,0.23319558799266815,1
kuuden minuutin kävelytesti,0.2603825330734253,1
kuudesluokkalaiset,0.3133998215198517,1
kuukautiset,0.3770065903663635,1
kuukautiskierto,0.5028567910194397,1
kuuleminen,0.39811211824417114,1
kuuliaisuus,0.16519998013973236,1
kuullun ymmärtäminen,0.3140006959438324,1
kuulo,0.2419998198747635,1
kuuloaivokuori,0.420462429523468,1
kuulokojeet,0.20114775002002716,1
kuulonvarainen,0.3042062520980835,1
kuulonvaraisuus,0.2378017008304596,1
kuulovammainen,0.20955781638622284,1
kuulovammaiset,0.5510579943656921,1
kuulovammat,0.3547341823577881,1
kuuluminen,0.24185295403003693,1
kuulumisen tunne,0.22827480733394623,1
kuunteleminen,0.5579767823219299,1
kuuntelemisosaaminen,0.3347494602203369,1
kuuntelu,0.25451013445854187,1
kuurot,0.3402097523212433,1
kuuset,0.22550052404403687,1
kuutiosplini,0.3915244936943054,1
kuva ja sana,0.2298288345336914,1
kuvailevat viittomat,0.3160051703453064,1
kuvakirjat,0.3576955199241638,1
kuvakommunikointi,0.2059127688407898,1
kuvallinen viestintä,0.20687390863895416,1
kuvallisuus,0.38636747002601624,1
kuvantaminen,0.47858333587646484,1
kuvanveisto,0.37113314867019653,1
kuvat,0.5119179487228394,1
kuvataide,0.5078092813491821,1
kuvataidekasvatus,0.6271427869796753,1
kuvataidekoulut,0.2592723071575165,1
kuvataideopetus,0.38031551241874695,1
kuvataideterapia,0.33604007959365845,1
kuvataiteen terapeuttisuus,0.2806071937084198,1
kuvataiteet,0.4064911901950836,1
kuvataiteilijat,0.49283403158187866,1
kuvateologia,0.39912089705467224,1
kuvaus (kuvailu),0.23705002665519714,1
kuviteltu maantiede,0.24515224993228912,1
kvadrupolimassaspektrometri,0.11543881148099899,0
kvalifikaatiot,0.19965466856956482,1
kvalitatiivinen tutkimus,0.6515455842018127,1
kvantiilisekoitukset,0.2450639009475708,1
kvantitatiivinen tutkimus,0.304302841424942,1
kvanttifysiikka,0.3173746168613434,1
kvanttikenttäteoria,0.41355934739112854,1
kvanttikoherenssi,0.26277685165405273,1
kvanttikromodynamiikka,0.22287806868553162,1
kvanttimekaniikka,0.44632625579833984,1
kvanttisaanto,0.2271791398525238,1
kvanttiteoria,0.353678435087204,1
kvanttiväridynamiikka,0.520421028137207,1
kvarkit,0.5280038714408875,1
kvarkki,0.26704806089401245,1
kvarkkiparit,0.3578808009624481,1
kvasikonformikuvaukset,0.1401636302471161,1
kvaterniot,0.361429363489151,1
kveenin kieli,0.20170660316944122,1
kyberavaruus,0.22205542027950287,1
kyberkompetenssi,0.346152126789093,1
kyberoperaatio,0.31050994992256165,1
kyberosaaminen,0.2843935787677765,1
kyberrikollisuus,0.4835468828678131,1
kybersodankäynti,0.3843953013420105,1
kybersodankäytni,0.22107911109924316,1
kybertaistelu,0.38271909952163696,1
kyberteksti,0.1704968959093094,1
kybertiedustelu,0.24357035756111145,1
kybertila,0.4450297951698303,1
kybertoimintaympäristö,0.4672641456127167,1
kyberturvallisuuden hallinta,0.3561621904373169,1
kyberturvallisuus,0.8859492540359497,1
kyberturvallisuuskulttuuri,0.393046498298645,1
kyberuhka,0.48972824215888977,1
kyberuhkatiedustelu,0.2872522175312042,1
kybervakoilu,0.23679569363594055,1
kyborgit,0.1573520004749298,1
kylätutkimus,0.21393384039402008,1
kylmä sota,0.534936785697937,1
kylmäakklimaatio,0.28626275062561035,1
kylmäkooma,0.2353702187538147,1
kylmänkestävyys,0.3882448673248291,1
kylpeminen,0.2224266082048416,1
kyltit,0.20848731696605682,1
kyläkahvila,0.18595702946186066,1
kyläkoulu,0.43403318524360657,1
kyläkoulut,0.48764970898628235,1
kylät,0.1597704291343689,1
kylätutkimus,0.18732750415802002,1
kynnykset,0.34777653217315674,1
kypsyminen,0.3610299527645111,1
kypsyysmalli,0.24612762033939362,1
kysely,0.21785181760787964,1
kyselylomake,0.2905373275279999,1
kyselytutkimus,0.7324157357215881,1
kysymykset,0.3611067533493042,1
kysymys-vastaus-palaute -ketju (IRF-ketju),0.21674323081970215,1
kysynnän ennustaminen,0.3676939606666565,1
kysyntä,0.3920517861843109,1
kysyntäjousto,0.17202521860599518,1
kytkettynä uinti,0.1924227625131607,1
kytkeytyneisyys,0.20284277200698853,1
kyvykkyydet,0.4062812030315399,1
kyvykkyys,0.3901537358760834,1
kyykkyhyppy,0.28489038348197937,1
kyynärpäävammat,0.34458673000335693,1
kädelliset,0.2833128273487091,1
kädentaidot,0.2363777607679367,1
kädentaitojen oppiminen,0.2798643708229065,1
kädet,0.37256982922554016,1
känykkäkiusaaminen,0.2663179934024811,1
kärsimys,0.33733800053596497,1
käräjäoikeudet,0.4338701665401459,1
käräjät,0.14720351994037628,1
käsikirjoittajat,0.2202131152153015,1
käsikirjoittaminen,0.3461335599422455,1
käsikirjoitukset,0.17798283696174622,1
käsiteanalyysi,0.3500381410121918,1
käsitehistoria,0.35596945881843567,1
käsitteellinen tieto,0.25747421383857727,1
käsitteenmuodostusvälineet,0.24950914084911346,1
käsitteet,0.2782524526119232,1
käsitteet metodina,0.14895452558994293,1
käsitykset,0.7428773045539856,1
käsitykset itsestä ja muista,0.18878719210624695,1
käsitys,0.36596569418907166,1
käsitysten muodostuminen,0.32682082056999207,1
käsityöharrastaja,0.3375876843929291,1
käsityönopettajat,0.260133296251297,1
käsityöt,0.5053939819335938,1
käteinen raha,0.23849840462207794,1
kätilö,0.26522573828697205,1
kätilöt,0.3903079926967621,1
kävely,0.5636118054389954,1
kävelyalusta,0.27686965465545654,1
kävelykepit,0.5241813659667969,1
kävelykyky,0.38547012209892273,1
kävelyn liikeanalyysi,0.40430447459220886,1
kävelyn määrä,0.36485809087753296,1
kävelytesti,0.20623266696929932,1
kävijät,0.3283928632736206,1
kävijävaikutus,0.26604363322257996,1
käymälät,0.3184174597263336,1
käypä arvo,0.29023343324661255,1
käytettävyyden arviointi,0.3326790928840637,1
käytettävyys,0.8676345944404602,1
käytettävyysongelma,0.40041664242744446,1
käytettävyysongelmat,0.4299229383468628,1
käytettävyystestaus,0.5256303548812866,1
käyttäjien kokemus,0.3487638235092163,1
käyttäjien luoma sisältö,0.3238254189491272,1
käyttäjien sitouttaminen,0.1946645975112915,1
käyttäjä,0.18367762863636017,1
käyttäjäarvot,0.2838185131549835,1
käyttäjäkeskeinen suunnittelu,0.36789900064468384,1
käyttäjäkokemus,0.7666033506393433,1
käyttäjäkokemustutkimus,0.4578101336956024,1
käyttäjäkäyttäytyminen,0.22298043966293335,1
käyttäjälähtöinen innovaatio,0.2604728937149048,1
käyttäjälähtöinen sisältö,0.27740398049354553,1
käyttäjälähtöisyys,0.5280270576477051,1
käyttäjän osallistaminen,0.37287044525146484,1
käyttäjät,0.4946952164173126,1
käyttäjätutkimus,0.2998083233833313,1
käyttäytyminen,0.5371551513671875,1
käyttäytymisen haasteet,0.3056212067604065,1
käyttäytymisen ja tunteiden vahvuudet,0.19459183514118195,1
käyttäytymisen muutos,0.256229430437088,1
käyttäytymisen muutospyörä,0.4234820306301117,1
käyttäytymisen muutostekniikka,0.6479560136795044,1
käyttäytymisen tukeminen,0.2598685920238495,1
käyttäytymisen vahvuus,0.2156318873167038,1
käyttäytymishäiriöt,0.724213719367981,1
käyttäytymistä aktivoiva järjestelmä,0.3166395127773285,1
käyttäytymistä estävä järjestelmä,0.23824477195739746,1
käyttö,0.2787514925003052,1
käyttöaika,0.34796425700187683,1
käyttöaikomus,0.2240312248468399,1
käyttökokemus,0.29665833711624146,1
käyttöliittymä,0.2772535979747772,1
käyttöliittymäkirjasto,0.24990412592887878,1
käyttöliittymät,0.6938146948814392,1
käyttöpaine,0.18445248901844025,1
käyttötapaukset,0.27370959520339966,1
käyttöönotto,0.6563416123390198,1
käyttöönottoprosessi,0.18506203591823578,1
käytänne,0.35973966121673584,1
käytännön opetus,0.18280063569545746,1
käytännönopetus,0.1938445121049881,1
käytäntö,0.47350504994392395,1
käytäntöyhteisö,0.17163577675819397,1
käytöshäiriö,0.22816170752048492,1
käytösoireet,0.4218783974647522,1
käytösoppaat,0.21341784298419952,1
käytöstä poistaminen,0.2864384055137634,1
käänne,0.2918970584869385,1
käännökset,0.6582396030426025,1
käännöskirjallisuus,0.13998188078403473,0
käännösongelmat,0.3510049283504486,1
käännösteoria,0.1878814697265625,1
käännöstiede,0.22304126620292664,1
kääntyminen,0.16773110628128052,1
kääntymys,0.3297733962535858,1
kääntäminen,0.6323997378349304,1
köydenvetopeli satunnaiskohinalla,0.21745984256267548,1
köyhtyminen,0.26693981885910034,1
köyhyys,0.6404513120651245,1
köyhäinhoito,0.4186519980430603,1
köyhät,0.20394331216812134,1
laadullinen eli kvalitatiivinen tutkimus,0.23245489597320557,1
laadullinen haastattelututkimus,0.2189871072769165,1
laadullinen kysely,0.31491413712501526,1
laadullinen seurantatutkimus,0.24624265730381012,1
laadullinen sisällönanalyysi,0.5686023235321045,1
laadullinen tapaustutkimus,0.1926659792661667,1
laadullinen tutkimus,0.5038301944732666,1
laadunarviointi,0.443083256483078,1
laadunhallinta,0.32846012711524963,1
laaduntarkastus,0.41991907358169556,1
laadunvalvonta,0.37136736512184143,1
laadunvarmistus,0.2987745404243469,1
laaja-alainen erityisopettaja,0.2348119169473648,1
laaja-alainen opettajuus,0.1845998913049698,1
laaja-alainen osaaminen,0.3060126304626465,1
laaja-alaisuus,0.11268123984336853,0
laajeneminen,0.16573670506477356,1
laakerit,0.2174716740846634,1
laatu,0.691861629486084,1
laatujohtaminen,0.24989645183086395,1
laatukustannukset,0.3009837567806244,1
laatutyö,0.1595565527677536,1
laatutyön johtaminen,0.21980240941047668,1
laatuvaatimukset,0.33604851365089417,1
labor migration,0.33022600412368774,1
laboratorioharjoitukset,0.31482452154159546,1
laboratoriot,0.29463911056518555,1
laboratoriotutkimus,0.2557462751865387,1
laboratoriotyöskentely,0.28714850544929504,1
laboratory practices,0.2350190430879593,1
laboratory research,0.1957683563232422,1
labour (workforce),0.3495980501174927,1
labour immigration,0.32471799850463867,1
labour market,0.3022429645061493,1
labour share of income,0.17784768342971802,1
lactide-based polymers,0.33756738901138306,1
lagidrottare,0.2556111514568329,1
lahjakkuus,0.3348368704319,1
lahjoittaja,0.21345631778240204,1
lahna,0.37103062868118286,1
lahopuu,0.22646546363830566,1
lahopuut,0.198692187666893,1
lahottajat,0.3056149482727051,1
laidunnus,0.26183435320854187,1
laiduntaminen,0.26946672797203064,1
laihdutus,0.5699824094772339,1
laikkumätästys,0.33744561672210693,1
laikunkoko,0.18478386104106903,1
lainaaminen,0.3492985963821411,1
lainasanat,0.20954947173595428,1
lainat,0.2487492859363556,1
lainavertailupalvelut,0.35182544589042664,1
lainkuuliaisuus,0.2129245549440384,1
lainsäädäntö,0.521894097328186,1
lainsäätämisjärjestys,0.16903989017009735,1
lait,0.2434108853340149,1
laitoshoito,0.357744038105011,1
laitteistokiihdytys,0.31270694732666016,1
laivanvarustus,0.24747513234615326,1
laivat,0.3391115665435791,1
lajianalyysi,0.3441992998123169,1
lajien tunnistus,0.17636831104755402,1
lajiharjoittelu,0.18722853064537048,1
lajihavainto,0.2603830099105835,1
lajiliitto,0.20158162713050842,1
lajimäärä,0.25581714510917664,1
lajinmääritys,0.33836251497268677,1
lajintunnistus,0.34945806860923767,1
lajintunnistustesti,0.256442129611969,1
lajintuntemus,0.40641841292381287,1
lajirunsaus,0.20994676649570465,1
lajismi,0.32102110981941223,1
lajit,0.287871778011322,1
lajitaidot,0.250602662563324,1
lajiteoria,0.2560127377510071,1
lakes,0.2727399170398712,1
laki ikääntyneen väestön toimintakyvyn tukemisesta sekä iäkkäiden sosiaali- ja terveyspalveluista,0.2509060204029083,1
laki naisten ja miesten välisestä tasa-arvosta,0.1297624260187149,0
lakko-oikeus,0.3490690588951111,1
lakot,0.2538871765136719,1
laktaatit,0.20111268758773804,1
lamiini A,0.2525121569633484,1
lammet,0.20907722413539886,1
langaton kommunikaatio,0.38342684507369995,1
langaton tekniikka,0.5198113918304443,1
langaton tiedonsiirto,0.4818980097770691,1
langattomat lähiverkot,0.17808859050273895,1
langattomat verkot,0.188713937997818,1
language,0.2475518137216568,1
language acquisition,0.19747048616409302,1
language anxiety,0.29378095269203186,1
language attitudes,0.4519728422164917,1
language awareness,0.36276161670684814,1
language choice,0.2835235595703125,1
language clustering,0.21815867722034454,1
language education,0.43130722641944885,1
language ideology,0.2067866027355194,1
language learners,0.24148035049438477,1
language learning,0.6223234534263611,1
language maintenance,0.3404783308506012,1
language policy,0.4098038077354431,1
language proficiency,0.24198144674301147,1
language repertoires,0.18040508031845093,1
language skills,0.2710157036781311,1
language teachers,0.23713357746601105,1
language teaching,0.509597659111023,1
language testing,0.19498644769191742,1
language transmission,0.2538905441761017,1
language variation,0.17888784408569336,1
languages,0.7243923544883728,1
languages for specific purposes,0.24270233511924744,1
languaging,0.19754022359848022,1
lannoitteet,0.2123238891363144,1
lanta,0.32054680585861206,1
lantaani,0.14538580179214478,1
lantanoidit,0.16856101155281067,1
lanthanoid complexes,0.23790660500526428,1
lapsen aikatila,0.16965019702911377,1
lapsen asema,0.255695104598999,1
lapsen etu,0.25431954860687256,1
lapsen huolto,0.2841901481151581,1
lapsen kehityksen tukeminen,0.20928619801998138,1
lapsen näkökulma,0.17114189267158508,1
lapsen osallisuus,0.24719369411468506,1
lapsen psyykkinen hyvinvointi,0.17339639365673065,1
lapsen taiteellinen toimijuus,0.15663626790046692,1
lapsen tutkiva toiminta,0.2146468162536621,1
lapsen yksilöllinen kohtaaminen,0.09222210198640823,0
lapsen yksilölliset tarpeet,0.26054462790489197,1
lapsenmurha,0.2654223144054413,1
lapset,0.9524399042129517,1
lapset (ikäryhmät),0.9068508744239807,1
lapset (perheenjäsenet),0.30351853370666504,1
lapset ja nuoret,0.15960007905960083,1
lapsettomuus,0.47672080993652344,1
lapsi,0.2587578594684601,1
lapsi poliittisena ja kriittisenä taiteilijana,0.1640511304140091,1
lapsi taiteilijana,0.19437648355960846,1
lapsiin kohdistuva väkivalta,0.26943713426589966,1
lapsijohtoinen tutkimus,0.3090054392814636,1
lapsikeskeisyys,0.2461259365081787,1
lapsikuorot,0.19090017676353455,1
lapsikäsitys,0.3223581612110138,1
lapsiluku,0.2678423523902893,1
lapsiluvun vaikutus sepelvaltimotautiin,0.26930752396583557,1
lapsilähtöisyys,0.3518124222755432,1
lapsinäkökulma,0.24901339411735535,1
lapsiosallistuja,0.32416602969169617,1
lapsiperhe,0.29267510771751404,1
lapsiperheet,0.5751796364784241,1
lapsiperheiden sosiaalityö,0.1780373603105545,1
lapsipolitiikka,0.27380096912384033,1
lapsipuolet,0.12602369487285614,0
lapsuuden haitalliset kokemukset,0.27324560284614563,1
lapsuuden maantiede,0.30776911973953247,1
lapsuudentutkimus,0.3048850893974304,1
lapsuus,0.49269863963127136,1
large language models,0.26209110021591187,1
laser,0.2522662878036499,1
laser-ionisaatio,0.1490246057510376,1
laser-ionization,0.10740430653095245,0
laser-radiofrequency double-resonance,0.19963517785072327,1
laserit,0.29318249225616455,1
laserkeilausaineisto,0.18607380986213684,1
lasers,0.13087432086467743,0
lasertekniikka,0.11874406784772873,0
laskeminen,0.3057621121406555,1
laskemisen erityisvaikeus,0.16665485501289368,1
laskemisen sujuvuus,0.19806739687919617,1
laskennallinen neurotiede,0.3926337659358978,1
laskennallinen yhteiskuntatiede,0.30634674429893494,1
laskennalliset menetelmät,0.31137165427207947,1
laskentajärjestelmät,0.1908237636089325,1
laskentamallit,0.32950305938720703,1
laskentamenetelmät,0.34814128279685974,1
laskentatoimen ammattilainen,0.23745448887348175,1
laskentatoimen muutos,0.24332833290100098,1
laskentatoimen tietojärjestelmät,0.21987655758857727,1
laskentatoimen työroolit,0.19812442362308502,1
laskentatoimi,0.7615787982940674,1
laskimet,0.1853153109550476,1
laskinohjeuudistus,0.1873541921377182,1
laskuharjoitukset,0.3317878842353821,1
laskusujuvuus,0.5723572969436646,1
laskutaidon kehitys,0.14165043830871582,1
lasten arki,0.23974931240081787,1
lasten hiihtokoulu,0.3835669755935669,1
lasten ihmisoikeudet,0.21174421906471252,1
lasten ja nuorten hyvinvointisuunnitelma,0.18130461871623993,1
lasten ja nuorten media,0.11719050258398056,0
lasten ja vanhempien näkemysten yhdenmukaisuus,0.300387442111969,1
lasten kehitys,0.47969353199005127,1
lasten kokemukset,0.45889124274253845,1
lasten kotihoidontuki,0.2508898079395294,1
lasten kuuleminen,0.41426631808280945,1
lasten oikeudet,0.18219654262065887,1
lasten pahoinpitely,0.2587893605232239,1
lasten suosikkiohjelmat,0.19963186979293823,1
lasten taide,0.2378363460302353,1
lasten toimijuus,0.2965373396873474,1
lasten vertaissuhteet,0.219302237033844,1
lastenelokuvat,0.3572438359260559,1
lastenhoitajat,0.30958500504493713,1
lastenhoito,0.49482616782188416,1
lastenhoitojärjestelyt,0.24110643565654755,1
lastenhuolto,0.28381890058517456,1
lastenkirjailijat,0.22373656928539276,1
lastenkirjallisuus,0.7048235535621643,1
lastenkulttuuri,0.22875210642814636,1
lastenkulttuuripolitiikka,0.19636046886444092,1
lastenohjelmat,0.1997842788696289,1
lastensuojelu,0.8284748196601868,1
lastensuojeluilmoitukset,0.41672107577323914,1
lastensuojeluilmoitus,0.35696473717689514,1
lastensuojelulaki,0.26425260305404663,1
lastensuojelun avohuolto,0.42134249210357666,1
lastensuojelutarpeen selvitys,0.2943907678127289,1
lastentarhanopettaja,0.24370628595352173,1
lastentarhanopettajat,0.39336901903152466,1
lastentautioppi,0.26065871119499207,1
lastenvalvojat,0.34282150864601135,1
late positive potential (LPP),0.2693549394607544,1
late style,0.19486837089061737,1
late-talking,0.2723810374736786,1
lateksit,0.24177834391593933,1
latentti profiilianalyysi,0.21718735992908478,1
latenttien merkitysten rekonstruktiometodi,0.2640678286552429,1
latinan kieli,0.25452518463134766,1
lattice gauge theory,0.2510899007320404,1
lattice-Boltzmann,0.39213839173316956,1
laukauksenlukutaito,0.18783225119113922,1
laulajat,0.17582912743091583,1
laulaminen,0.5956573486328125,1
laulukilpailut,0.37328311800956726,1
laulunopettajat,0.24915510416030884,1
laulunopetus,0.2642740309238434,1
laulut,0.40323278307914734,1
launch-phase challenges,0.16454185545444489,1
lauseet,0.31992703676223755,1
lauserakenne,0.2591434121131897,1
lausetyypit,0.2917892336845398,1
lautapelit,0.29850488901138306,1
lähikehityksen vyöhyke,0.4102579653263092,1
leaching,0.14273498952388763,1
lead time,0.18887905776500702,1
leader-supportive organizational climate,0.23966652154922485,1
leadership,0.2250814139842987,1
leadership (activity),0.5337511301040649,1
leadership (properties),0.43524277210235596,1
leadership expertise,0.17111583054065704,1
leadership training,0.1566605418920517,1
lean-ajattelu,0.34702369570732117,1
learner autonomy,0.33651429414749146,1
learner characteristics,0.2685629427433014,1
learner experiences,0.22683674097061157,1
learner perspectives,0.32075437903404236,1
learners’ beliefs,0.1591726839542389,1
learning,0.6354469060897827,1
learning analytics,0.30056697130203247,1
learning difficulties,0.37107357382774353,1
learning disability,0.27118366956710815,1
learning environment,0.4475294351577759,1
learning materials,0.219744011759758,1
learning organisation,0.21169842779636383,1
learning portraits,0.18570706248283386,1
learning potential,0.3136987090110779,1
learning schemas,0.17913226783275604,1
learning space,0.1564590036869049,1
learning-based game,0.3056263029575348,1
leasing,0.22277116775512695,1
ledarskap,0.28270068764686584,1
legislation,0.25711867213249207,1
legitimaatio,0.3139392137527466,1
legitimacy,0.19598358869552612,1
legitimacy theory,0.17246247828006744,1
legitimiteetti,0.6021820306777954,1
lehdistö,0.31026121973991394,1
lehdistökirjoittelu,0.7132904529571533,1
lehdistötiedotteet,0.34595611691474915,1
lehmät,0.22915080189704895,1
lehtikonsepti,0.262790322303772,1
lehtikuvaajat,0.2162342667579651,1
lehtimainonta,0.2015531063079834,1
lehtiuudistus,0.19469213485717773,1
leikin loppuminen,0.35294944047927856,1
leikinomaisuus,0.20423202216625214,1
leikit,0.4573380947113037,1
leikkaushoitajat,0.2540050446987152,1
leikkaushoito,0.4714665412902832,1
leikki,0.6793757081031799,1
leikki (toiminta),0.26730620861053467,1
leikki-ikäiset,0.24644525349140167,1
leikkiin perustuva oppiminen,0.2529483139514923,1
leikkikulttuuri,0.3496999442577362,1
leikkiminen,0.3686598241329193,1
leikkisyys,0.35989341139793396,1
leikkisä työn suunnittelu,0.262044221162796,1
leikkitaidot,0.15599694848060608,1
leikkiympäristö,0.24879679083824158,1
leimaaminen,0.25225383043289185,1
leimautuminen (sosiologia),0.2740214765071869,1
leirit,0.31679633259773254,1
lek,0.30205237865448,1
leksikografia,0.31461045145988464,1
leksikologia,0.18181878328323364,1
lektionsplanering,0.2503069341182709,1
lelut,0.1906002312898636,1
lemmaus,0.16567538678646088,1
lemmikkieläimet,0.3535975515842438,1
lempinimet,0.28812119364738464,1
lengthening contractions,0.27944955229759216,1
lennokit,0.26185956597328186,1
lentoasemat,0.2993200421333313,1
lentolehtiset,0.2290751188993454,1
lentoliikenne,0.2171400934457779,1
lentomatkailu,0.3861682713031769,1
lentopallo,0.5872856378555298,1
lentotuhka,0.2782176434993744,1
lentoyhtiöt,0.20907075703144073,1
lepokausi,0.24887406826019287,1
lepokitka,0.36005088686943054,1
lepotila,0.3327445387840271,1
lernstrategien,0.29016897082328796,1
lesbian culture,0.1703525185585022,1
lesbianism,0.17496003210544586,1
lesbokulttuuri,0.1736072599887848,1
lesbous,0.301194429397583,1
lesket,0.20552493631839752,1
leskeys,0.2435941845178604,1
lestadiolaisuus,0.14600452780723572,1
leviäminen,0.2734769582748413,1
levät,0.23218247294425964,1
lexicology,0.16042345762252808,1
liberalismi,0.29045993089675903,1
liennytys,0.27102982997894287,1
lieventäminen,0.45619213581085205,1
lieventämismekanismi,0.3823786675930023,1
lievitys,0.362240731716156,1
life cycle assessment,0.2210291475057602,1
life insurance,0.33414456248283386,1
life-cycle,0.13792505860328674,0
lifelong learning,0.3190254867076874,1
lifestyle,0.13639585673809052,0
lifestyle change,0.23495571315288544,1
lifestyle sport,0.2313992977142334,1
lifestyle-vaikuttaja,0.15960285067558289,1
lifetime,0.28756511211395264,1
ligandit,0.3534238636493683,1
ligands,0.17872951924800873,1
light (electromagnetic radiation),0.3912733793258667,1
light collection,0.17735423147678375,1
light-cone gauge,0.2723430395126343,1
lightnings,0.22449450194835663,1
ligniini,0.30026155710220337,1
lignin,0.3423701822757721,1
lignocellulose,0.35802313685417175,1
liha,0.25211405754089355,1
lihakset,0.8526705503463745,1
lihantuotanto,0.2967291474342346,1
lihas,0.1839699000120163,1
lihasaktiivisuus,0.5872020125389099,1
lihasaktivaatio,0.478549987077713,1
lihashypertrofia,0.2005244493484497,1
lihaskasvu,0.2397981882095337,1
lihasmassa,0.566439688205719,1
lihasrakenne,0.1744401752948761,1
lihassolut,0.3537660837173462,1
lihassyykimput,0.2807270288467407,1
lihasvoima,0.6919962167739868,1
lihavuuden hoito,0.3186722695827484,1
lihavuus,0.7371036410331726,1
lihavuustutkimus,0.12252382189035416,0
liiallinen internetin käyttö,0.3496741056442261,1
liiallinen liikunta,0.25880149006843567,1
liiallinen työskentely,0.20516324043273926,1
liikakasvu,0.23573899269104004,1
liikalihavuus,0.1478317677974701,1
liike,0.4299270212650299,1
liike-elämä,0.3354033827781677,1
liikeanalyysi,0.49572354555130005,1
liikearkistot,0.25760284066200256,1
liikearvo,0.24965940415859222,1
liikekirjeenvaihto,0.23508788645267487,1
liikekitka,0.3105471134185791,1
liikelaitosuudistus,0.1966070979833603,1
liikemittari,0.34268805384635925,1
liikemittaustutkimus,0.2140621840953827,1
liikenne,0.7274930477142334,1
liikennekäyttäytyminen,0.4437350630760193,1
liikennesuunnitelma,0.3147730529308319,1
liikeoppi,0.459740549325943,1
liikesuhteet,0.2922857999801636,1
liiketoiminnan jatkuvuuden hallinta,0.1868969202041626,1
liiketoiminta,0.5242665410041809,1
liiketoimintahistoria,0.2660141885280609,1
liiketoimintakyvykkyys,0.2401144802570343,1
liiketoimintamalli,0.4867723286151886,1
liiketoimintamallit,0.7639976739883423,1
liiketoimintaosaaminen,0.23938989639282227,1
liiketoimintaprosessi,0.2261543571949005,1
liiketoimintaprosessien hallinta,0.3491400480270386,1
liiketoimintaprosessien uudelleensuunnittelu,0.19685682654380798,1
liiketoimintaprosessit,0.29169848561286926,1
liiketoimintastrategia,0.28048306703567505,1
liiketoimintasuhteet,0.2592921853065491,1
liiketoimintatiedon hallinta,0.27714961767196655,1
liiketoimintaympäristö,0.29901012778282166,1
liiketutkimus,0.24199602007865906,1
liikkeenjohto,0.2937859892845154,1
liikkeentunnistus,0.14985255897045135,1
liikkumattomuus,0.6187945008277893,1
liikkuminen,0.7804597616195679,1
liikkumisaktiivisuus elinpiirissä,0.35818302631378174,1
liikkumisen apuväline,0.5325635671615601,1
liikkumisen esteet,0.3989550769329071,1
liikkumiskyky,0.2532309889793396,1
liikkumismuodot,0.2604103684425354,1
liikkuvuus,0.6081703305244446,1
liikkuvuusharjoittelu,0.2689773440361023,1
liikunnallinen elämäntapa,0.307461678981781,1
liikunnallinen oppimisympäristö,0.2629299759864807,1
liikunnallinen toiminnallisuus,0.21435591578483582,1
liikunnallinen tuki,0.31088805198669434,1
liikunnallistaminen,0.2797340750694275,1
liikunnan elementit,0.22637562453746796,1
liikunnan harrastuneisuus,0.373896986246109,1
liikunnan ja terveystiedon opettajuus,0.26920002698898315,1
liikunnan kansalaistoiminta,0.17432719469070435,1
liikunnanohjaajat,0.3694876432418823,1
liikunnanopettaja,0.2773239016532898,1
liikunnanopettajakoulutus,0.3114810287952423,1
liikunnanopettajaksi kehittyminen,0.3242014944553375,1
liikunnanopettajaksi opiskeleva,0.2758435010910034,1
liikunnanopettajaksi opiskelevat,0.3970465362071991,1
liikunnanopettajan työnkuva,0.2940344214439392,1
liikunnanopettajat,0.8768592476844788,1
liikunnanopetuksen osa-alue,0.39042073488235474,1
liikunnanopetuksen tavoitteet,0.34008800983428955,1
liikunnanopetus,0.6651677489280701,1
liikunnanopetuskokemukset,0.251531720161438,1
liikunta,0.9820705652236938,1
liikunta- ja urheilutapahtumat,0.1953456699848175,1
liikunta-aktiivisuus,0.7089933753013611,1
liikunta-ala,0.2805531322956085,1
liikuntaa tukeva vanhemmuus,0.2909654676914215,1
liikuntabreikit,0.25964778661727905,1
liikuntaesteiset,0.28256314992904663,1
liikuntafysiologia,0.22932684421539307,1
liikuntaharrastuneisuus,0.373366117477417,1
liikuntaharrastus,0.6973934173583984,1
liikuntahistoria,0.33286669850349426,1
liikuntahoito,0.46079230308532715,1
liikuntainterventio,0.3230172395706177,1
liikuntajärjestöt,0.2853918671607971,1
liikuntakasvatus,0.8516240119934082,1
liikuntakerho,0.2661891579627991,1
liikuntakokeilut,0.36413466930389404,1
liikuntakokemus,0.2367788851261139,1
liikuntakulttuuri,0.6721623539924622,1
liikuntakyky,0.45749568939208984,1
liikuntakysymys,0.19196489453315735,1
liikuntakäyttäytyminen,0.350536584854126,1
liikuntalajit,0.22644901275634766,1
liikuntaleikit,0.2940462529659271,1
liikuntalukiot,0.4020603597164154,1
liikuntaluokat,0.5358150601387024,1
liikuntamatkailu,0.2581433057785034,1
liikuntamotiivit,0.3446071147918701,1
liikuntamotivaatio,0.7419385313987732,1
liikuntamuodot,0.19504119455814362,1
liikuntaneuvojat,0.254473477602005,1
liikuntaneuvonta,0.43678128719329834,1
liikuntaolosuhteet,0.254446804523468,1
liikuntapaikat,0.21539850533008575,1
liikuntapaikkarakentaminen,0.3411402106285095,1
liikuntapalvelut,0.535432755947113,1
liikuntapedagogiikan aikuiskoulutuksen maisteriohjelma,0.393583744764328,1
liikuntapedagogiikan opiskelija,0.307900995016098,1
liikuntapedagogiikka,0.6294106841087341,1
liikuntapelit,0.35062897205352783,1
liikuntapolitiikka,0.2774275243282318,1
liikuntapsykologia,0.5035080313682556,1
liikuntapääoma,0.1816585212945938,1
liikuntara- joitteisuus,0.23193678259849548,1
liikuntaseurat,0.3242446482181549,1
liikuntasisällöt,0.3891744315624237,1
liikuntasovellus,0.19021789729595184,1
liikuntasuhde,0.299916535615921,1
liikuntasuositus,0.2839795649051666,1
liikuntasuunnittelu,0.33123978972435,1
liikuntataidot,0.4602562189102173,1
liikuntataitojen oppiminen,0.2123749852180481,1
liikuntatapahtumat,0.5505278706550598,1
liikuntateknologia,0.5289522409439087,1
liikuntatilat,0.30781087279319763,1
liikuntatoimi,0.3622107207775116,1
liikuntatottumukset,0.422084242105484,1
liikuntatunnit,0.24403038620948792,1
liikuntatunti,0.2928290069103241,1
liikuntavammat,0.3992377519607544,1
liikuntaviihtyvyys,0.19265443086624146,1
liikuntaympäristö,0.49838149547576904,1
liimat,0.20048117637634277,1
liito-orava,0.26303553581237793,1
liitu,0.25793957710266113,1
likviditeetin hallinta,0.23736579716205597,1
likviditeettiloukku,0.2275295853614807,1
liminality,0.17476814985275269,1
lineaarialgebra,0.2766568958759308,1
lineaarinen rationaalikuvaus,0.21570515632629395,1
lineaarinen regressio,0.34509775042533875,1
lineaarinen regressioanalyysi,0.25610795617103577,1
lineaariset koodit,0.20848383009433746,1
lineaariset mallit,0.17539924383163452,1
lingua franca,0.6469477415084839,1
lingua francat,0.4196450412273407,1
linguistic,0.10403275489807129,0
linguistic humour study,0.2541550099849701,1
linguistic identity,0.3008093535900116,1
linguistic landscape,0.281883180141449,1
linguistic repertoires,0.11228558421134949,0
linguistics,0.4933070242404938,1
linja-autonkuljettajat,0.3560984432697296,1
linnut,0.5899320244789124,1
lipidit,0.23186680674552917,1
lipids,0.2937423288822174,1
liquid-liquid extraction,0.18669196963310242,1
lisenssit,0.1794203817844391,1
listautuminen,0.24723641574382782,1
lisätty todellisuus,0.32325243949890137,1
lisätyn todellisuuden mobiilipelit,0.360372394323349,1
lisääntyminen,0.43653374910354614,1
lisääntymiskäyttäytyminen,0.2694486975669861,1
lisääntymislepokausi,0.25589585304260254,1
literacy,0.3354662358760834,1
literacy practices,0.14184851944446564,1
literalism,0.20743125677108765,1
literalismi,0.11365802586078644,0
literary linguistics,0.27090156078338623,1
literary research,0.2013005018234253,1
literary review,0.18901096284389496,1
literature,0.3173952102661133,1
literature review,0.12375491112470627,0
literature surveys,0.19186902046203613,1
lithography,0.11566749960184097,0
littoral,0.2596507668495178,1
liuennut orgaaninen aine,0.3387839198112488,1
liukoisuus,0.22716070711612701,1
liuottimet,0.1793500781059265,1
liuotus,0.2884249687194824,1
live tissue imaging,0.1943618208169937,1
liver,0.20845477283000946,1
liver diseases,0.16587713360786438,1
liver enzymes,0.18412232398986816,1
living environment,0.33846694231033325,1
loan application,0.24565163254737854,1
loan loss provision,0.2619880735874176,1
lobbaus,0.19786596298217773,1
local curricula,0.2522057592868805,1
location change,0.24160408973693848,1
location-based services,0.15080304443836212,1
location-based social networks,0.1641426831483841,1
locus of control,0.18339353799819946,1
logging,0.425050288438797,1
logical fallacies,0.34869584441185,1
logistiikka,0.31575992703437805,1
logistinen regressio,0.22109849750995636,1
logistinen regressioanalyysi,0.2004835605621338,1
lohi,0.3584788143634796,1
lohikalat,0.49224910140037537,1
lohkoketjut,0.4140350818634033,1
lohkoketjuteknologia,0.3354613482952118,1
loisaltistus,0.3313386142253876,1
loiset,0.3624405264854431,1
loisinta,0.22784535586833954,1
lojaalius,0.2861427664756775,1
lokaationmuutos,0.3422960937023163,1
lokalisointi,0.18146272003650665,1
lokuksensisäinen seksuaalikonflikti,0.2784474790096283,1
lomakkeet,0.26125389337539673,1
long-term immigrants,0.23991936445236206,1
long-term international volunteering,0.2549872398376465,1
long-term memory,0.10973609238862991,0
long-term safety,0.21427276730537415,1
longevity,0.2741847038269043,1
longitudinal,0.18532678484916687,1
lonkan nivelrikko,0.27214014530181885,1
lonkan tekonivelleikkaus,0.4959578216075897,1
lonkka,0.5638834834098816,1
lonkkamurtuma,0.4152205288410187,1
lonkkamurtumat,0.3651449382305145,1
lonkkaviat,0.26556989550590515,1
loot box,0.37082698941230774,1
lopettamisajatukset,0.26420697569847107,1
loppukäyttäjän dokumentaatio,0.3224150538444519,1
loppukäyttäjät,0.2783815860748291,1
loss,0.14413394033908844,1
lotat,0.1914290189743042,1
loukkaantuminen (fyysinen),0.4103536605834961,1
loukkaantumisien riskitekijät,0.3176800012588501,1
low back pain,0.2763668894767761,1
low frequency noise (LFN),0.13426148891448975,0
low-carbon transition,0.4210952818393707,1
lower comprehensive school,0.2989189624786377,1
loyalty,0.2712312936782837,1
lubrication,0.31497877836227417,1
ludologia,0.20041072368621826,1
ludology,0.14198583364486694,1
luennot,0.26461419463157654,1
luettavuus,0.2818974256515503,1
luettelointi,0.3923918604850769,1
luetun ymmärtäminen,0.6245662569999695,1
luetunymmärtäminen,0.18793423473834991,1
luisteluhiihto,0.3761161267757416,1
lukemaan innostaminen,0.26151174306869507,1
lukemaan opettaminen,0.27111127972602844,1
lukemaan oppiminen,0.4593689441680908,1
lukemaan sitoutuminen,0.16665352880954742,1
lukeminen,0.9031587243080139,1
lukeminen (toiminta),0.3603999614715576,1
lukemisahdistus,0.23194165527820587,1
lukemiseen liittyvät tunteet,0.21268345415592194,1
lukemisen haasteet,0.16094812750816345,1
lukemisen ilmaisullisuus,0.32554665207862854,1
lukemisen ja laskemisen sujuvuus,0.1677323430776596,1
lukemisen jatkuvuus,0.4182247519493103,1
lukemisen pedagogiikka,0.17954130470752716,1
lukemisinterventio,0.36728784441947937,1
lukemismotivaatio,0.23532432317733765,1
lukemissujuvuus,0.5579178333282471,1
lukemistot,0.15326416492462158,1
lukemisvaikeus,0.48402711749076843,1
lukihäiriö,0.12244481593370438,0
lukihäiriöt,0.6894683241844177,1
lukijat,0.5893769264221191,1
lukijatutkimus,0.19880510866641998,1
lukio,0.813751757144928,1
lukio-opiskelijat,0.23510535061359406,1
lukiokoulutus,0.2131582349538803,1
lukiolaiset,0.7492489814758301,1
lukiouudistus,0.24526043236255646,1
lukivaikeudet,0.18076437711715698,1
lukivaikeus,0.5335435271263123,1
lukivaikeusriski,0.2407931387424469,1
lukuaikapalvelu,0.20509843528270721,1
lukuhaaste,0.24844811856746674,1
lukuharrastuneisuus,0.3273980915546417,1
lukuharrastus,0.43590205907821655,1
lukuinnostus,0.14352703094482422,1
lukuinto,0.15620993077754974,1
lukukaudet,0.17069168388843536,1
lukukausimaksut,0.32875460386276245,1
lukukiinnostus,0.27030515670776367,1
lukukoirat,0.19248980283737183,1
lukukoiratoiminta,0.13009323179721832,0
lukulaite,0.19568656384944916,1
lukulaitteet (näyttölaitteet),0.23554670810699463,1
lukumotivaatio,0.30442267656326294,1
lukumummi ja -vaari -toiminta,0.27871274948120117,1
lukunopeus,0.2401772141456604,1
lukupiiri,0.3049311935901642,1
lukusujuvuus,0.5244377851486206,1
lukutaidon kehitys,0.24036875367164612,1
lukutaito,0.8951997756958008,1
lukuteoria,0.3091840445995331,1
lukutottumukset,0.4022233784198761,1
lukuvuosisuunnitelma,0.2999960482120514,1
lumbar spine electrical stimulation,0.2902718484401703,1
lumbo-pelvic control,0.21826551854610443,1
lumi,0.3124069273471832,1
lumikko,0.34797152876853943,1
lumilautailijat,0.15257364511489868,1
lumilautailu,0.17675122618675232,1
luminescence,0.24853862822055817,1
luminesenssi,0.26384347677230835,1
luokan työrauha,0.19185099005699158,1
luokan vuorovaikutus,0.29645654559135437,1
luokanhallinta,0.19342070817947388,1
luokanopettaja,0.42361870408058167,1
luokanopettajakoulutus,0.4716912508010864,1
luokanopettajakoulutus; integraatiokoulutus; totuus; diskurssianalyysi,0.26119962334632874,1
luokanopettajaksi opiskeleva,0.2679886817932129,1
luokanopettajaopiskelija,0.3373222053050995,1
luokanopettajaopiskelijat,0.42838579416275024,1
luokanopettajat,0.7586683630943298,1
luokanopettajien näkemykset,0.2423507273197174,1
luokanopettajuus,0.22625142335891724,1
luokittelijat,0.23092180490493774,1
luokittelu,0.35121050477027893,1
luokitus (toiminta),0.20209307968616486,1
luokka,0.29161375761032104,1
luokka-aste,0.2215520143508911,1
luokka-asteiden erot,0.2467740774154663,1
luokkahuone,0.377638578414917,1
luokkahuonevuorovaikutus,0.2341785430908203,1
luokkakoko,0.3415916860103607,1
luokkaopetus,0.36293649673461914,1
luokkatausta,0.21348698437213898,1
luokkatyöskentely,0.4134373664855957,1
luokkayhteisö,0.3154667913913727,1
luomisprosessit,0.2858164608478546,1
luomuruoka,0.2692164480686188,1
luomutilat,0.2834177613258362,1
luomutuotteet,0.31730031967163086,1
luonnollinen kieli,0.1580725908279419,1
luonnollisen kielen käsittely,0.18780484795570374,1
luonnollisen kielen prosessointi,0.4338339865207672,1
luonnollisen kielen ymmärtäminen,0.16683906316757202,1
luonnon hyvinvointivaikutukset,0.20861171185970306,1
luonnon itseisarvo,0.2599043846130371,1
luonnon monimuotoisuus,0.5234048366546631,1
luonnon taloudellinen arvostaminen,0.29686740040779114,1
luonnonmukainen tuotanto,0.22612883150577545,1
luonnonoikeus,0.2918660044670105,1
luonnononnettomuudet,0.26882025599479675,1
luonnonsuojelu,0.5439372062683105,1
luonnonsuojelupolitiikka,0.296176016330719,1
luonnontieteet,0.32866090536117554,1
luonnontieteiden opetus,0.3800286054611206,1
luonnontila,0.282152384519577,1
luonnonvalinta,0.359371155500412,1
luonnonvarat,0.4061166048049927,1
luonnonympäristö,0.3051317036151886,1
luonteenvahvuudet,0.1876823753118515,1
luonto,0.5805574655532837,1
luonto-opetus,0.21293391287326813,1
luontoarvo,0.2205336093902588,1
luontoavusteinen interventio,0.3601149916648865,1
luontoelämys,0.2965559959411621,1
luontohaitat,0.27090421319007874,1
luontokohteet,0.19558455049991608,1
luontokoulu,0.22436533868312836,1
luontokoulut,0.36852508783340454,1
luontoliikunta,0.3545922338962555,1
luontomatkailu,0.1880301535129547,1
luontopolut,0.3494564890861511,1
luontosuhde,0.3748619258403778,1
luontotyypit,0.37483400106430054,1
luontovuorovaikutus,0.27996543049812317,1
luostarit,0.16066616773605347,1
luotettavuuden arviointi,0.282915323972702,1
luotettavuus,0.7014954686164856,1
luotsaus,0.12003763020038605,0
luottamuksen edellytykset,0.3329589366912842,1
luottamuksen rakentaminen,0.43533167243003845,1
luottamus,0.7482787370681763,1
luottokelpoisuus,0.15976549685001373,1
luottoluokitukset,0.3332785964012146,1
luottoluokitus,0.3314099609851837,1
luottoluokitusmuutos,0.22646255791187286,1
luottoluokitustapahtuma,0.17684470117092133,1
luottomarkkinat,0.27302685379981995,1
luottoriski,0.21700361371040344,1
luottosuhteet,0.36161938309669495,1
luottotappiot,0.2169760912656784,1
luottotappiovaraus,0.327243447303772,1
luova ilmaisu,0.2589334547519684,1
luova kirjoittaminen,0.4765439033508301,1
luova luokka,0.14681540429592133,1
luova oppiminen,0.16096210479736328,1
luova talous,0.1947634071111679,1
luova toiminta,0.4289131462574005,1
luova tuho,0.3144565522670746,1
luovat toimialat,0.47995394468307495,1
luovutustiheys,0.3193637430667877,1
luovuus,0.6821799278259277,1
luovuuskasvatus,0.2978866696357727,1
luovuuskäsitykset,0.3587980270385742,1
lupiinit,0.2888405919075012,1
luterilaiset kirkot,0.2795131802558899,1
luterilaisuus,0.26395949721336365,1
luu,0.22239001095294952,1
luudutusleikkaus,0.18738333880901337,1
luun geometria,0.25389364361763,1
luunmurtumat,0.2676732540130615,1
luurankolihas,0.32606950402259827,1
luusto,0.3020765483379364,1
luvut,0.19323240220546722,1
lyhytinterventio,0.25827449560165405,1
lyhytketjuiset karboksyylihapot,0.35038676857948303,1
lypsykarjatilat,0.395887553691864,1
lyriikka,0.5493646264076233,1
lysostafiini,0.23042957484722137,1
lyöntilaukaus,0.2927637994289398,1
lähdeaineisto,0.19727058708667755,1
lähdeanalyysi,0.3691921830177307,1
lähdekritiikki,0.3177260160446167,1
lähdepaikka-aallot,0.2415631264448166,1
läheinen,0.24486234784126282,1
läheinen eläin,0.27801933884620667,1
läheinen vuorovaikutussuhde,0.1384618878364563,0
läheiset,0.34280940890312195,1
lähettämö,0.32465091347694397,1
lähetystyö,0.22103723883628845,1
lähetystyöntekijät,0.3734733462333679,1
lähihoitajaopiskelija,0.1831604391336441,1
lähihoitajaopiskelijat,0.42951875925064087,1
lähihoitajat,0.15337486565113068,1
lähijohtajuus,0.23191098868846893,1
lähijohtaminen,0.32928603887557983,1
lähiliikuntapaikka,0.3133449852466583,1
lähiluku,0.41623470187187195,1
lähiluonto,0.1896444857120514,1
lähimmäispalvelu,0.2695583701133728,1
lähisuhdeväkivallan tekijä,0.3405516445636749,1
lähisuhdeväkivallan tekijöiden hoito-ohjelma,0.2543993890285492,1
lähisuhdeväkivalta,0.7563140392303467,1
lähiöt,0.39121562242507935,1
lähteen uskottavuus,0.30747851729393005,1
lähtöaikeet,0.2884714901447296,1
lähtömaakoulutus,0.19978514313697815,1
lämmön johtuminen,0.2463361769914627,1
lämmöntuotanto,0.17611798644065857,1
lämpimyys,0.3179408609867096,1
lämpö,0.2638173997402191,1
lämpösaaste,0.22323037683963776,1
lämpösaastuminen,0.20436576008796692,1
lämpötila,0.25513333082199097,1
lämpötilariippuvainen fluoresenssispektroskopia,0.24857473373413086,1
lämpövirtaus,0.19290627539157867,1
läpinäkyvyys,0.3168242871761322,1
lärar-elev-interaktion,0.2556000053882599,1
lärarkompetens,0.2059803605079651,1
lärarstuderande,0.32615065574645996,1
lärarutbildning,0.2596668004989624,1
läraryrket,0.262759804725647,1
läroboksanalys,0.1847270429134369,1
läroplanen,0.30415135622024536,1
läsning,0.19991372525691986,1
läsnäolo,0.49957340955734253,1
läsnäololukukaudet,0.217460036277771,1
läsnäolon kokemus,0.4003119170665741,1
lääkeaineet,0.393309086561203,1
lääkehoito,0.43623700737953186,1
lääketeollisuus,0.3694572448730469,1
lääketiede,0.13379675149917603,0
lääketieteellinen antropologia,0.17752468585968018,1
lääkinnällinen kuntoutus,0.33544889092445374,1
lääkinnällinen laite,0.1925145834684372,1
lääkintälaitedirektiivi,0.18901564180850983,1
lääkintälaitteet,0.29647308588027954,1
lääkkeet,0.38438162207603455,1
lääkkeiden käyttö,0.27505922317504883,1
lääkäriopiskelija,0.24226702749729156,1
lääkärit,0.3413667678833008,1
maabrändi,0.15692494809627533,1
maahan muuttaneet,0.20409564673900604,1
maahanmuutaja,0.20394347608089447,1
maahanmuuttaja,0.4215080142021179,1
maahanmuuttajakirjallisuus,0.27165141701698303,1
maahanmuuttajaperhe,0.28952524065971375,1
maahanmuuttajat,0.9043818116188049,1
maahanmuuttajatausta,0.4961584806442261,1
maahanmuuttajataustainen,0.22444435954093933,1
maahanmuuttajatyö,0.26076385378837585,1
maahanmuuttajavanhemmat,0.20708782970905304,1
maahanmuutto,0.6350247263908386,1
maahanmuuttopolitiikka,0.4713103175163269,1
maahanmuuttotausta,0.22164033353328705,1
maahanmuuttotutkimus,0.20176154375076294,1
maailmankansalaisuus,0.32718023657798767,1
maailmankatsomus,0.10703475028276443,0
maailmankaupat,0.2708485424518585,1
maailmankuva,0.33754828572273254,1
maailmansotien välinen aika,0.2937281131744385,1
maajoukkueet,0.2994723618030548,1
maajoukkueurheilija,0.3783451318740845,1
maajoukkueurheilu,0.38572901487350464,1
maakaasu,0.17173396050930023,1
maakiitäjäiset,0.12749123573303223,0
maakunnat,0.13284754753112793,0
maakuntakaavoitus,0.21980400383472443,1
maakuntalehdet,0.26233822107315063,1
maakuntaliitot,0.21158826351165771,1
maalaiskunnat,0.11662878096103668,0
maalajit,0.3401847183704376,1
maalaukset,0.352155864238739,1
maalaustaide,0.47570884227752686,1
maalivahdit,0.15679681301116943,1
maallikko,0.3343223035335541,1
maallikot,0.3157584071159363,1
maankäyttö,0.29624876379966736,1
maanmuokkaus,0.33667269349098206,1
maanparannusaineet,0.31918761134147644,1
maanpuolustuslehdet,0.12943367660045624,0
maantiede,0.19671283662319183,1
maaperä,0.23211263120174408,1
maaperäfysiikka,0.44999274611473083,1
maapuut,0.3048487901687622,1
maaseurakunta,0.24560274183750153,1
maaseutu,0.6057754755020142,1
maaseutuelinkeinot,0.30621543526649475,1
maastamuutto,0.15205436944961548,1
maastohiihto,0.5466577410697937,1
maastopyöräily,0.4510617256164551,1
maatalous,0.2375716120004654,1
maatalousjärjestöt,0.26596659421920776,1
maatalousoppilaitokset,0.28962624073028564,1
maatalouspoliittinen järjestäytyminen,0.21796301007270813,1
maatalouspolitiikka,0.18185937404632568,1
maatalousrakennukset,0.27381566166877747,1
maataloustuottajain paikallisyhdistys,0.28298282623291016,1
maatalousyrittäjät,0.20627117156982422,1
maatalousyritykset,0.2329283207654953,1
maatiaisrodut,0.15963739156723022,1
maatilat,0.2818686068058014,1
maavoimat,0.32051345705986023,1
maaöljy,0.19766207039356232,1
machine learning,0.5939249396324158,1
made,0.34077292680740356,1
magazines,0.1386125683784485,0
magneetit,0.2806747853755951,1
magneettien kierrätys,0.16515526175498962,1
magneettikentät,0.2531033158302307,1
magneettikuvantaminen,0.34619438648223877,1
magneettikuvaus,0.4335058033466339,1
magneettinen kuuloherätevaste,0.32994896173477173,1
magneettiset ominaisuudet,0.1819937378168106,1
magneettitutkimus,0.2727709710597992,1
magnetic octupole moment,0.18869784474372864,1
magnetic properties,0.20754699409008026,1
magnetic resonance imaging,0.4155081808567047,1
magnetism,0.2346024364233017,1
magnetismi,0.33894795179367065,1
magnetoencephalography,0.29281187057495117,1
magnetoenkefalografia,0.5038283467292786,1
mahanäytteet,0.2379620522260666,1
mahla,0.3558156192302704,1
mahlakärpäset,0.4398069977760315,1
maidin säilytys,0.4993072748184204,1
maidontuotanto,0.22508077323436737,1
maihinnousu,0.2500484585762024,1
mail order brides (MOBs),0.2719203233718872,1
mail-order brides,0.1388114094734192,0
mailan liikenopeus,0.2703908681869507,1
mailat,0.3467026650905609,1
maine,0.6102989315986633,1
mainokset,0.4628817141056061,1
mainonnan lukutaito,0.36305832862854004,1
mainonnan välttely,0.32842203974723816,1
mainonta,0.6987720727920532,1
mainontaan sitoutuminen,0.28045129776000977,1
mainosgrafiikka,0.12702122330665588,0
mainoskuvat,0.18162617087364197,1
mainosmusiikki,0.3387241065502167,1
maisema,0.3714587092399597,1
maisemavalokuvaus,0.18029068410396576,1
maito,0.15094296634197235,1
maitotila,0.41668105125427246,1
makrotalous,0.3080907166004181,1
makrovakauspolitiikka,0.2334344983100891,1
maksa,0.1786181926727295,1
maksataudit,0.141431525349617,1
maksimaalinen hapenotto,0.427593857049942,1
maksimivoima,0.2554558515548706,1
maksimivoimaharjoittelu,0.22387242317199707,1
maksu käytön mukaan,0.2899583578109741,1
maksuhalukkuus,0.3065759241580963,1
maksumuuri,0.3574094772338867,1
maksupalveludirektiivi,0.2720513343811035,1
maksupalvelut,0.2563217580318451,1
maksusitoumus,0.46709054708480835,1
maksut,0.41597074270248413,1
maksutelevisio,0.37882453203201294,1
maksuvälineet,0.41137009859085083,1
maku (aineen ominaisuudet),0.1807519793510437,1
maku (arvostelukyky),0.36080202460289,1
maladaptiiviset työskentelytavat,0.22365127503871918,1
malicious attachment,0.24331025779247284,1
mallikelpoisuus,0.21285398304462433,1
mallilukija,0.2636544406414032,1
mallinnus,0.23602989315986633,1
mallintaminen,0.6414363980293274,1
mallioppiminen,0.3165769875049591,1
mallit,0.23618514835834503,1
mallit (tuotokset),0.17578689754009247,1
mallitarina,0.1994178146123886,1
malware,0.2335284948348999,1
malware analysis,0.23310594260692596,1
management,0.3311612606048584,1
managerial skills,0.182212695479393,1
managerointi,0.32857200503349304,1
managers,0.22355102002620697,1
managers and executives,0.526526153087616,1
mandaatti,0.3140447735786438,1
mandaattialueet,0.30095747113227844,1
mandatory reserves system,0.4114142060279846,1
manual therapy,0.343791127204895,1
marathon running,0.2876040041446686,1
maratonjuoksu,0.22459569573402405,1
marginaali,0.3340354561805725,1
marginaalikulttuuri,0.10918642580509186,0
marginaalisuus,0.27787572145462036,1
marginalized youth,0.3181335926055908,1
maritime navigation,0.13669560849666595,0
markerless motion capture,0.1885540634393692,1
markers,0.12427376210689545,0
market entry,0.17175310850143433,1
market entry barriers,0.2113332450389862,1
marketing,0.7210220694541931,1
marketing communication,0.6491064429283142,1
marketing research,0.3666316866874695,1
marketization,0.17399971187114716,1
markkinaistuminen,0.29776427149772644,1
markkinaorientoituneisuus,0.24607612192630768,1
markkinat,0.38167351484298706,1
markkinat (taloustiede),0.43719252943992615,1
markkinoiden tehokkuus,0.18223999440670013,1
markkinointi,0.8944101333618164,1
markkinointi sosiaalisessa mediassa,0.2554034888744354,1
markkinointitutkimus,0.48291319608688354,1
markkinointiviestintä,0.6927850842475891,1
markkinointiyhteistyö,0.1654888242483139,1
markkinoistuminen,0.3751031160354614,1
martingale representation,0.139371857047081,0
marx,0.1375144124031067,0
masennuksen vakavuusaste,0.22615011036396027,1
masennus,0.8268528580665588,1
masennuslääkkeet,0.19484636187553406,1
masennusoireet,0.4648415148258209,1
masennusoireilu,0.47164350748062134,1
masentuneisuus,0.4013487696647644,1
maskuliinisuus,0.5658062696456909,1
mass (physics),0.21503442525863647,1
mass communication,0.2114088386297226,1
mass graves,0.18515044450759888,1
mass media,0.41388627886772156,1
mass spectrometer,0.26703310012817383,1
mass spectrometry,0.24478217959403992,1
massa,0.30030199885368347,1
massa (fysiikka),0.13201139867305756,0
massadata,0.3289177715778351,1
massadata-analytiikka,0.4513733685016632,1
massamatriisi,0.2467915266752243,1
massansiirto,0.3228619694709778,1
massaspektrometria,0.3898552656173706,1
massatermi,0.24441659450531006,1
master's theses,0.08404505252838135,0
matala hierarkia,0.3795628845691681,1
matalan äänienergian kohdat,0.1506691426038742,1
matalapalkka-ala,0.32432419061660767,1
match activities,0.3120323717594147,1
match load,0.29045814275741577,1
mate competition,0.2810061275959015,1
matemaattinen ajattelu,0.43916451930999756,1
matemaattinen analyysi,0.14872370660305023,1
matemaattinen kiinnostus,0.21913498640060425,1
matemaattinen lahjakkuus,0.23390306532382965,1
matemaattinen oppimisvaikeus,0.19151534140110016,1
matemaattinen osaaminen,0.22080913186073303,1
matemaattiset mallit,0.18016865849494934,1
matemaattiset ongelmat,0.20859470963478088,1
matemaattiset taidot,0.730414092540741,1
matematiikan aineenopettajaopiskelijat,0.15963053703308105,1
matematiikan kielentäminen,0.3111118972301483,1
matematiikan minäpystyvyys,0.2769570052623749,1
matematiikan opetus,0.3000551760196686,1
matematiikan osaaminen,0.30404800176620483,1
matematiikan taidot,0.167877659201622,1
matematiikan vaikeus,0.25004372000694275,1
matematiikka,0.8614277243614197,1
matematiikka-ahdistus,0.3208714723587036,1
matematiikkavaikeus,0.4935503602027893,1
materia,0.23700401186943054,1
materiaalinen toimijuus,0.25416481494903564,1
materiaalisuus,0.19036230444908142,1
material package,0.5802269577980042,1
material physics,0.3286294937133789,1
materialismi,0.22448551654815674,1
materiality assessment,0.23686708509922028,1
maternal effect,0.4118601679801941,1
maternal effects,0.31839147210121155,1
maternity kits,0.21815668046474457,1
maternity packages,0.2790868580341339,1
mathematical art,0.19214674830436707,1
mathematical disabilities,0.2847766578197479,1
mathematical models,0.17280225455760956,1
mathematical skills,0.17004667222499847,1
mathematical software,0.1691236048936844,1
mathematics,0.5882951021194458,1
matkailijat,0.4587653577327728,1
matkailu,0.5983725190162659,1
matkailukohteet,0.4673628509044647,1
matkailulehdet,0.16684775054454803,1
matkailumaisema,0.32330164313316345,1
matkailuoppaat,0.15881633758544922,1
matkailuyritykset,0.3250734806060791,1
matkakertomukset,0.16109822690486908,1
matkakirjallisuus,0.32206282019615173,1
matkaopas,0.1598270684480667,1
matkapuhelimet,0.5232198238372803,1
matkustajat,0.18125036358833313,1
matkustaminen,0.2421989142894745,1
matkustusmotiivi,0.1589551866054535,1
matriculation examination,0.1564033180475235,1
matriisihajotelmat,0.23863336443901062,1
matriisilaskenta,0.3838168978691101,1
matriisin CR-hajotelma,0.3129679262638092,1
matriisin perturbaatio,0.25006750226020813,1
matriisit,0.4914918541908264,1
matrix detector,0.08614163845777512,0
matteusvaikutus,0.27124515175819397,1
maturation,0.24656710028648376,1
maturity model,0.2566014528274536,1
maximal oxygen consumption,0.33887624740600586,1
maximal strength,0.23704394698143005,1
maximal voluntary contraction,0.2056984305381775,1
mayat,0.15103116631507874,1
mdx mice,0.3255472183227539,1
me-henkisyys,0.23625440895557404,1
meaningful learning,0.17727918922901154,1
means of livelihood,0.30381372570991516,1
measurement,0.40477660298347473,1
measuring,0.318440318107605,1
measuring methods,0.2368498593568802,1
media,0.9252066612243652,1
media analysis,0.1722724437713623,1
media education,0.26530417799949646,1
media frames,0.19529032707214355,1
media ja identiteetti,0.10678772628307343,0
media literacy,0.25108805298805237,1
media opetuksessa,0.2472495287656784,1
media pedagogy,0.17611877620220184,1
media studies,0.19677233695983887,1
media- ja viestintätieteet,0.175031840801239,1
media-ala,0.5289547443389893,1
mediaattori- vaikutus,0.13326267898082733,0
mediaattorimalli,0.1465466320514679,1
mediaattorivaikutus,0.2606883943080902,1
mediajournalismi,0.14601480960845947,1
mediajulkisuus,0.27922025322914124,1
mediakanavat,0.21028916537761688,1
mediakasvatus,0.428179532289505,1
mediakohu,0.2804303467273712,1
medialukutaito,0.48356392979621887,1
mediamainonta,0.20780828595161438,1
mediamoniajo,0.37754151225090027,1
mediamurros,0.235051229596138,1
median kehysanalyysi,0.17451009154319763,1
median vaikutukset,0.16602244973182678,1
mediankäyttö,0.2516821622848511,1
mediasuhteet,0.3365114629268646,1
mediataidot,0.28141748905181885,1
mediating factors,0.44987592101097107,1
mediatization,0.18780647218227386,1
mediatutkimus,0.31075549125671387,1
mediatyö,0.424564391374588,1
mediayleisö,0.21288061141967773,1
medical rehabilitation,0.19288842380046844,1
medication,0.21373748779296875,1
medicines,0.24574483931064606,1
medielandskap,0.2283966988325119,1
medievalismi,0.1944870799779892,1
medikalisaatio,0.4239213764667511,1
meemikulttuuri,0.23990902304649353,1
meemit,0.31123700737953186,1
meikkaaminen,0.2547442615032196,1
meikkaus,0.22795656323432922,1
mekaniikka,0.18575085699558258,1
mekanismit,0.19265839457511902,1
melamiiniformaldehydi,0.10872617363929749,0
melaniini,0.20277570188045502,1
melanin,0.31519654393196106,1
melodiat,0.3625878095626831,1
melodic similarity,0.21990743279457092,1
melody,0.2637919485569,1
melu,0.34775054454803467,1
member states,0.1999923288822174,1
membran,0.2144785076379776,1
membranes,0.1907886266708374,1
memetiikka,0.2756420075893402,1
memorability,0.1864035576581955,1
memoriaali,0.18021465837955475,1
memory,0.49063554406166077,1
memory (cognition),0.46763694286346436,1
memory consolidation,0.2669624090194702,1
memory systems,0.22018399834632874,1
memory-work,0.1283031553030014,0
men,0.19731532037258148,1
men and women,0.30116286873817444,1
menestyminen,0.5430546998977661,1
menestystekijät,0.27890896797180176,1
menestystekijät,0.597795307636261,1
menetelmiä leikin tukemiseen,0.12644296884536743,0
menetelmäkehitys,0.4109118580818176,1
menetelmän kehitys,0.2550349235534668,1
menetelmänkehitys,0.3187487721443176,1
menetelmäsovitus,0.40479332208633423,1
menetelmät,0.5269328355789185,1
menetys,0.299358993768692,1
menneisyys,0.3073170781135559,1
menojousto,0.2888987362384796,1
menopause,0.37316688895225525,1
menstrual cycle,0.2730782628059387,1
menstrual disturbances,0.26890829205513,1
menstruation,0.37305396795272827,1
mentaalinen mielikuva,0.1900324523448944,1
mentaalinen representaatio,0.26037469506263733,1
mentaaliset representaatiot,0.2754822373390198,1
mental  health readiness,0.29956182837486267,1
mental disorders,0.21009862422943115,1
mental health,0.3523987829685211,1
mental health skills,0.18713505566120148,1
mental health values,0.1330036222934723,0
mental pictures,0.1215284913778305,0
mental representation,0.407098650932312,1
mental well-being,0.3747974634170532,1
mentaliteetti,0.18729792535305023,1
mentaliteettihistoria,0.27450883388519287,1
mentoring,0.18149742484092712,1
mentorointi,0.5549127459526062,1
mentorointi ja opettajan professio,0.3233613073825836,1
merenkulku,0.3240179717540741,1
meret,0.2178138941526413,1
mergers,0.1807333379983902,1
mergers and acquisitions,0.11669217050075531,0
meriarkeologia,0.2844589054584503,1
merimiehet,0.2615565061569214,1
merisuola,0.13094967603683472,0
merkittävä oppimiskokemus,0.16769112646579742,1
merkittävä toinen,0.11672940105199814,0
merkittävät hetket,0.30728182196617126,1
merkitykselliset sukupolvisuhteet,0.29513785243034363,1
merkityksellistäminen,0.22199563682079315,1
merkitykset,0.5858059525489807,1
merkitykset (tieto),0.45875778794288635,1
merkitys,0.30458223819732666,1
merkitysanalyysi,0.31323739886283875,1
merkityslaina,0.22500498592853546,1
merkitysperspektiivi,0.2996886968612671,1
merkitysten hallinta,0.25257083773612976,1
merkkitavarat,0.21276745200157166,1
meson,0.3140753209590912,1
mesonit,0.34686940908432007,1
metaani,0.4998069703578949,1
metabolia,0.2256205976009369,1
metabolic rate,0.18498778343200684,1
metabolic syndrome,0.3434622585773468,1
metabolinen ekvivalentti,0.3297559320926666,1
metabolinen oireyhtymä,0.5009413361549377,1
metabolism,0.46030542254447937,1
metacognitive knowledge,0.17708836495876312,1
metadata,0.29422545433044434,1
metaetiikka,0.27976229786872864,1
metafiktio,0.14189085364341736,1
metafora,0.4565499722957611,1
metaforat,0.39116141200065613,1
metafysiikka,0.5124886631965637,1
metafyysinen mielikuvitus,0.16518369317054749,1
metaheuristiikka,0.2380114197731018,1
metakognitiiviset taidot,0.20785251259803772,1
metakognitio,0.5283700823783875,1
metallien talteenotto,0.20190519094467163,1
metalliorgaaniset verkkorakenteet,0.25273260474205017,1
metallisiepparit,0.18830615282058716,1
metallit,0.2270244061946869,1
metamodel,0.4981430768966675,1
metamodernismi,0.2533300518989563,1
metamorfoosi (taide),0.22312869131565094,1
metanarratiivinen kirjallisuuskatsaus,0.42337480187416077,1
metanotrofit,0.19750355184078217,1
metasarjakuva,0.24857577681541443,1
metataidot,0.18713507056236267,1
metaversumi,0.33846864104270935,1
metodi,0.1463930755853653,1
metonymia,0.17306135594844818,1
metonymy,0.15877790749073029,1
metri,0.3326232433319092,1
metriikka,0.13946911692619324,0
metriset avaruudet,0.2591572403907776,1
metsiköt,0.2395811527967453,1
metsä,0.25818872451782227,1
metsäjärvi,0.21215300261974335,1
metsäkauris,0.3268338143825531,1
metsäkuusi,0.20628225803375244,1
metsämyyrä,0.3875376880168915,1
metsämyyrä (Myodes glareolus),0.19396667182445526,1
metsänhakkuu,0.19537685811519623,1
metsänhoito,0.4025818407535553,1
metsänkäsittely,0.27673012018203735,1
metsänomistaja,0.33786338567733765,1
metsänomistajat,0.3279533088207245,1
metsäpolitiikka,0.18967269361019135,1
metsäsijoitusten  tuotto,0.1803567260503769,1
metsät,0.5561147332191467,1
metsätalous,0.6491963863372803,1
metsäteollisuus,0.6475348472595215,1
meänkieli,0.38248351216316223,1
mice,0.16661682724952698,1
micro-CSR,0.279388427734375,1
micro-influencer marketing,0.2899978756904602,1
microRNA,0.23290985822677612,1
microbes,0.16587704420089722,1
microbiology,0.13895784318447113,0
microfluidics,0.2813153862953186,1
microglia,0.19589251279830933,1
microorganisms,0.13872332870960236,0
micropollutants,0.28213587403297424,1
microsatellite,0.2495204508304596,1
microscopy,0.228367879986763,1
microservice architecture,0.4692026674747467,1
microsoft hololens,0.20309430360794067,1
microtransactions,0.23474137485027313,1
middle school,0.3419760465621948,1
middle-aged women,0.2865687608718872,1
miehen asema,0.25832822918891907,1
miehet,0.5523476004600525,1
mieheys,0.29734185338020325,1
miehisyys,0.3210626542568207,1
miehitys,0.18630561232566833,1
mielekkyys,0.5613524913787842,1
mielekkään elämän malli,0.3025120794773102,1
mielekäs toiminta,0.25034257769584656,1
mielekäs työ,0.24826334416866302,1
mielen hyvinvointi,0.5556728839874268,1
mielenfilosofia,0.27507105469703674,1
mielenosoitukset,0.38661861419677734,1
mielenterveyden edistäminen,0.26458102464675903,1
mielenterveys,0.7653750777244568,1
mielenterveys- ja päihdeongelmat,0.23673216998577118,1
mielenterveyshäiriö,0.1828836351633072,1
mielenterveyshäiriöt,0.633212149143219,1
mielenterveyskuntoutujat,0.4528915584087372,1
mielenterveyskuntoutus,0.09793145954608917,0
mielenterveysongelmat,0.46755364537239075,1
mielenterveyspalvelut,0.295248419046402,1
mielenterveystaidot,0.22251728177070618,1
mielenvireys,0.2279202938079834,1
mieliala,0.6255214810371399,1
mielialalääkkeet,0.2589588761329651,1
mielialansäätely,0.11014316231012344,0
mielikuva,0.42318040132522583,1
mielikuvaharjoittelu,0.17101356387138367,1
mielikuvat,0.5470489859580994,1
mielikuvitus,0.3391662836074829,1
mielipidejohtajat,0.43593963980674744,1
mielipidejohtajuus,0.3258468210697174,1
mielipidekirjoitukset,0.4917496144771576,1
mielipidekirjoitus,0.3880902826786041,1
mielipidetutkimus,0.15978752076625824,1
mielipiteet,0.4437280595302582,1
mielisairaalat,0.22687649726867676,1
mieltymykset,0.5427771806716919,1
mieserityisyys,0.26384347677230835,1
miesjohtaja,0.21494123339653015,1
miesvoimistelu,0.2011142522096634,1
migraatioestetiikka,0.18472327291965485,1
migrant workers,0.31350910663604736,1
migrants,0.6666871905326843,1
migration,0.39196956157684326,1
migration (demography),0.36809441447257996,1
migratory aesthetics,0.19805774092674255,1
migreeni,0.38867947459220886,1
miinusotanta,0.2589583396911621,1
mikro-RNA,0.28039756417274475,1
mikro-ohjaimet,0.42302075028419495,1
mikro-organismit,0.1726139485836029,1
mikroaaltohajotus,0.25754597783088684,1
mikroaggressio,0.2397521436214447,1
mikrobiologia,0.15218327939510345,1
mikrobit,0.22158288955688477,1
mikrofluidistiikka,0.1891058385372162,1
mikrohistoria,0.22431601583957672,1
mikrohistoria institutionaalinen taloushistoria,0.1452483832836151,1
mikrokanava,0.4042598307132721,1
mikrolevät,0.39099863171577454,1
mikroprosessorit,0.4780149459838867,1
mikrosaasteet,0.2928694486618042,1
mikrosatelliitit,0.43835413455963135,1
mikroskopia,0.24462135136127472,1
mikrososiologia,0.3221376836299896,1
mikroturbiini,0.16370485723018646,1
mikroyritykset,0.29060229659080505,1
military alliances,0.2846520245075226,1
military communication,0.2348829060792923,1
miljöökuvaus,0.14225178956985474,1
mimesis,0.3326215445995331,1
mind,0.2570306956768036,1
mind and body,0.29275834560394287,1
mind-wandering,0.3900912404060364,1
mindfulness,0.3621375560760498,1
mineraalit,0.3767445683479309,1
mineraaliöljy,0.4174387454986572,1
mini-interventio,0.1693926453590393,1
minimalism,0.1657027304172516,1
minimalismi,0.12181432545185089,0
minimointiongelma,0.21897083520889282,1
minä,0.5366449952125549,1
minäkertoja,0.25174951553344727,1
minäkeskeisyys,0.2938160002231598,1
minäkuva,0.8136987686157227,1
minäkäsitys,0.5460933446884155,1
minäpystyvyys,0.7061479091644287,1
minäpätevyys,0.3182263970375061,1
misinformation,0.3764124810695648,1
mismatch negativity,0.4020877182483673,1
mitigation,0.09516508877277374,0
mitochondria,0.4608750641345978,1
mitokondriot,0.42346450686454773,1
mittarin luotettavuus,0.23693296313285828,1
mittarit,0.4861644506454468,1
mittarit (mittaus),0.3152051270008087,1
mittateoria,0.32036739587783813,1
mittaus,0.7659876942634583,1
mittausautomaatiolaitteet,0.2807578444480896,1
mittauslaitteet,0.40283411741256714,1
mittausmenetelmät,0.292752206325531,1
mittaustekniikka,0.31903207302093506,1
mittausvirheet,0.35152509808540344,1
mixed method,0.3427577614784241,1
mixed method -tutkimus,0.3203474283218384,1
mixed methods,0.316114604473114,1
mixed methods -tutkimus,0.3330809772014618,1
mixed-methods research,0.2617204189300537,1
mobiili,0.30130845308303833,1
mobiili asiakkuuksien hallinta,0.5368574857711792,1
mobiili-interventio,0.24239134788513184,1
mobiilijournalismi,0.2968485355377197,1
mobiilikäyttöliittymä,0.35469454526901245,1
mobiilikehitys,0.3194366693496704,1
mobiililaitteet,0.6148651838302612,1
mobiilimainonta,0.35258981585502625,1
mobiilimaksaminen,0.3861619234085083,1
mobiilimaksu,0.28957679867744446,1
mobiilimarkkinointi,0.5331886410713196,1
mobiilioppiminen,0.2800303101539612,1
mobiilipalvelut,0.5526310205459595,1
mobiilipankit,0.3539884090423584,1
mobiilipankki,0.38639241456985474,1
mobiilipeli-interventio,0.2266893833875656,1
mobiilipelit,0.5670217275619507,1
mobiilisovellukset,0.6263063549995422,1
mobiiliteknologia,0.340949147939682,1
mobiiliteknologian omaksuminen,0.3648187816143036,1
mobiiliuutissovellus,0.16584961116313934,1
mobile apps,0.2253779023885727,1
mobile devices,0.2673735022544861,1
mobile games,0.3685414493083954,1
mobile marketing,0.4036427140235901,1
mobile payment,0.32984060049057007,1
mobilinlärning,0.3175520896911621,1
mobility,0.32213911414146423,1
mobility loss,0.2157697230577469,1
mobilt lärande,0.1599583625793457,1
modaalisuus,0.4521956741809845,1
modaalisuus (kielitiede),0.5771335363388062,1
modaliteetit,0.26108449697494507,1
modaliteetti,0.28381815552711487,1
modaus,0.3119731843471527,1
modding,0.23335997760295868,1
model,0.5012575387954712,1
model-based,0.30859118700027466,1
modelling (creation related to information),0.28266841173171997,1
modelling (representation),0.28320977091789246,1
models (objects),0.31625810265541077,1
moderaattorivaikutus,0.25483429431915283,1
modern management,0.2445630431175232,1
moderni,0.3410142958164215,1
moderni kaupunkisuunnittelu,0.2643337845802307,1
moderni taide,0.19409306347370148,1
moderni työelämä,0.28691622614860535,1
modernisaatio,0.2447444200515747,1
modernismi,0.4477401077747345,1
moderointi,0.33071938157081604,1
modit,0.33548709750175476,1
mods,0.3418349623680115,1
modukset,0.32664456963539124,1
modulaariaritmetiikka,0.18235105276107788,1
modulaarisuus,0.19256989657878876,1
modus,0.26523271203041077,1
moduuli,0.2927165925502777,1
molar mass averages,0.398062139749527,1
molecular catcher,0.2165134698152542,1
molekyylit,0.4809872508049011,1
monadi,0.2825145721435547,1
monetary policy,0.49040257930755615,1
monetary theory,0.1861662119626999,1
money (means of payment),0.27448832988739014,1
moniaistisuus,0.29011639952659607,1
moniajo,0.3632655143737793,1
monialainen yhteistyö,0.2508615255355835,1
monialaiset oppimiskokonaisuudet,0.12273941934108734,0
monialaisuus,0.1771211177110672,1
moniammatillinen työ,0.10397977381944656,0
moniammatillinen yhteistyö,0.5673145055770874,1
moniammatillinen yhteistyö ja vertaisoppiminen,0.2352643758058548,1
moniammatillisuus,0.7466866374015808,1
monikanavaisuus,0.3267381191253662,1
monikansallinen organisaatio,0.21104656159877777,1
monikielisyys,0.7193388342857361,1
monikko,0.2395198494195938,1
monikomponenttiset geelit,0.22369562089443207,1
monikulmiobiljardi,0.3641364276409149,1
monikulttuurinen avioliitto,0.23299600183963776,1
monikulttuurinen identiteetti,0.23541860282421112,1
monikulttuurinen ohjaus,0.1798810362815857,1
monikulttuurinen viestintä,0.21839332580566406,1
monikulttuurisuus,0.7903043627738953,1
monikulttuurisuuskasvatus,0.16373586654663086,1
monilajisuus,0.3921303153038025,1
monilukutaito,0.6492384076118469,1
monimenetelmäisyys,0.27393755316734314,1
monimenetelmätutkimus,0.32581627368927,1
monimuotoisuus,0.5207570791244507,1
monimuuttujamenetelmät,0.2093297839164734,1
monipariskuntaryhmä,0.25639790296554565,1
monismi,0.23046588897705078,1
monistojen suunnistaminen,0.155781552195549,1
monistot,0.19173939526081085,1
monisuoritus,0.3687117397785187,1
monitasoanalyysi,0.10858582705259323,0
monitavoiteoptimointi,0.21269147098064423,1
monitieteisyys,0.15104489028453827,1
monitoring & evaluation,0.22947803139686584,1
monitorointijärjestelmä,0.22271303832530975,1
moniäänisyys,0.4128853678703308,1
month of birth,0.30496159195899963,1
mood scale,0.36022114753723145,1
moolimassa,0.4037916362285614,1
moottorikelkat,0.2149156928062439,1
moottorikelkkailu,0.3225078880786896,1
moottoripyöräurheilu,0.31517961621284485,1
moottoriurheilu,0.42029327154159546,1
moraali,0.7247076630592346,1
moraalifilosofia,0.24361495673656464,1
moraalikehitys,0.23541387915611267,1
moraalinen ahdinko,0.2204314023256302,1
moraalinen identiteetti työssä,0.27361932396888733,1
moraalinen lujuus,0.2628185451030731,1
moraalinen toiminta,0.1322595626115799,0
moraalipartikularismi,0.23007450997829437,1
moraaliperiaatteet,0.17711737751960754,1
moraalipsykologia,0.5629257559776306,1
moraalirealismi,0.13065268099308014,0
moraalisäätely,0.2379664033651352,1
moraalitoimija,0.2461167275905609,1
moral intensity,0.21543489396572113,1
morfologia,0.3189307451248169,1
morphological changes,0.24926649034023285,1
morphology,0.25596490502357483,1
morsiamet,0.33474794030189514,1
morsiushinta,0.435055673122406,1
mortgage,0.3114272356033325,1
mortgage lender selection,0.37054863572120667,1
most prevalent cyber threats,0.27048057317733765,1
mother tongue,0.1441451907157898,1
motiivi,0.19009584188461304,1
motiivit,0.5166040062904358,1
motiivit (vaikuttimet),0.19954730570316315,1
motion,0.26402199268341064,1
motion analysis,0.17073188722133636,1
motivaatio,0.9562947750091553,1
motivaatioilmasto,0.6714275479316711,1
motivaatiojatkumo,0.25766098499298096,1
motivaatiomittari,0.18732555210590363,1
motivaatioon vaikuttavat tekijät,0.256387859582901,1
motivaatioteoriat,0.33635926246643066,1
motivation,0.5006930232048035,1
motivation (activity),0.25412073731422424,1
motivation (mental objects),0.5069893002510071,1
motivation factors,0.3029785752296448,1
motivational driver,0.26315996050834656,1
motivering,0.20037323236465454,1
motives (reasons),0.20965330302715302,1
motivoinnin haasteet,0.25013554096221924,1
motivointi,0.5658750534057617,1
motivoiva haastattelu,0.2744688093662262,1
motocross,0.21780778467655182,1
motor control,0.3182201087474823,1
motor cortex,0.3948650062084198,1
motor functions,0.1657087355852127,1
motor learning,0.3937205970287323,1
motor relearning,0.21177348494529724,1
motorcycle sport,0.28705769777297974,1
motoriikka,0.6551059484481812,1
motorinen kehitys,0.4455128014087677,1
motorinen kontrolli,0.22345224022865295,1
motorinen oppiminen,0.6939849257469177,1
motorinen oppiminen ja opettaminen,0.3757737874984741,1
motorisen oppimisen vaikeus,0.21893475949764252,1
motorisen taidon kuntotekijät,0.24516460299491882,1
motoriset perustaidot,0.5176700949668884,1
motoriset taidot,0.7586495876312256,1
motorsport,0.17901206016540527,1
movement,0.3525274693965912,1
movement sonification,0.22306618094444275,1
moving average filtering,0.1918201595544815,1
mucus,0.2880152761936188,1
muikku,0.3801458179950714,1
muistelmat,0.2731529474258423,1
muistelu,0.37199658155441284,1
muistelukerronta,0.09642189741134644,0
muistelutyö,0.3376527428627014,1
muistelutyömenetelmä,0.3394206166267395,1
muistettavuus,0.33833590149879456,1
muisti,0.7208492159843445,1
muisti (kognitio),0.5150431394577026,1
muistietotutkimus,0.19660791754722595,1
muistihäiriöt,0.4125611186027527,1
muistijälki,0.16443711519241333,1
muistijärjestelmät,0.26371631026268005,1
muistikävely,0.29109278321266174,1
muistin politiikka,0.4051345884799957,1
muistinhallinta,0.30601418018341064,1
muistiorganisaatiot,0.22422625124454498,1
muistisairaat,0.3721396327018738,1
muistisairaudet,0.3136734068393707,1
muistitaide,0.15735626220703125,1
muistitieto,0.4426790177822113,1
muistitietotutkimus,0.32815438508987427,1
muistitoiminnot,0.13728302717208862,0
muistofunktio,0.2255508005619049,1
muistot,0.44863924384117126,1
muistot ja kirjoittaminen,0.25890716910362244,1
mukaelmat,0.16202594339847565,1
mukautuva koeasetelma,0.23312456905841827,1
mukautuvat käyttöliittymät,0.3394254148006439,1
multatuote,0.23786532878875732,1
multi reflection time-of-flight,0.17032575607299805,1
multi-reflection,0.20821070671081543,1
multicast,0.4286797344684601,1
multicomponent gels,0.15057037770748138,1
multicultural center,0.1770709902048111,1
multicultural education,0.28388723731040955,1
multicultural pupils,0.2159278839826584,1
multicultural teams,0.23764047026634216,1
multicultural teams.,0.2898084223270416,1
multicultural teamwork,0.2909869849681854,1
multiculturalism,0.5539540648460388,1
multikommunikointi,0.27415239810943604,1
multilayer,0.2253374606370926,1
multilingualism,0.3679758906364441,1
multiliteracies,0.31066086888313293,1
multiliteracy,0.30270057916641235,1
multilitteracitet,0.19063590466976166,1
multimodaalinen  family therapy,0.3198429346084595,1
multimodaalinen diskurssintutkimus,0.2566360831260681,1
multimodaalisuus,0.587717592716217,1
multimodal conversation analysis,0.3916259706020355,1
multimodal discourse analysis,0.4885135293006897,1
multimodality,0.6342795491218567,1
multimondiaalisuus,0.20007038116455078,1
multinational,0.24860034883022308,1
multinational organization,0.20130430161952972,1
multinomiaalinen logistinen regressio,0.14699885249137878,1
multiple case study,0.22700968384742737,1
multippeliskleroosi,0.2739854156970978,1
multitasking,0.39844200015068054,1
munasarjojen poisto,0.17195934057235718,1
muntlig kommunikation,0.21549206972122192,1
muntlig språkfärdighet,0.42867958545684814,1
muntliga övningar,0.16187702119350433,1
munuaisten vajaatoiminta,0.32563596963882446,1
muodin kuratointi,0.1521480232477188,1
muokkaus,0.2637515068054199,1
muoti,0.6043998599052429,1
muotiala,0.16954946517944336,1
muotinäyttelyt,0.28310298919677734,1
muotoilu,0.22075948119163513,1
muotokuvat,0.29650697112083435,1
muovi,0.25891685485839844,1
murrosikä,0.5822268724441528,1
murteet,0.20729371905326843,1
murtolukukäsite,0.22231808304786682,1
murtoluvut,0.11529440432786942,0
murtumat,0.6851868629455566,1
muscle activation,0.26538604497909546,1
muscle activity,0.25510260462760925,1
muscle architecture,0.38838261365890503,1
muscle cells,0.3095361292362213,1
muscle damage,0.29034143686294556,1
muscle fibre,0.32354187965393066,1
muscle mass,0.19073542952537537,1
muscle strength,0.3469180166721344,1
muscle-tendon in-teraction,0.2531006634235382,1
muscles,0.4682699143886566,1
musculoskeletal diseases,0.26855188608169556,1
museo,0.3523150682449341,1
museo-objekti,0.18633170425891876,1
museoarvo,0.3155970573425293,1
museoelämys,0.2850046753883362,1
museoesineet,0.46520090103149414,1
museologia,0.5030356645584106,1
museopedagogiikka,0.31175345182418823,1
museorakennukset,0.34934258460998535,1
museot,0.5783736109733582,1
museotoimi,0.1720053255558014,1
museum pedagogy,0.18841907382011414,1
music,0.6201711297035217,1
music and foreign language learning,0.20166152715682983,1
music and foreign language teaching,0.24845032393932343,1
music and movement,0.31120046973228455,1
music cognition,0.27050793170928955,1
music education,0.46264368295669556,1
music education technology,0.17400871217250824,1
music festivals,0.24685296416282654,1
music industry,0.23938782513141632,1
music pedagogy,0.27429378032684326,1
music piracy,0.2578416168689728,1
music psychology,0.35615262389183044,1
music technology,0.2658287286758423,1
music therapy,0.41380035877227783,1
music videos,0.18539664149284363,1
music-making,0.2252981960773468,1
musical interface,0.12412673979997635,0
musical pause,0.21012195944786072,1
musicality,0.47473761439323425,1
musiiikkiterapia,0.24432282149791718,1
musiikillinen elämäkerta,0.21853601932525635,1
musiikillinen erityisorientaatio,0.11401546001434326,0
musiikillinen identiteetti,0.2390495091676712,1
musiikillinen improvisaatio,0.32458966970443726,1
musiikillinen kompetenssi,0.21888718008995056,1
musiikillinen lahjakkuus,0.14659224450588226,1
musiikillinen luovuus,0.31620684266090393,1
musiikillinen minäkäsitys,0.2709115147590637,1
musiikillinen osaaminen,0.30428558588027954,1
musiikillinen peli,0.16669736802577972,1
musiikillinen vuorovaikutus,0.21591812372207642,1
musiikilliset genret,0.16787798702716827,1
musiikilliset työtavat,0.27052533626556396,1
musiikilliset viittaukset,0.24346409738063812,1
musiikin harrastaminen,0.26857849955558777,1
musiikin havaitseminen,0.1904928982257843,1
musiikin kenttä,0.27659809589385986,1
musiikin laaja oppimäärä,0.257432222366333,1
musiikin opetus,0.32308366894721985,1
musiikin oppiaine,0.257707417011261,1
musiikin perusteet,0.4880962669849396,1
musiikin sopivuus,0.26426729559898376,1
musiikin soveltava käyttö,0.15974408388137817,1
musiikin tunti,0.2149280160665512,1
musiikinkuuntelu,0.14467649161815643,1
musiikinopettaja,0.2635369896888733,1
musiikinopettajan kompetenssi,0.1972963660955429,1
musiikinopettajan koulutus,0.23581165075302124,1
musiikinopettajan professio,0.2632827162742615,1
musiikinopettajat,0.5638834834098816,1
musiikinopettajuus,0.3392127752304077,1
musiikinopetus,0.4835885763168335,1
musiikintunti,0.36023902893066406,1
musiikintutkimus,0.27965372800827026,1
musiikki,0.9103693962097168,1
musiikki ja liike,0.22387179732322693,1
musiikki ja muistelu,0.2360338270664215,1
musiikki-identiteetti,0.24991366267204285,1
musiikkiala,0.3264041841030121,1
musiikkialan koulutusjärjestelmä,0.2687382102012634,1
musiikkiarvostelut,0.24908514320850372,1
musiikkifestivaali,0.29150331020355225,1
musiikkiharrastus,0.4694824516773224,1
musiikkijournalismi,0.1776147037744522,1
musiikkijuhlat,0.37092098593711853,1
musiikkikasvattaja,0.3727557063102722,1
musiikkikasvatus,0.8728551864624023,1
musiikkikasvatusteknologia,0.40871667861938477,1
musiikkikokemukset,0.20014914870262146,1
musiikkikulttuuri,0.2123614400625229,1
musiikkilehdistö,0.1971110701560974,1
musiikkiliikunta,0.14601704478263855,1
musiikkilukiot,0.26166006922721863,1
musiikkiluokat,0.33302852511405945,1
musiikkiluokka,0.19680581986904144,1
musiikkimaku,0.37933212518692017,1
musiikkimarkkinat,0.25733378529548645,1
musiikkimatkailija,0.18861012160778046,1
musiikkimatkailu,0.17990155518054962,1
musiikkimatto,0.25701239705085754,1
musiikkiopisto,0.18398535251617432,1
musiikkioppilaitokset,0.5588625073432922,1
musiikkioppilaitos,0.13530290126800537,0
musiikkipedagogiikka,0.39974889159202576,1
musiikkipelit,0.25126394629478455,1
musiikkipreferenssi,0.2550419569015503,1
musiikkipsykologia,0.4171462655067444,1
musiikkisosiologia,0.2894264757633209,1
musiikkisuhde,0.3350532054901123,1
musiikkitapahtuma,0.1411183923482895,1
musiikkiteatteri,0.4090627431869507,1
musiikkiteknologia,0.4097996950149536,1
musiikkiteollisuus,0.23598593473434448,1
musiikkiterapeutit,0.3818579912185669,1
musiikkiterapeutti,0.1871502548456192,1
musiikkiterapia,0.7222887277603149,1
musiikkiterapiaryhmä ja etnografia,0.3841918706893921,1
musiikkivideo,0.1918661892414093,1
musiikkivideot,0.34002774953842163,1
musikaaliprojekti,0.2571915090084076,1
musikaalisuus,0.40555620193481445,1
musikaalit,0.1555064618587494,1
muslimikuva,0.15134556591510773,1
muslimit,0.264970988035202,1
musta estetiikka,0.17707426846027374,1
mutaatiot,0.32915499806404114,1
mutaatiotestaus,0.43887731432914734,1
mutation  accumulation,0.29985150694847107,1
mutation rate,0.22277462482452393,1
mutation testing,0.31635284423828125,1
mutations,0.29724377393722534,1
mutterikirkko,0.2564277648925781,1
mutual  learning,0.19901366531848907,1
muumit,0.3605388402938843,1
muuntelun säilyminen,0.20869915187358856,1
muuntorangaistus,0.2694091796875,1
muusikko,0.23348554968833923,1
muusikkous,0.20430691540241241,1
muusikontyö,0.24138739705085754,1
muusikot,0.5546684861183167,1
muutokseen sopeutuminen,0.21644508838653564,1
muutoksen johtaminen,0.359502375125885,1
muutoksenhallinta,0.4379795789718628,1
muutokset,0.22694070637226105,1
muutos,0.8439781069755554,1
muutosagentti,0.24658529460430145,1
muutosjohtajuus ja -johtaminen,0.2452908605337143,1
muutosjohtaminen,0.45934808254241943,1
muutosprosessit,0.2423456311225891,1
muutospuhe,0.3880575895309448,1
muutostekijä,0.3377158045768738,1
muutosvalmius,0.1406102180480957,1
muutosvastarinta,0.28143519163131714,1
muutosviestintä,0.3976426422595978,1
muutosvoima,0.23127561807632446,1
muutosvoimavarat,0.18093924224376678,1
muuttoliike,0.5316633582115173,1
muuttunut kulttuuriympäristö,0.2058163732290268,1
muuttuva työelämä,0.4436674118041992,1
myoglobiini,0.26046088337898254,1
myosiinit,0.22776062786579132,1
myosins,0.19255542755126953,1
myostatiini,0.39956051111221313,1
myostatin blocker,0.31472933292388916,1
myrkyllisyys,0.4137158691883087,1
myrskyt,0.23058508336544037,1
mystiikka,0.19109012186527252,1
mythology,0.18377362191677094,1
mytologia,0.25471392273902893,1
myymälän ilmapiiri,0.25928062200546265,1
myymälät,0.3301895260810852,1
myynninedistäminen,0.14124786853790283,1
myynti,0.3940607011318207,1
myyntityö,0.2069285809993744,1
myyrät,0.35150936245918274,1
myytit,0.4952881336212158,1
myytti,0.12348528206348419,0
myyttirevisio,0.3091593384742737,1
myöhäinen erikoistuminen,0.2920021414756775,1
myöhäinen tyyli,0.22305576503276825,1
myöhäisaikuisuus,0.3875741958618164,1
myöhään ilmenevä luki-vaikeus,0.23247270286083221,1
myöhään puhumaan oppineet,0.31856968998908997,1
myönteinen ilmapiiri,0.26342493295669556,1
myönteinen stressi,0.4759840667247772,1
myönteiset tunteet,0.1747443526983261,1
myötätuntoteot,0.1331031769514084,0
mädin säilytys,0.38236767053604126,1
mädätys,0.2935712933540344,1
mädätysjäte,0.20522905886173248,1
mäkihyppy,0.30952924489974976,1
mäntypistiäiset,0.20288671553134918,1
märkälujaliimat,0.16820858418941498,1
mäti,0.31046584248542786,1
määräaikainen vuokratyö,0.1973252296447754,1
naamiointi,0.2828703820705414,1
naamiotanssi,0.29144343733787537,1
naamioteatteri,0.26823168992996216,1
nahistelu,0.3372717499732971,1
nailon,0.13875074684619904,0
nainen,0.18218597769737244,1
naisasialiikkeet,0.19654302299022675,1
naisellisuus,0.22741906344890594,1
naisen asema,0.5777755379676819,1
naiserityisyys,0.2803381681442261,1
naiset,0.9397920966148376,1
naiseus,0.5843667984008789,1
naishahmot,0.21028056740760803,1
naishistoria,0.31409019231796265,1
naisjohtajat,0.20990461111068726,1
naisjohtajuus,0.133330300450325,0
naiskauppa,0.16676616668701172,1
naiskirjallisuus,0.20340663194656372,1
naiskulttuuri,0.16216708719730377,1
naiskuva,0.629608154296875,1
naiskuvat,0.303022563457489,1
naisliikkeet,0.35693538188934326,1
naisopettajat,0.1545126587152481,1
naispäätoimittajat,0.20963004231452942,1
naistaiteilija,0.29401272535324097,1
naisten aseman muutos,0.1780601590871811,1
naisten autismidiagnoosi,0.23933839797973633,1
naisten rooli,0.2863127589225769,1
naisten tekemä parisuhdeväkivalta,0.19536244869232178,1
naistenlehdet,0.369211345911026,1
naistoimittajat,0.22129204869270325,1
naistutkimus,0.24197742342948914,1
naisurheilija,0.3703185021877289,1
naisvanki,0.22244784235954285,1
naisvankila,0.2598564326763153,1
naisvoimistelu,0.24697309732437134,1
naisyrittäjät,0.35747870802879333,1
naisystävällinen hyvinvointivaltio,0.16194462776184082,1
namibiansuomalaiset,0.16133548319339752,1
nano,0.2965095341205597,1
nanoelektroniikka,0.18668292462825775,1
nanofysiikka,0.2780730426311493,1
nanohiukkaset,0.2645845413208008,1
nanojäähdytys,0.21034210920333862,1
nanolanka,0.26146775484085083,1
nanomateriaalit,0.16679422557353973,1
nanoputket,0.3070734143257141,1
nanorakenteet,0.4249763488769531,1
nanostructures,0.214443638920784,1
nanotekniikka,0.3449215590953827,1
nanotubes,0.40324684977531433,1
naprapathy,0.37588223814964294,1
naprapatia,0.2806343734264374,1
narratiivi,0.4236394166946411,1
narratiivianalyysi,0.29291796684265137,1
narratiivinen,0.16669240593910217,1
narratiivinen analyysi,0.5679357647895813,1
narratiivinen identiteetti,0.48187464475631714,1
narratiivinen positiointi,0.1531091332435608,1
narratiivinen tutkimus,0.46690163016319275,1
narratiivinen tutkimusote,0.21388599276542664,1
narratiivis-diskursiivinen analyysi,0.2932458221912384,1
narratiivisuus,0.8054563999176025,1
narrative,0.28279730677604675,1
narrative analysis,0.39331480860710144,1
narrative attribution,0.2671756446361542,1
narrative identity,0.37384581565856934,1
narrative of worth,0.2483959048986435,1
narrative research,0.39081522822380066,1
narratives,0.2583322525024414,1
narrativity,0.3044666051864624,1
narratologia,0.4563843011856079,1
narsismi,0.20822463929653168,1
narsistinen persoonallisuus,0.20433323085308075,1
narsistinen persoonallisuushäiriö,0.20183561742305756,1
nation,0.1424584686756134,1
nation branding,0.25314053893089294,1
nation-building,0.16911131143569946,1
national,0.2622869908809662,1
national core curriculum,0.25530576705932617,1
national curriculum,0.42576658725738525,1
national income,0.2389342486858368,1
national security,0.24661357700824738,1
national upper secondary school,0.18931891024112701,1
nationalismi,0.4845096468925476,1
natural diversity,0.19680050015449524,1
natural environment,0.1571306437253952,1
natural gas,0.3025790750980377,1
natural resource degradation,0.324973464012146,1
natural selection,0.29925939440727234,1
nature,0.22381964325904846,1
nature conservation,0.4476660490036011,1
nature tourism,0.18097876012325287,1
nauru,0.10263074189424515,0
navigating strategies,0.1887555867433548,1
näyttelytutkimus,0.2722318172454834,1
neck pain,0.3294130861759186,1
needs,0.2037292867898941,1
needs analysis,0.28748583793640137,1
negatiivinen asiakassitoutuminen,0.28326690196990967,1
negatiivinen keskeyttäminen,0.19049736857414246,1
negatiivinen sitoutuminen,0.28618669509887695,1
negatiivinen suhtautuminen,0.35552287101745605,1
negatiivinen viestintä,0.2792282700538635,1
negatiiviset tunteet,0.15521609783172607,1
negatiivisuus,0.28739309310913086,1
negative affect,0.33112871646881104,1
negative engagement,0.3876636028289795,1
negative engagement behaviour,0.37224018573760986,1
negativity,0.2794186770915985,1
negotiation,0.20797404646873474,1
nekropolitiikka,0.26270395517349243,1
neksusanalyysi,0.28425008058547974,1
neliöbiljardi,0.24428698420524597,1
neoclassical realism,0.3641911447048187,1
neodyymimagneetit,0.21678286790847778,1
neoliberalismi,0.10734749585390091,0
nerous,0.26996493339538574,1
nervous system,0.2144022285938263,1
neste-nesteuutto,0.2773934602737427,1
nesteet,0.25182753801345825,1
net present value,0.3196532428264618,1
netnografia,0.38105708360671997,1
nettikiusaaminen,0.2078537493944168,1
nettilukeminen,0.3662816882133484,1
nettiriippuvuus,0.3050151765346527,1
nettivalppaus,0.2705587148666382,1
network environment,0.28441542387008667,1
network function virtualisation,0.20193007588386536,1
networking,0.23540882766246796,1
networking (making contacts),0.2559903562068939,1
networks,0.3793347179889679,1
networks (societal phenomena),0.45726823806762695,1
neulekerho,0.3121583163738251,1
neulojat,0.1221063956618309,0
neulominen,0.25789645314216614,1
neulonta,0.23849786818027496,1
neuraalikorrelaatti,0.2378518134355545,1
neural adaptation,0.16555771231651306,1
neural networks,0.28600606322288513,1
neural networks (information technology),0.20531360805034637,1
neurodegenerative disorders,0.3047619163990021,1
neurofysiologia,0.2628331780433655,1
neurogeneesi,0.37700536847114563,1
neurogenesis,0.2977895140647888,1
neuromuscular adaptations,0.2621498107910156,1
neuromuscular fatigue,0.31354081630706787,1
neurophysiology,0.3097180426120758,1
neuropsychology,0.24006369709968567,1
neuropsykiatrinen oppilas,0.2077646404504776,1
neuropsykiatriset häiriöt,0.4569743275642395,1
neuropsykiatriset piirteet,0.3410030007362366,1
neuropsykologia,0.2912396192550659,1
neuroverkkomenetelmä,0.1789259910583496,1
neuroverkot,0.4678712785243988,1
neutralisoimisteoria,0.2790951132774353,1
neutriino,0.2657511532306671,1
neutriinofysiikka,0.2888821065425873,1
neutriinot,0.22912804782390594,1
neutronit,0.2643183469772339,1
neuvola,0.2165936529636383,1
neuvolat,0.31287580728530884,1
neuvonta,0.16775144636631012,1
neuvotteluasema,0.2092292457818985,1
neuvottelukunnat,0.243647500872612,1
neuvottelut,0.5258345007896423,1
new business development,0.11980517953634262,0
new service development,0.2882133722305298,1
news,0.18540307879447937,1
news consumption,0.19847486913204193,1
news discourse,0.2900562584400177,1
newspapers,0.3158528506755829,1
next best offer,0.2697880268096924,1
nexus analysis,0.22130246460437775,1
niche,0.2603587806224823,1
nickel chloride,0.252657026052475,1
nickname,0.3366820216178894,1
nieriä,0.18836939334869385,1
nihilismi,0.20159859955310822,1
nikkeli,0.15871462225914001,1
nikkelikloridi,0.18028786778450012,1
nimby-ilmiö,0.19292843341827393,1
nimet,0.41563349962234497,1
nimeäminen,0.6282272338867188,1
nimimerkit,0.22296972572803497,1
nimistöntutkimus,0.3822483420372009,1
nimittely,0.2009187787771225,1
niska,0.4949360191822052,1
niska-hartiaseudun särky,0.3010834753513336,1
niska-hartiasärky,0.4360421299934387,1
nitraatit,0.3855437636375427,1
nitraus,0.30150142312049866,1
nitric oxide,0.3494178354740143,1
nitride,0.3634125888347626,1
nitrifikaatio,0.22203926742076874,1
nivelet,0.44179219007492065,1
nivelrikko,0.5893643498420715,1
nivelsairaudet,0.3834209740161896,1
nivelsairaus,0.13515646755695343,0
nivelvaihe,0.12418264150619507,0
noise,0.3224167823791504,1
noitavainot,0.19504711031913757,1
nokkahuilu,0.32123827934265137,1
nollasummapelit,0.24624969065189362,1
nominatiivi,0.22164876759052277,1
non formal education,0.24280157685279846,1
non-abelian lattice gauge theory,0.24161304533481598,1
non-abelian plasma,0.28454625606536865,1
non-alcoholic fatty liver disease,0.12913338840007782,0
non-capitalistic,0.3511000871658325,1
non-drinking,0.17652827501296997,1
non-formal education,0.32065072655677795,1
non-governmental organisations,0.1474016010761261,1
non-governmental organization,0.20875056087970734,1
non-lineaarinen pedagogiikka,0.3200454115867615,1
non-native language,0.27547726035118103,1
non-responders,0.15382231771945953,1
non-verbaalit eleet,0.36191901564598083,1
nonlineaarinen pedagogiikka,0.49357712268829346,1
nonlinear estimation,0.2818990647792816,1
nonlinear optical activity,0.20654624700546265,1
nonsense,0.33090054988861084,1
nopea nimeäminen,0.223471999168396,1
nopea sarjallinen nimeäminen,0.17322781682014465,1
nopeat päätelmät,0.29401713609695435,1
nopeimman radan ongelma,0.19543655216693878,1
nopeus,0.24298325181007385,1
nopeusharjoittelu,0.18520662188529968,1
nopeuskestävyys,0.20462214946746826,1
nopeusperusteinen voimaharjoittelu,0.4947502911090851,1
nopeusvoima,0.6068680286407471,1
nopeusvoimaharjoittelu,0.3725294768810272,1
nopeusvoimaominaisuudet,0.18995077908039093,1
nopeuusharjoittelu,0.27204352617263794,1
normaali lapsi,0.2526264786720276,1
normaalius,0.32079076766967773,1
normalisointi,0.28418055176734924,1
normaliteetti,0.25637003779411316,1
normatiivisuus,0.16756588220596313,1
normative beliefs,0.19951245188713074,1
normit,0.2622758448123932,1
normoksia,0.22161680459976196,1
northern academic experts,0.2707105576992035,1
nostalgia,0.14389008283615112,1
noudattaminen,0.37348371744155884,1
novellit,0.26942193508148193,1
novice,0.2532365620136261,1
novice programming,0.4151410460472107,1
novice teacher,0.22582538425922394,1
noviisi,0.33125561475753784,1
noviisiopettaja,0.22404713928699493,1
noviisiopettajan tuntemukset,0.2557641565799713,1
noviisit,0.28977763652801514,1
nowcasting,0.14653387665748596,1
nuclear energy,0.18820051848888397,1
nuclear lamina,0.3399713635444641,1
nuclear physics,0.42176148295402527,1
nuclear power plants,0.2681443989276886,1
nuclear reactors,0.20798249542713165,1
nuclear theory,0.20038729906082153,1
nuclear waste,0.1855326145887375,1
nucleosynthesis,0.20402204990386963,1
nudge,0.1437220722436905,1
nukahtaminen,0.20915746688842773,1
nukkumisergonomia,0.3595101237297058,1
nukkumistottumukset,0.43420663475990295,1
nukkumisvaikeudet,0.45910587906837463,1
nukleonit,0.3278190791606903,1
numeerinen lineaarialgebra,0.2885490655899048,1
numeeriset menetelmät,0.5731557607650757,1
numeeriset taidot,0.2804558277130127,1
numerical methods,0.4188506305217743,1
numerotaito,0.22707080841064453,1
nuoren toimijuus,0.1358109414577484,0
nuoret,0.9767448306083679,1
nuoret aikuiset,0.6072652339935303,1
nuoret johtajat,0.15089772641658783,1
nuori,0.329880952835083,1
nuori aikuinen,0.11810440570116043,0
nuori urheilija,0.16281789541244507,1
nuoriso,0.19788433611392975,1
nuorisokodit,0.3620416224002838,1
nuorisokulttuuri,0.21898983418941498,1
nuorisorikollisuus,0.37305310368537903,1
nuorisotakuu,0.3932865858078003,1
nuorisotutkimus,0.23417985439300537,1
nuorisotyö,0.5335988998413086,1
nuorisotyöttömyys,0.43400439620018005,1
nuorisourheilu,0.2490861564874649,1
nuorten musiikin käyttö,0.1720159947872162,1
nuorten syrjäytyminen,0.17286233603954315,1
nuortenkirjallisuus,0.5663033723831177,1
nuortenlehdet,0.21261096000671387,1
nuortensarjat,0.23739473521709442,1
nuoruuden aikainen huumeiden käyttö ja interventio.,0.25197091698646545,1
nuoruus,0.6547271013259888,1
nuoruus ikävaiheena,0.3929242193698883,1
nuoruusiän kehityspsykologia,0.135518416762352,0
nuoruusmuistot,0.24324338138103485,1
nuoruustyypin diabetes,0.3594755232334137,1
nuotinluku,0.25370144844055176,1
nuottakalastus,0.13309058547019958,0
nuottijulkaisut,0.12147531658411026,0
nuottikirjoitus,0.24587488174438477,1
nurse educators,0.24528592824935913,1
nurse teacher perspectives,0.245565727353096,1
nursing (work),0.20647583901882172,1
nursing education as a practice,0.2586534023284912,1
nursing homes,0.34850651025772095,1
nutrient recovery,0.31686222553253174,1
nuuska,0.21919772028923035,1
nykyaika,0.2178410142660141,1
nykyaka,0.20435462892055511,1
nykydraama,0.22453884780406952,1
nykykansantaide,0.21846261620521545,1
nykymusiikki,0.20599110424518585,1
nykyrunous,0.16636155545711517,1
nykytaide,0.530475914478302,1
nylon,0.14426158368587494,1
näkemys,0.18598976731300354,1
näkymä-piilopaikka-teoria,0.3436015248298645,1
näkökulma,0.25005972385406494,1
näkökulmarelativismi,0.23603053390979767,1
näkövammaiset,0.2610597610473633,1
näkövammat,0.33435848355293274,1
nätundervisning,0.18024279177188873,1
näytelmäkirjallisuus,0.18277940154075623,1
näytelmät,0.36266714334487915,1
näytteen esikäsittely,0.21050550043582916,1
näytteenotto,0.2760406732559204,1
näytteet,0.4457603991031647,1
näyttelijät,0.25720950961112976,1
näyttelyt,0.3302879333496094,1
näyttämöllepano,0.22726653516292572,1
näyttämöt,0.30667203664779663,1
näyttökaapattu opasvideo,0.2986527383327484,1
näyttöön perustuva hoitotyö,0.3007524013519287,1
obesity,0.3961336314678192,1
obfuscation,0.4561595320701599,1
object detection,0.1693233996629715,1
objekti,0.4126662313938141,1
objektiivisuus,0.3812049925327301,1
objektikeskeisyys,0.2280489206314087,1
objektipositio,0.38534635305404663,1
observation,0.32021138072013855,1
obstruktiivinen uniapnea,0.18848519027233124,1
oddball paradigm,0.22673073410987854,1
oddball-paradigma,0.3512379825115204,1
odotettavissa oleva arvo,0.27245625853538513,1
odottavat vanhemmat,0.21393795311450958,1
odotukset,0.5235229730606079,1
off-line,0.33097395300865173,1
off-setting,0.23866413533687592,1
offers,0.20210108160972595,1
official documents analysis,0.2162741869688034,1
ohjaajat,0.4343664348125458,1
ohjaajat (kasvatus ja opastus),0.16384954750537872,1
ohjaajat (taiteet ja media),0.18643078207969666,1
ohjattu liikunta,0.391693115234375,1
ohjattu liikuntatoiminta,0.18187232315540314,1
ohjauksellinen tuki,0.3554488718509674,1
ohjauksen kaaosteoria,0.23121564090251923,1
ohjaus,0.8746644854545593,1
ohjaus (neuvominen),0.4537211060523987,1
ohjaus (neuvonta ja opastus),0.6905325651168823,1
ohjaus (taiteet ja media),0.24503490328788757,1
ohjausalan maisterikoulutus,0.24013565480709076,1
ohjausjärjestelmät,0.23382577300071716,1
ohjausosaaminen,0.2744739055633545,1
ohjaustarpeet,0.13049207627773285,0
ohjaustilanne,0.3138490319252014,1
ohjaustyyli,0.24710506200790405,1
ohjaustyö,0.3167271912097931,1
ohjausviestintä,0.2301916927099228,1
ohjausvuorovaikutus,0.32728204131126404,1
ohjeet,0.6339004635810852,1
ohjeistus,0.19534139335155487,1
ohjelmajournalismi,0.22003884613513947,1
ohjelmatarjonta,0.2659043073654175,1
ohjelmateoria,0.33543264865875244,1
ohjelmistoala,0.3308619260787964,1
ohjelmistoarkkitehtuuri,0.6628481149673462,1
ohjelmistojen laadunvarmistus,0.35547444224357605,1
ohjelmistojen valinta,0.33939895033836365,1
ohjelmistojen ylläpito,0.27738451957702637,1
ohjelmistokehitys,0.7752354145050049,1
ohjelmiston laatu,0.4525719881057739,1
ohjelmistorobotiikka,0.4195496439933777,1
ohjelmistosuunnittelu,0.11234655231237411,0
ohjelmistosuunnittelu (tietotekniikka),0.2197161465883255,1
ohjelmistot,0.5622300505638123,1
ohjelmistoteollisuus,0.0906638577580452,0
ohjelmistotestaus,0.39378225803375244,1
ohjelmistotoimitus,0.3470497131347656,1
ohjelmistotuotanto,0.5322802066802979,1
ohjelmistotuote,0.3963299095630646,1
ohjelmistotuotelinja,0.41806620359420776,1
ohjelmistoyritykset,0.29695361852645874,1
ohjelmoijat,0.26980990171432495,1
ohjelmoinnin opetus,0.14905226230621338,1
ohjelmointi,0.7037060260772705,1
ohjelmointikielet,0.5773133039474487,1
ohjelmoitunut solukuolema,0.3699308931827545,1
ohutkalvo,0.2973436415195465,1
ohutkalvot,0.47054097056388855,1
ohutsuoli,0.3053751289844513,1
oikeinkirjoitus,0.4126643240451813,1
oikeudenkäynti,0.45477280020713806,1
oikeudenmukaisuus,0.40336501598358154,1
oikeudet,0.3289770185947418,1
oikeusasema,0.21214109659194946,1
oikeuttamisteoria,0.2691221833229065,1
oikeutus,0.3850697875022888,1
oireet,0.4026179611682892,1
oireilu,0.27556294202804565,1
ojitus,0.4544934332370758,1
oktogoni,0.31274282932281494,1
older people,0.26681700348854065,1
oldest old,0.24721190333366394,1
olennaisuus,0.3133792579174042,1
olio-ohjelmointi,0.22787787020206451,1
olkanivel,0.27049100399017334,1
olosuhdeselvitys,0.3090366721153259,1
olosuhteet,0.45854541659355164,1
olut,0.21649375557899475,1
omaehtoinen leikki,0.1747203916311264,1
omaehtoinen liikunta,0.18554171919822693,1
omaehtoisuus,0.27299174666404724,1
omaelämäkerrallisuus,0.44326353073120117,1
omahoito,0.4219200611114502,1
omahoitopalvelut,0.2778395414352417,1
omaishoitajat,0.4189116060733795,1
omaishoitajuus,0.2166471779346466,1
omaishoito,0.4805953800678253,1
omakotitalot,0.2811437249183655,1
omaksuminen,0.5256777405738831,1
omaksumisen esteet,0.2756126821041107,1
omakuva,0.11996520310640335,0
omakuvat,0.23509223759174347,1
omantunnon stressi,0.2616429626941681,1
ominaisarvo,0.21473994851112366,1
ominaisarvot,0.33975255489349365,1
ominaisuustesti,0.25486454367637634,1
omistajanvaihdos,0.35275396704673767,1
omistajaohjaus,0.46825653314590454,1
omistajuus,0.3325148820877075,1
omistaminen,0.33949014544487,1
omistus,0.2609545588493347,1
omistusasunnot,0.2256062775850296,1
omistusoikeus,0.4195002615451813,1
ongelmakeskeinen,0.18821242451667786,1
ongelmakäyttäytyminen,0.3351716995239258,1
ongelmallinen kokemus,0.2716410458087921,1
ongelmalähtöinen oppiminen,0.2549407482147217,1
ongelmanratkaisu,0.5893664956092834,1
ongelmanratkaisu- ja suunnittelutaidot,0.2581387162208557,1
ongelmanratkaisutaidot,0.18485663831233978,1
ongelmanuoret,0.19553235173225403,1
ongelmapelaaminen,0.33777302503585815,1
ongelmaperheet,0.22829821705818176,1
ongelmaperustainen opetusmenetelmä,0.26781922578811646,1
ongelmaperustaisuus,0.1842890828847885,1
ongelmat,0.5174557566642761,1
ongelmien päällekkäistyminen,0.15980756282806396,1
online,0.18631930649280548,1
online behaviour,0.34897756576538086,1
online business environment,0.2083791196346283,1
online chatting,0.18993723392486572,1
online communities,0.3919806480407715,1
online community,0.14370641112327576,1
online content consumption,0.2382052093744278,1
online dating,0.307006299495697,1
online grocery services,0.2932130992412567,1
online grocery shopping,0.3092920184135437,1
online inquiry,0.16857019066810608,1
online learning,0.26288190484046936,1
online marketing,0.20806501805782318,1
online measurement,0.1573515385389328,1
online media,0.29916122555732727,1
online posting,0.22019317746162415,1
online reviews,0.34568917751312256,1
online service,0.37032416462898254,1
online services,0.3238411545753479,1
online spaces,0.2996676564216614,1
online word-of-mouth,0.24213044345378876,1
online-brändiyhteisö,0.21095813810825348,1
online-uutisointi,0.21823734045028687,1
online-videos,0.28134584426879883,1
online-videot,0.24581727385520935,1
online-yhteisö,0.14202696084976196,1
online-ympäristö,0.2221185863018036,1
onnellisuus,0.529440701007843,1
onnistuminen,0.4204443097114563,1
onnistumisen kokemukset,0.2540726065635681,1
onnistumiset,0.35528936982154846,1
onnistumistilanteet,0.20701685547828674,1
onnistuneisuus,0.16901426017284393,1
onnistunut terapiaprosessi,0.3331017792224884,1
onnistunut vanheneminen,0.24000290036201477,1
ontologia (filosofia),0.27388569712638855,1
ontologiat (tiedonhallinta),0.23198725283145905,1
ontologies (information management),0.22639904916286469,1
ontology alignment,0.24486784636974335,1
open field test,0.3299502730369568,1
open innovation,0.18395954370498657,1
open quantum systems,0.2780706286430359,1
open-source,0.1755058318376541,1
openness,0.21249201893806458,1
operational pressure,0.2665216624736786,1
operational technology,0.31681597232818604,1
opettaja,0.4262581169605255,1
opettaja kirjoittajana,0.23035718500614166,1
opettaja-oppilas – vuorovaikutus,0.21946382522583008,1
opettaja-oppilassuhde,0.7150445580482483,1
opettaja-oppilasvuorovaikutus,0.20797841250896454,1
opettajaidentiteetti,0.3587445616722107,1
opettajajohtoinen opetus,0.36800163984298706,1
opettajakeskeisyys,0.18080192804336548,1
opettajan antama tuki,0.11614200472831726,0
opettajan emootiot,0.17095376551151276,1
opettajan kompetenssi,0.31325554847717285,1
opettajan käsitykset,0.10086530447006226,0
opettajan minäpystyvyys,0.23814837634563446,1
opettajan stressin vaikutus opetukseen ja oppilaaseen,0.2252916842699051,1
opettajan toiminta,0.2629454433917999,1
opettajan toimintatavat,0.14180278778076172,1
opettajan tuki,0.2770518958568573,1
opettajan työ,0.325041800737381,1
opettajankouluttaja,0.4284419119358063,1
opettajankoulutus,0.8355521559715271,1
opettajankoulutuslaitokset,0.3483595550060272,1
opettajanäkökulma,0.21643628180027008,1
opettajaopiskelija,0.3990866541862488,1
opettajaopiskelijat,0.5143644213676453,1
opettajapuhe,0.20961257815361023,1
opettajastereotypiat,0.14546160399913788,1
opettajat,0.9626602530479431,1
opettajatar,0.21720710396766663,1
opettajien kokemuksia,0.35056838393211365,1
opettajien käsitykset,0.20130494236946106,1
opettajien näkemykset,0.21482793986797333,1
opettajien näkökulma,0.21459101140499115,1
opettajien toimijuus,0.38871926069259644,1
opettajien työhyvinvointi,0.24169893562793732,1
opettajien työhyvinvointia tukevat tekijät,0.18654894828796387,1
opettajien yhteistyö,0.2701546549797058,1
opettajuus,0.799953818321228,1
opettajuuskäsitykset,0.3819345235824585,1
opettaminen,0.45900940895080566,1
opettamiskäsitys,0.1927100569009781,1
opetukseen osallistuminen,0.34848538041114807,1
opetuksen eheyttäminen,0.208410382270813,1
opetuksen kehittäminen,0.3739262521266937,1
opetuksen suunnittelu,0.2008979469537735,1
opetuksen tehostaminen,0.23698914051055908,1
opetus,0.9683080911636353,1
opetusaineisto,0.19525791704654694,1
opetusala,0.17970913648605347,1
opetusharjoittelu,0.4123390316963196,1
opetushenkilöstö,0.22194066643714905,1
opetuskieli,0.514171838760376,1
opetuskäyttö,0.2673017978668213,1
opetusmateriaali,0.16245247423648834,1
opetusmateriaalit,0.15521812438964844,1
opetusmenetelmät,0.7736719846725464,1
opetusmuodot,0.3900463283061981,1
opetuspelit,0.28893259167671204,1
opetusryhmät,0.5311241149902344,1
opetussuunnitelma,0.6029973030090332,1
opetussuunnitelman uudistus,0.22052118182182312,1
opetussuunnitelmat,0.9150213003158569,1
opetussuunnittelu,0.17941944301128387,1
opetustapa,0.16902145743370056,1
opetusteknologia,0.607529878616333,1
opetustyylit,0.468815416097641,1
opetustyö,0.35076335072517395,1
opetusvalmiudet,0.28219735622406006,1
opetusvuorovaikutus,0.23530040681362152,1
opinion leaders,0.1640683263540268,1
opinions,0.15023988485336304,1
opinnot,0.6270511150360107,1
opinnäytteet,0.5745360851287842,1
opinpolku,0.3157753348350525,1
opinto-ohjaaja,0.2528861463069916,1
opinto-ohjaajat,0.49148839712142944,1
opinto-ohjaus,0.6973157525062561,1
opintoihin kiinnittyminen,0.22016705572605133,1
opintojaksot,0.305656373500824,1
opintojen edistymien,0.16011863946914673,1
opintojen eteneminen,0.15807382762432098,1
opintojen keskeyttäminen,0.512557327747345,1
opintojen läpäisy,0.3087981641292572,1
opintojen pitkittyminen,0.21962450444698334,1
opintolaina,0.17286533117294312,1
opintolainat,0.1633414328098297,1
opintomenestys,0.6599293947219849,1
opintoneuvonta,0.2241128534078598,1
opintotietojärjestelmä,0.2576752007007599,1
opintotuen takaisinperintä,0.2509895861148834,1
opintotuki,0.35916659235954285,1
opiskelijaelämä,0.2791312038898468,1
opiskelijahuolto,0.3094453513622284,1
opiskelijajärjestöt,0.37199297547340393,1
opiskelijajärjestötoiminta,0.24794353544712067,1
opiskelijalehdet,0.18059995770454407,1
opiskelijaliikkeet,0.2852977216243744,1
opiskelijat,0.937149703502655,1
opiskelijatutkimus,0.2043500691652298,1
opiskelijaurheiluseura,0.2840835750102997,1
opiskelijavaihto,0.481795072555542,1
opiskelijavalinnat,0.5474671721458435,1
opiskelijavalinta,0.38408005237579346,1
opiskelijoiden opintososiaalinen asema,0.2808877229690552,1
opiskelu,0.7898867130279541,1
opiskelu ulkomailla,0.2535683810710907,1
opiskeluhuolto,0.2949974536895752,1
opiskelukokemukset,0.2539915144443512,1
opiskelukulttuuri,0.23247402906417847,1
opiskelukyky,0.378354549407959,1
opiskelumotivaatio,0.618769645690918,1
opiskelustrategiat,0.21178296208381653,1
opiskelutaito,0.27701041102409363,1
opiskeluyhteisöön kiinnittyminen,0.2825673222541809,1
opiskeluympäristö,0.45986101031303406,1
oppaat (ammatit),0.21888409554958344,1
oppaat (teokset),0.34878477454185486,1
oppiaineet,0.48795557022094727,1
oppiainekulttuuri,0.27082210779190063,1
oppijaminäkuva,0.40330907702445984,1
oppijaminäkäsitys,0.2693242132663727,1
oppijan käsitykset,0.20994845032691956,1
oppijansuomi,0.2524873614311218,1
oppijoiden yhteisö,0.14247260987758636,1
oppijuus,0.12299606204032898,0
oppikirja,0.34966519474983215,1
oppikirja-analyysi,0.18060244619846344,1
oppikirjat,0.8427020907402039,1
oppikirjatutkimus,0.25539419054985046,1
oppikirjavertailu,0.18978029489517212,1
oppilaan kokemus,0.18917061388492584,1
oppilaan käyttäytyminen,0.2085174173116684,1
oppilaan sukupuoli,0.28829097747802734,1
oppilaan tukeminen,0.2410050481557846,1
oppilaanohjaus,0.6310568451881409,1
oppilaantuntemus,0.1490657478570938,1
oppilaat,0.8045767545700073,1
oppilaiden kokemukset,0.34647294878959656,1
oppilaiden sukupuolierot,0.23707301914691925,1
oppilaitokset,0.4831024408340454,1
oppilas,0.4275670051574707,1
oppilasarviointi,0.4277496039867401,1
oppilashuolto,0.5010800361633301,1
oppilashuoltoryhmä,0.2418925166130066,1
oppilasjohtoiset opetustyylit,0.2877751290798187,1
oppilaslähtöisyys.,0.2503699064254761,1
oppilastyöt,0.11065615713596344,0
oppilasvaihto,0.1743396371603012,1
oppimateriaali,0.7212558388710022,1
oppimateriaalitutkimus,0.3019876182079315,1
oppiminen,0.9449526071548462,1
oppimisalustat,0.49396711587905884,1
oppimiseen liittyvät tunteet,0.2276747077703476,1
oppimisen arviointi,0.3115418553352356,1
oppimisen ja koulunkäynnin kolmiportainen tuki,0.17672955989837646,1
oppimisen ja koulunkäynnin tuki,0.1519053429365158,1
oppimisen johtaminen,0.17862586677074432,1
oppimisen laatu,0.2064133733510971,1
oppimisen tukeminen,0.3208679258823395,1
oppimisen tuki,0.25014910101890564,1
oppimisenhallintajärjestelmä,0.4975932538509369,1
oppimiskokemukset,0.4054393768310547,1
oppimiskäsitykset,0.6503452658653259,1
oppimiskäsitys,0.4326797425746918,1
oppimismenetelmät,0.10578013211488724,0
oppimismetodit,0.21303655207157135,1
oppimismotivaatio,0.2919086813926697,1
oppimismuotoilu,0.3247857093811035,1
oppimisnäkemys,0.32083043456077576,1
oppimispelit,0.5501587986946106,1
oppimisprosessi,0.5446855425834656,1
oppimisprosessimalli,0.2710326611995697,1
oppimispäiväkirja,0.27093085646629333,1
oppimispäiväkirjat,0.1728011965751648,1
oppimisstrategia,0.281037300825119,1
oppimissuunnitelma,0.3532140552997589,1
oppimistavoitteet,0.29952186346054077,1
oppimisteoriat,0.2147853821516037,1
oppimistilanteet,0.3448849022388458,1
oppimistulokset,0.3546384572982788,1
oppimistyylit,0.566593587398529,1
oppimisvaiheet,0.32237184047698975,1
oppimisvaikeudet,0.6335018277168274,1
oppimisvaikeus,0.3251301944255829,1
oppimisympäristö,0.7839030623435974,1
oppimisympäristöjen kehittäminen,0.2846311330795288,1
oppisisällöt,0.4250207841396332,1
oppitunnit,0.6708446145057678,1
oppiva organisaatio,0.4422861635684967,1
oppiva yhteisö,0.1645517349243164,1
oppivelvollisuuden pidentäminen,0.14823919534683228,1
oppivelvollisuus,0.24333810806274414,1
opportunistic design,0.28038349747657776,1
opportunities,0.28800493478775024,1
opportunity creation,0.2612421214580536,1
opportunity discovery,0.35573673248291016,1
opportunity recognition,0.29240548610687256,1
oppositio,0.4020538032054901,1
optical thermometers,0.20324492454528809,1
optimaalisuus,0.19294477999210358,1
optimism,0.46111318469047546,1
optimismi,0.49102452397346497,1
optimivaluutta-alue,0.16457568109035492,1
optimization,0.16924366354942322,1
optimointi,0.6005419492721558,1
optinen sensoriteknologia,0.39169153571128845,1
optinen spektroskopia,0.28831639885902405,1
option pricing,0.32769107818603516,1
oral health,0.24751020967960358,1
oral skills,0.3650622069835663,1
order of indexicality,0.21095986664295197,1
orff-pedagogiikka,0.2690718472003937,1
orgaaninen kemia,0.3483247756958008,1
orgaaniset aineet,0.3946332335472107,1
orgaaniset yhdisteet,0.26308074593544006,1
organic farms,0.23681201040744781,1
organisaatio,0.6467742919921875,1
organisaatio (ilmiöt),0.1318477988243103,0
organisaatioiden välinen yhteistyö,0.21826162934303284,1
organisaatioidentiteetti,0.4275684058666229,1
organisaatiokulttuuri,0.650366485118866,1
organisaatiokulttuurin perheystävällisyys,0.29936152696609497,1
organisaatiomaisuus,0.13292011618614197,0
organisaatiomuutokset,0.45380643010139465,1
organisaatiomuutos,0.33966636657714844,1
organisaation sisäinen sosiaalinen media,0.17636722326278687,1
organisaation suorituskyky,0.17448291182518005,1
organisaation tehokkuus,0.273792564868927,1
organisaatioon sitoutuminen,0.2650260031223297,1
organisaatioon tyytyväisyys,0.33844056725502014,1
organisaatiot,0.8476456999778748,1
organisaatiot (järjestelmät),0.14101140201091766,1
organisaatiotarina,0.24186567962169647,1
organisaatiotarinat,0.233755424618721,1
organisaatioteoriat,0.4881042242050171,1
organisaatioviestintä,0.5570162534713745,1
organisational capacity,0.17208479344844818,1
organisational learning,0.2793501913547516,1
organisational social capacity,0.13089792430400848,0
organisational-level corruption,0.18348471820354462,1
organisations (systems),0.3894626796245575,1
organisatorinen työurajohtaminen,0.3103847801685333,1
organisointi,0.4556877315044403,1
organisoituminen,0.20253460109233856,1
organization as con-sumer,0.16583289206027985,1
organization-public-relationship,0.27968859672546387,1
organizational communication,0.26710131764411926,1
organizational communication & PR,0.2331715077161789,1
organizational culture,0.43154415488243103,1
organizational identification,0.23809024691581726,1
organizational learning,0.22298778593540192,1
organizational performance,0.22819483280181885,1
organizational satisfaction,0.28338009119033813,1
organizational sensemaking,0.29464197158813477,1
organizational studies,0.2736513614654541,1
organoid,0.41354650259017944,1
organometallikemia,0.18310531973838806,1
organometalliyhdisteet,0.4781457483768463,1
orientoituminen,0.16960586607456207,1
orjat,0.166596919298172,1
orjuuden oikeutus,0.14254282414913177,1
orjuus,0.21100787818431854,1
orkesterimusiikki,0.13816329836845398,0
orkesterimuusikko,0.17926183342933655,1
orkesterit,0.38367587327957153,1
ornamentiikka (koristetaide),0.22773580253124237,1
ortodoksinen kirkko,0.15931028127670288,1
ortodoksisuus,0.32994937896728516,1
ortodoksit,0.22844703495502472,1
orvot,0.21191856265068054,1
osa-aikainen erityisopetus,0.3526580035686493,1
osaaminen,0.8145704865455627,1
osaamisen hyödyntäminen,0.41074100136756897,1
osaamisen jakaminen,0.4338075518608093,1
osaamisen johtaminen,0.5081608891487122,1
osaamisen kehittäminen,0.42072251439094543,1
osaamisen tunnistaminen,0.25733649730682373,1
osaamiskartoitus,0.3139570355415344,1
osaamismerkki,0.4766852557659149,1
osaamisperusteisuus,0.24666494131088257,1
osaamistarve,0.3101479113101959,1
osakemarkkinat,0.29261019825935364,1
osakesijoittaminen,0.28855839371681213,1
osaketuotot,0.24652063846588135,1
osaketuotto,0.30028462409973145,1
osakeyhtiölaki (1978),0.29089048504829407,1
osakkaat,0.2070738971233368,1
osakkeet,0.4211089015007019,1
osakulttuurit,0.5367739796638489,1
osallistaminen,0.6444112062454224,1
osallistava sosiaalinen media,0.2321966141462326,1
osallistava sosiaaliturva,0.2058924436569214,1
osallistava suunnittelu,0.6590577363967896,1
osallistava viestintä,0.32088562846183777,1
osallistujatutkimus,0.30546319484710693,1
osallistuminen,0.749311089515686,1
osallistumiselle avoin digitaalinen kulttuuri,0.23461340367794037,1
osallistuva havainnointi,0.27304843068122864,1
osallisuuden edistäminen,0.18366330862045288,1
osallisuuden kulttuuri,0.27990636229515076,1
osallisuus,0.76755690574646,1
osallisuus yhteiskuntaan,0.19545266032218933,1
osatyökyky,0.33659207820892334,1
osatyökykyiset,0.326872855424881,1
oscillations,0.3098292052745819,1
osingot,0.22284936904907227,1
osinkotuotto,0.26566407084465027,1
osittaisdifferentiaaliyhtälöt,0.3719935119152069,1
oskillaatiot,0.47800764441490173,1
osoitinlaite,0.4623684287071228,1
ostaminen,0.24615003168582916,1
osteoporoosi,0.34522879123687744,1
ostoaikeet,0.3892452120780945,1
ostoaikomus,0.3767949938774109,1
ostokäyttäytyminen,0.4251931309700012,1
ostoprosessi,0.3804342448711395,1
ostopäätökset,0.3051352798938751,1
ostopäätösprosessi,0.3925389349460602,1
ostoskeskukset,0.24751240015029907,1
ostosmatkailu,0.14719976484775543,1
osuusliikkeet,0.27816352248191833,1
othering,0.2791903614997864,1
otherness,0.17503058910369873,1
otosvarianssi,0.19093145430088043,1
otsikot,0.26034262776374817,1
otsoni,0.23134268820285797,1
otsonointi,0.23055681586265564,1
ottolapset,0.2528376281261444,1
outsourcing,0.2515592575073242,1
overload,0.21475133299827576,1
overuse injury,0.14772577583789825,1
overweight,0.316739022731781,1
ownership (societal properties),0.2508487403392792,1
ownership steering,0.3060441017150879,1
oxygen carrier,0.37475448846817017,1
ozone,0.26655474305152893,1
ozone decomposition,0.2934230864048004,1
ozonisation,0.272198885679245,1
p-Laplacen yhtälö,0.2412477284669876,1
p-harmoniset funktiot,0.18632851541042328,1
pH,0.41651567816734314,1
paasto,0.32326188683509827,1
pahoinpitely,0.23305298388004303,1
pahvi,0.2069757580757141,1
paid by results,0.24422994256019592,1
paideia,0.4131779372692108,1
paikallaanolo,0.6542080640792847,1
paikallinen asiantuntijuus,0.17408230900764465,1
paikallishistoria,0.1738143414258957,1
paikallishistoriat,0.14483211934566498,1
paikallislehdet,0.20894338190555573,1
paikallismuseo,0.2084347903728485,1
paikallismuseot,0.2570039629936218,1
paikallisuus,0.20693449676036835,1
paikallisyhteistyö,0.39200150966644287,1
paikallisyhteisö,0.34672093391418457,1
paikallisyhteisöt,0.45035675168037415,1
paikan taju,0.2017086148262024,1
paikannimet,0.18154846131801605,1
paikannus,0.2400989830493927,1
paikka,0.4975398778915405,1
paikkasidonnainen taide,0.19600948691368103,1
paikkasuhde,0.23548461496829987,1
paikkatiedot,0.3374038338661194,1
paikkatieto-ohjelma,0.22504808008670807,1
paikkatietoanalyysi,0.19386030733585358,1
paikkatietojärjestelmä,0.2814822494983673,1
paikkatietojärjestelmät,0.2865026295185089,1
paikkauskollisuus,0.22025705873966217,1
pain,0.4358631372451782,1
paine,0.33675551414489746,1
paini,0.41019245982170105,1
painoindeksi,0.5106571912765503,1
painomaila,0.2715856432914734,1
painonhallinta,0.7055041790008545,1
painonnosto,0.29475322365760803,1
painonpudotus,0.37954843044281006,1
painopaperi,0.21141983568668365,1
painovärit,0.4268445074558258,1
paired stimuli,0.19549840688705444,1
pakkaukset,0.1672571748495102,1
pakkauselementit,0.1400175541639328,1
pakkaussuunnittelu,0.22428598999977112,1
pakkausviestintä,0.16918404400348663,1
pakokaasut,0.16757942736148834,1
pakolaiset,0.5040805339813232,1
pakolaiskoulutus,0.36859750747680664,1
pakolaisuus,0.4566269516944885,1
pakonomainen liikunta,0.40377262234687805,1
paksusuolisyöpä,0.22482086718082428,1
palaute,0.677629292011261,1
palautteenannon mittari,0.15894965827465057,1
palautteenanto,0.47247615456581116,1
palautuminen,0.6050235629081726,1
palautumisen kokemus,0.2364044040441513,1
palautumisen mekanismit,0.22554044425487518,1
paleolimnologia,0.14643265306949615,1
palimpsestit,0.26879385113716125,1
palkanlaskenta,0.593474268913269,1
palkansaajat,0.23164835572242737,1
palkat,0.4336363673210144,1
palkit,0.2676032781600952,1
palkitseminen,0.4640270173549652,1
palkitsemisjärjestelmät,0.28779831528663635,1
palkitsemisraportointi,0.2615385353565216,1
palkkaerot,0.33686596155166626,1
palkkajärjestelmät,0.37856045365333557,1
palkkatyö,0.5432223677635193,1
palkkaus,0.20713037252426147,1
palkkiot,0.17727714776992798,1
palladium,0.17991088330745697,1
palloilu,0.441904753446579,1
palloilulajit,0.32743194699287415,1
pallon lähtönopeus,0.28744837641716003,1
palomiehet,0.3085496425628662,1
palonestoaineet,0.16884742677211761,1
palpaatio,0.48790594935417175,1
palveleva johtajuus,0.41346558928489685,1
palvelimet,0.18548552691936493,1
palvelu,0.2646034359931946,1
palveluala,0.22060993313789368,1
palveluasuminen,0.2534099817276001,1
palvelujärjestelmä,0.18491078913211823,1
palvelujärjestelmät,0.41275274753570557,1
palvelukehittäminen,0.21533839404582977,1
palvelukeskeinen logiikka,0.3836217522621155,1
palvelukeskukset,0.20385688543319702,1
palveluketjut,0.15024374425411224,1
palvelukonsepti,0.39597848057746887,1
palveluliiketoiminta,0.22213296592235565,1
palveluliiketoimintamalli,0.2957437038421631,1
palvelulogiikka,0.26193347573280334,1
palvelumarkkinointi,0.23466023802757263,1
palvelumuotoilu,0.48555850982666016,1
palvelun laatu,0.539532482624054,1
palvelunestohyökkäys,0.35370638966560364,1
palveluntuottajat,0.2917199730873108,1
palveluohjaus,0.3560012876987457,1
palveluorganisaatio,0.18043212592601776,1
palvelupisteet,0.20961156487464905,1
palvelurobotti,0.34685465693473816,1
palvelusetelit,0.4814828038215637,1
palvelut,0.7749552726745605,1
palvelutalot,0.4422112703323364,1
palvelutarpeen arviointi,0.332332968711853,1
palvelutarpeet,0.22704799473285675,1
palvelutaso,0.3732903003692627,1
palvelutuotanto,0.6242381930351257,1
pandemiat,0.38530007004737854,1
pandemics,0.295805424451828,1
panel regression,0.14845867455005646,1
pankit,0.582272469997406,1
pankki,0.4480993449687958,1
pankkialan muutokset,0.21826210618019104,1
pankkikriisit,0.4349227845668793,1
pankkiliiketoiminta,0.28091666102409363,1
pankkipalvelut,0.6213259696960449,1
pankkisektori,0.29482588171958923,1
pankkisektorin ulkopuolinen rahoituksen välitys,0.3325829803943634,1
pankkisääntely,0.34991970658302307,1
panos-tuotosanalyysi,0.331657737493515,1
paper industry,0.28332164883613586,1
paperi,0.32122284173965454,1
paperitaide,0.26619642972946167,1
paperiteollisuus,0.3590606153011322,1
papisto,0.1360526978969574,0
par-ticipation,0.12879371643066406,0
paradigmat,0.40095198154449463,1
paradoksit,0.40345674753189087,1
paralingvistiikka,0.22798635065555573,1
paralogismit,0.18681779503822327,1
paralympialaiset,0.24365684390068054,1
parametrit,0.15209496021270752,1
paranormaalit ilmiöt,0.21933268010616302,1
parantaminen,0.14874260127544403,1
parantaminen (terveys),0.15868596732616425,1
parantuminen,0.344150185585022,1
parasites,0.27501553297042847,1
parasitism,0.16742156445980072,1
parasitismi,0.23305417597293854,1
parasocial interaction,0.1196703240275383,0
parasocial relationship,0.2324063777923584,1
parasosiaaliset suhteet,0.3994190990924835,1
parateksti,0.18853069841861725,1
parent,0.17399784922599792,1
parent-child relationship,0.27442485094070435,1
parental bonding,0.3650648891925812,1
parental monitoring,0.34710508584976196,1
parental wellbeing,0.2538079023361206,1
parenting,0.1671820729970932,1
parenting practices,0.2648639976978302,1
parents,0.5701000094413757,1
pareto-tehokkuus,0.20364917814731598,1
parisuhde,0.6939254403114319,1
parisuhdeongelmat,0.2924850583076477,1
parisuhdetyytyväisyys,0.25704699754714966,1
parisuhdeväkivallan tekijöiden ryhmäinterventio,0.3287796974182129,1
parisuhdeväkivallan vähentäminen,0.315875381231308,1
parisuhdeväkivalta,0.6390127539634705,1
parisuhteen rikastamisinterventio,0.2970128655433655,1
pariterapia,0.7054733037948608,1
pariterapian kriteerit,0.17756246030330658,1
parityöskentely,0.28529343008995056,1
parkour,0.541472852230072,1
parlamentaarinen puhe,0.3094731271266937,1
parlamentaarinen valvonta,0.18203189969062805,1
parlamentarismi,0.5226947665214539,1
parlamentit,0.4202052652835846,1
parlamentti,0.2134951949119568,1
parlamenttivaalit,0.26844725012779236,1
parliamentarism,0.23067091405391693,1
parliamentary debates,0.2163683921098709,1
partial differential equations,0.29541799426078796,1
partial proportional odds model,0.2630058825016022,1
participation,0.44104960560798645,1
participatory design,0.30702194571495056,1
participatory planning,0.25713881850242615,1
participatory voice,0.18881814181804657,1
particle accelerators,0.13247375190258026,0
particle decays,0.3075679838657379,1
particle physics,0.535444974899292,1
partio,0.26907336711883545,1
partner stalking,0.2718638777732849,1
partnership,0.22415460646152496,1
partonijakaumat,0.4396572411060333,1
partonimalli,0.3004628121852875,1
parvet,0.4217272102832794,1
parvorokko,0.17596787214279175,1
parvovirukset,0.3404485881328583,1
passive,0.14337293803691864,1
passive dosimetry,0.18795138597488403,1
passive radar,0.37668555974960327,1
passive recovery,0.29809045791625977,1
password manager,0.4653114974498749,1
passwords,0.5692603588104248,1
patch size,0.1817937046289444,1
patellofemoral syndrome(PFPS),0.22370728850364685,1
patent protection,0.1796560138463974,1
patentit,0.1138201355934143,0
paternal effect,0.2895697355270386,1
pathogens,0.25337404012680054,1
patient documents,0.2796053886413574,1
patoaminen,0.2508905529975891,1
patriarkaalisuus,0.15657548606395721,1
payment intention,0.2512342631816864,1
päästöskandaali,0.2569010257720947,1
peace,0.19135932624340057,1
peak alpha frequency,0.2932853698730469,1
pedagogic support,0.3142980635166168,1
pedagogical leadership,0.21422292292118073,1
pedagogical practice,0.2006862312555313,1
pedagogiikka,0.6089076399803162,1
pedagoginen  teoria,0.24217620491981506,1
pedagoginen ajattelu,0.1854259967803955,1
pedagoginen asiakirja,0.17748470604419708,1
pedagoginen dokumentointi,0.182315856218338,1
pedagoginen hyvinvointi,0.2128886878490448,1
pedagoginen jatkumo,0.22179608047008514,1
pedagoginen johtajuus,0.3018280565738678,1
pedagoginen johtajuus ja -johtaminen,0.156328022480011,1
pedagoginen johtaminen,0.49483412504196167,1
pedagoginen kompetenssi,0.23382438719272614,1
pedagoginen lisäarvo,0.25570422410964966,1
pedagoginen paradoksi,0.21979281306266785,1
pedagoginen periaate,0.16542290151119232,1
pedagoginen sisältötieto,0.29558759927749634,1
pedagoginen suunnittelu,0.18608318269252777,1
pedagoginen toimijuus,0.15538448095321655,1
pedagoginen toiminta,0.2586597204208374,1
pedagoginen työ,0.31294897198677063,1
pedagoginen vastuu,0.27159327268600464,1
pedagogisesti suunniteltu toiminta,0.37767285108566284,1
pedagogiset asiakirjat,0.3175209164619446,1
pedagogy,0.31808939576148987,1
pedagogy of higher education,0.16207915544509888,1
pedestrian conditions,0.19656126201152802,1
pedonvälttämiskäyttäytyminen,0.2843361794948578,1
peer effects,0.48471805453300476,1
peer relationships,0.36618003249168396,1
peer support,0.20948930084705353,1
peer-to-peer,0.39673110842704773,1
pehmeä informaatio,0.18494486808776855,1
pehmeä prosodia,0.3887973725795746,1
pelaajapolku,0.35827499628067017,1
pelaajat,0.6109021306037903,1
pelaaminen,0.6090593338012695,1
pelaamisen määrä,0.27022260427474976,1
pelastusala,0.23928001523017883,1
peli,0.44492107629776,1
peliala,0.35248154401779175,1
pelianalyysi,0.6498586535453796,1
pelien kautta oppiminen,0.21398453414440155,1
pelihahmot,0.24176640808582306,1
pelikehys,0.2299995720386505,1
pelikeskeinen oppiminen,0.22676140069961548,1
pelikirjasto,0.1929844319820404,1
pelikokemus,0.3227643668651581,1
pelillistäminen,0.40573355555534363,1
pelimoottori,0.25912418961524963,1
pelinkehitys,0.21651719510555267,1
peliohjelmointi,0.32526037096977234,1
pelisuunnittelu,0.3451111912727356,1
pelit,0.7997305989265442,1
peliteollisuus,0.4032351076602936,1
peliteoria,0.3940534293651581,1
pelitestaus,0.31635957956314087,1
pelitutkimus,0.5391849279403687,1
pelko,0.47962716221809387,1
pelkoehdollistaminen,0.412615567445755,1
pelot,0.3340069353580475,1
peltopyy,0.3455795645713806,1
penetraatiotestaus,0.32086464762687683,1
penkkipunnerrus,0.2465766817331314,1
penkkiurheilu,0.3585086762905121,1
pensasaita,0.18042518198490143,1
people with spinal cord injuries,0.36011821031570435,1
peptide-based gels,0.1633496880531311,1
peptides,0.19182629883289337,1
peptidit,0.29252609610557556,1
peptidoglykaanihydrolaasi,0.2241305559873581,1
perceived acquisition value,0.15858271718025208,1
perceived brand anthropomorphism,0.25984007120132446,1
perceived ease of use,0.4552941620349884,1
perceived powerlessness,0.37216222286224365,1
perceived threat,0.2526623010635376,1
perceived transaction value,0.1654592901468277,1
perceived value,0.3928709626197815,1
perception,0.2044835239648819,1
perception (activity),0.18012407422065735,1
perceptions,0.3068132996559143,1
perceptions (mental objects),0.2725471556186676,1
perceptual learning styles,0.12448588758707047,0
perehdyttäminen,0.48932841420173645,1
perfektionismi,0.21663297712802887,1
performance,0.33469706773757935,1
performance (capacity),0.33127331733703613,1
performance (physical capacity),0.4614102840423584,1
performance measurement,0.15113568305969238,1
performance profile,0.2154739946126938,1
performance tests,0.27018028497695923,1
performanssi,0.19772610068321228,1
performatiivisuus,0.5550705194473267,1
perhe,0.7323020696640015,1
perhe (ilmiöt),0.2651481032371521,1
perhe-elämä,0.4314953684806824,1
perheen demograafiset taustatekijät,0.3086411952972412,1
perheen ja uran vuorovaikutus,0.17166626453399658,1
perheen muutokset,0.14610831439495087,1
perheen valinnanvapaus,0.19192320108413696,1
perheenjäsenet,0.18307799100875854,1
perheet,0.8047049641609192,1
perheet (ryhmät),0.275170236825943,1
perhehoitajat,0.1546187400817871,1
perhehoito,0.6613177061080933,1
perheinstituutio,0.22996000945568085,1
perhekasvatus,0.24739335477352142,1
perhekeskeisyys,0.2711416184902191,1
perhekeskukset,0.40252530574798584,1
perhekuva,0.1279299557209015,0
perhekäsitykset,0.28278103470802307,1
perheliikunta,0.4948001503944397,1
perhelähtöisyys,0.4631372094154358,1
perherakenne,0.3597184121608734,1
perhesijoitus,0.25563696026802063,1
perhesuhteet,0.39509090781211853,1
perhesukupolvisuhde,0.43419986963272095,1
perhetausta,0.47478142380714417,1
perheterapia,0.5077183246612549,1
perhetrauma,0.3125600218772888,1
perhetyö,0.23245061933994293,1
perhevapaat,0.4509689211845398,1
perheviestintä,0.16332753002643585,1
perheväkivalta,0.4452870488166809,1
perheyrittäjyys,0.23480474948883057,1
perheyritykset,0.4674575626850128,1
perheyritys,0.4724965989589691,1
periaatteet,0.20153245329856873,1
periferiat,0.17323294281959534,1
perimenopaussi,0.32285237312316895,1
perimysjärjestys,0.2052740752696991,1
perimä,0.4039246737957001,1
perinnöllinen alttius,0.29414036870002747,1
perinnöllisyys,0.17418046295642853,1
perinnöllisyystiede,0.22883544862270355,1
perinnöt,0.17983520030975342,1
perinteinen organisaatio,0.2980397641658783,1
perinteiset opetusmenetelmät,0.41922178864479065,1
period-by-period comparison,0.3284672796726227,1
periostitis,0.17098645865917206,1
peripheral perception,0.22591176629066467,1
periphery,0.20314978063106537,1
periphyton,0.24379892647266388,1
periteksti,0.14314278960227966,1
peritoneaalidialyysi,0.24210047721862793,1
permeability,0.2172260731458664,1
permeation,0.1900399923324585,1
perseveraatio,0.40171438455581665,1
persistence,0.18446792662143707,1
persistent dyslexia,0.4597509205341339,1
person-centered research,0.1575106829404831,1
personal data,0.27907904982566833,1
personality,0.38204020261764526,1
personality traits,0.4099451005458832,1
personointi,0.37805813550949097,1
persoona,0.27489420771598816,1
persoonallinen viisaus,0.2632856070995331,1
persoonallisuuden piirteet,0.4683113396167755,1
persoonallisuus,0.6792755126953125,1
persuasion,0.3204023838043213,1
persuasion knowledge,0.29830339550971985,1
perturbatiivinen QFT,0.25222715735435486,1
perturbative QFT,0.3965652287006378,1
perukirjat,0.24985869228839874,1
peruskorjaus,0.17153960466384888,1
peruskoulu,0.8391059637069702,1
peruskoulujen rehtorit,0.19682548940181732,1
peruskoulukokemukset,0.15027065575122833,1
peruskoulun yläaste,0.2533722519874573,1
peruskoulutuskausi,0.3319200873374939,1
peruskyvykkyyksien lista,0.2657213509082794,1
peruslaskutaidon kehitys.,0.21789388358592987,1
peruslaskutaito,0.3221842050552368,1
perusoikeudet,0.37723344564437866,1
perusopetuksen opetussuunnitelman perusteet,0.24510039389133453,1
perusopetus,0.7559775114059448,1
perusopetuslaki,0.13027232885360718,0
perustaidot,0.3767983913421631,1
perustarpeet,0.5187212228775024,1
perusterveydenhuollon osastotyö,0.2494206726551056,1
perusterveydenhuolto,0.24353013932704926,1
perustoimeentulotuki,0.17350834608078003,1
perustuslait,0.43132439255714417,1
perustuslaki,0.29920145869255066,1
peräsuolisyöpä,0.3307996690273285,1
pesintä,0.24364696443080902,1
pessimism,0.2821040451526642,1
pessimismi,0.23860479891300201,1
pesäkekovettumatauti,0.305097371339798,1
pesänselvitys,0.25054478645324707,1
pesäpallo,0.6237190365791321,1
petroleum industry,0.24107517302036285,1
pharmaceutical device development,0.17468737065792084,1
pharmaceutical industry,0.30929815769195557,1
pharmaceutical markets,0.35609427094459534,1
pharmaceutical packaging development,0.1973496526479721,1
pharmaceuticals,0.14196717739105225,1
pharmacokinetics,0.21953235566616058,1
phase space methods,0.18648169934749603,1
phenomenography,0.18134251236915588,1
phenomenology,0.24888992309570312,1
phenomenon-based learning,0.26523834466934204,1
philosophy,0.4662460684776306,1
phishing,0.5081764459609985,1
phonetic awareness,0.21287620067596436,1
phonetics,0.32719412446022034,1
phonological awareness,0.1499585658311844,1
phonological short-term memory,0.1790066361427307,1
phonology,0.285294771194458,1
phonology (grammar),0.12913136184215546,0
phononic crystal,0.26644793152809143,1
phononic crystals,0.25467565655708313,1
phonons,0.4417194426059723,1
phosphorus,0.2654285430908203,1
phosphorylation,0.22560088336467743,1
photographs,0.1596681773662567,1
photons,0.12192026525735855,0
phototroph,0.2513618767261505,1
physical,0.15685130655765533,1
physical activeness,0.5100585222244263,1
physical activity,0.728137195110321,1
physical activity behaviors,0.13616272807121277,0
physical activity counseling,0.18463699519634247,1
physical activity relationship,0.25171828269958496,1
physical characteristics,0.32490274310112,1
physical chemistry,0.2803279757499695,1
physical education,0.19142985343933105,1
physical education student,0.20340591669082642,1
physical function,0.3294958770275116,1
physical intervention,0.2100781798362732,1
physical performance,0.16843664646148682,1
physical properties,0.356746643781662,1
physical qualities,0.38041406869888306,1
physical stress,0.2991391718387604,1
physical training,0.33700811862945557,1
physician executive,0.14475421607494354,1
physician leader,0.24922634661197662,1
physician leadership,0.1924598664045334,1
physics,0.383784681558609,1
physiology,0.2706916630268097,1
physiotherapy,0.5443624258041382,1
physiotherapy student,0.2969992756843567,1
phytochrome,0.4212515652179718,1
phytoplankton,0.23051591217517853,1
pianistit,0.2069796323776245,1
piano,0.18444634974002838,1
pianonsoitto,0.1641724556684494,1
pien- ja mikro-kokoluokan CHP-teknologiat,0.21724042296409607,1
pienen lapsen kehitys,0.2574111521244049,1
pienet ja keskisuuret yritykset,0.7280051112174988,1
pienet ja suuret kertomukset,0.25359663367271423,1
pienet lapset,0.4969674050807953,1
pieni yritys,0.26940467953681946,1
pienituloiset,0.19052141904830933,1
pienoismallit,0.2215118557214737,1
pienpanimot,0.24963046610355377,1
pienpeliharjoittelu,0.2622939348220825,1
pienpelit,0.20971457660198212,1
pienryhmäkeskustelu,0.20600472390651703,1
pienryhmämenetelmä,0.26876989006996155,1
pienryhmät,0.37213659286499023,1
piensijoittajat,0.3807638883590698,1
pientalot,0.275027334690094,1
pientilat,0.2402406632900238,1
pientuotanto,0.2730386257171631,1
pienvedet,0.16915185749530792,1
pienviljelijät,0.15244567394256592,1
pienyrittäjät,0.17065641283988953,1
pienyritykset,0.24313142895698547,1
pietsosähköherätteinen värähtelijä,0.22360758483409882,1
piikarbidi,0.2643584609031677,1
piilevä jännite,0.11842861771583557,0
piileväjäänteet,0.20666471123695374,1
piilevät,0.2065829634666443,1
piilo-opetussuunnitelmat,0.27490708231925964,1
piilokonflikti,0.16828863322734833,1
piimäsiika,0.2361016869544983,1
piirilevyt,0.13190658390522003,0
piirilääkärit,0.1484554260969162,1
pikajuoksu,0.3484969735145569,1
pikaviestintä,0.23700419068336487,1
pikaviestiohjelmat,0.21311116218566895,1
piktogrammit,0.20944753289222717,1
pilarit,0.27527153491973877,1
pillars,0.21829159557819366,1
pilottitutkimus,0.41767704486846924,1
pilvilaskenta,0.3551456928253174,1
pilvilaskenta. itseajava,0.15457546710968018,1
pilvipalvelu,0.23745492100715637,1
pilvipalveluntarjoaja,0.28395920991897583,1
pilvipalvelut,0.5541413426399231,1
pilvipohjainen ERP,0.2413378357887268,1
pimeä aine,0.43982619047164917,1
pimeä käytäntö,0.3683176636695862,1
pimeä myynti,0.19150562584400177,1
pinnaus,0.28937673568725586,1
pinnoitteet,0.09060482680797577,0
pintalukeminen,0.16960150003433228,1
pintaplasmonipolaritonit,0.2555946707725525,1
pintaplasmoniresonanssi,0.20319609344005585,1
piratismi,0.32022660970687866,1
pirstaloituminen,0.19042102992534637,1
pirstoutuminen,0.27817368507385254,1
pitkittäistutkimus,0.3030790388584137,1
pitkittynyt kipu,0.19028274714946747,1
pitkittäistutkimus,0.5526452660560608,1
pitkä matematiikka,0.2242192178964615,1
pitkäaikaisasunnottomuus,0.22096729278564453,1
pitkäaikaishoito,0.35826918482780457,1
pitkäaikaissairaus,0.3568878173828125,1
pitkäaikaistyöttömyys,0.36350977420806885,1
pitkäikäisyys,0.4310740530490875,1
pitkäkestoinen muisti,0.17913119494915009,1
pitkän iän salaisuus,0.2587238848209381,1
pituus,0.3707473874092102,1
pituusjakauma,0.2253623753786087,1
pituuskasvu,0.20405389368534088,1
pituuskasvun huippuvaihe,0.22304539382457733,1
pk-yritys,0.285208523273468,1
planeetat,0.3443152606487274,1
planeringsprocess,0.30897074937820435,1
plankton,0.29376211762428284,1
plantarflexion,0.2202749401330948,1
plasma (kaasu),0.24185819923877716,1
plasma (kaasut),0.21878527104854584,1
plasmatilavuus,0.17675508558750153,1
plasmodium cyst,0.20897576212882996,1
plasmodium-kysti,0.24174350500106812,1
plasmon,0.14672014117240906,1
plasmonit,0.15061403810977936,1
plastic,0.27598053216934204,1
plastic scintillator,0.17364375293254852,1
platform economy,0.26188167929649353,1
platina,0.34958258271217346,1
play experience,0.27238979935646057,1
playful learning,0.1348562240600586,0
playing (children's games),0.3072783052921295,1
plays and games,0.19833321869373322,1
pluralismi,0.3369450867176056,1
pluralismi-solidarismi-keskustelu,0.1761835664510727,1
plusotanta,0.23165641725063324,1
plyometria,0.34961241483688354,1
plyometrinen kuormitus,0.27042022347450256,1
podcastit,0.22071264684200287,1
poetiikka,0.2707272171974182,1
pohjaeläimet,0.3886623978614807,1
pohjaeläimistö,0.46651437878608704,1
pohjakerros,0.13148169219493866,0
pohjalliset,0.2922060787677765,1
pohjanlaatu,0.19283418357372284,1
pohjavesi,0.11063474416732788,0
pohjoismainen hyvinvointivaltio,0.12304503470659256,0
pohjoismainen sähkömarkkina,0.2311895191669464,1
pohkeet,0.14266377687454224,1
poikaset,0.40682485699653625,1
poikasnuotta,0.19748017191886902,1
poikkeava käyttäytyminen,0.30408045649528503,1
poikkeavuus,0.4152098000049591,1
poikkeavuusnegatiivisuus,0.31441619992256165,1
poikkeavuusnegatiivisuusvaste kuuloärsykkeissä (aMMN),0.24387170374393463,1
poikkeavuusvaste,0.3336758613586426,1
poikkeavuusvaste tuntoärsykkeissä (sMMR),0.27376776933670044,1
poikkeus- ja vaaratilanne,0.3189140856266022,1
poikkeusolot,0.3555731475353241,1
poikkeustila,0.24847754836082458,1
poikkikansallisuus,0.13481944799423218,0
poikkileikkaustutkimus,0.3709394335746765,1
poikuekoko,0.2581021189689636,1
poiskäännyttäminen,0.20657894015312195,1
poissaolo,0.27587956190109253,1
poissaolot,0.27945879101753235,1
poissulkeminen,0.14671091735363007,1
poistuvuus,0.15637384355068207,1
pojat,0.6833562254905701,1
pojat (ikäryhmät),0.48038622736930847,1
pokeri,0.3000665307044983,1
polarisaatio,0.38043755292892456,1
polarisaatio (yhteiskuntatieteet),0.3754301369190216,1
polarisation,0.20103631913661957,1
polariteetit,0.19967932999134064,1
pole mass,0.24013438820838928,1
poletit,0.2972497344017029,1
policies,0.3654670715332031,1
policy-analytiikka,0.2423970103263855,1
policy-analyysi,0.2930760383605957,1
poliisi,0.4080035388469696,1
poliisi (organisaatiot),0.25935399532318115,1
poliisit,0.22927965223789215,1
poliisiväkivalta,0.37376654148101807,1
poliitikot,0.510259747505188,1
poliittinen ekologia,0.1741226464509964,1
poliittinen epävakaisuus,0.4103376567363739,1
poliittinen filosofia,0.3015938699245453,1
poliittinen historia,0.509506106376648,1
poliittinen journalismi,0.41591086983680725,1
poliittinen keskustelu,0.18524576723575592,1
poliittinen kontrolli,0.4589671194553375,1
poliittinen kulttuuri,0.2815288305282593,1
poliittinen kuluttaminen,0.355271577835083,1
poliittinen käyttäytyminen,0.234986811876297,1
poliittinen osallistuminen,0.34424811601638794,1
poliittinen päätöksenteko,0.3588171899318695,1
poliittinen taide,0.19712454080581665,1
poliittinen taiteilija,0.21082577109336853,1
poliittinen toimijuus,0.3219684660434723,1
poliittinen toiminta,0.28706321120262146,1
poliittinen viestintä,0.3856586515903473,1
poliittiset järjestelmät,0.19500111043453217,1
poliittiset järjestöt,0.32518139481544495,1
poliittiset kriisit,0.2163090854883194,1
poliittiset liikkeet,0.1687752902507782,1
poliittiset valtiosihteerit,0.2844797968864441,1
poliittisuus,0.3986210227012634,1
politeness theory,0.16325964033603668,1
political communication,0.27978986501693726,1
political crises,0.1301751583814621,0
political culture,0.2558455765247345,1
political decision making,0.2935689687728882,1
political discourse,0.2556389570236206,1
political ecology,0.21191498637199402,1
political engagement/participation,0.16494505107402802,1
political grassroots movement,0.12820273637771606,0
political history,0.16672870516777039,1
political instability,0.24411970376968384,1
political participation,0.16980300843715668,1
political parties,0.1944728046655655,1
political philosophy,0.2926335334777832,1
political power,0.2044076919555664,1
political realism,0.33942896127700806,1
political satire,0.16422002017498016,1
politicians,0.23222024738788605,1
politics,0.4541971981525421,1
politics of education,0.21499024331569672,1
politics of memory,0.23682278394699097,1
politiikantutkimus,0.16592510044574738,1
politiikka,0.8683671951293945,1
politiikkainstrumentti,0.20718787610530853,1
politiikkaohjelmat,0.2688683569431305,1
politisoituminen,0.21261729300022125,1
pollution and resource tax,0.35328608751296997,1
polttoaineet,0.4092039167881012,1
polttomoottorikatalysaattori,0.10467252135276794,0
polunseuranta,0.342324435710907,1
polut,0.4039306640625,1
polvet,0.5137501955032349,1
polvileikkaus,0.1967879682779312,1
polvinivel,0.21081949770450592,1
polvinivelrikko,0.32619449496269226,1
polvivammat,0.4043182134628296,1
polyakryyliamidi,0.23643015325069427,1
polyaminoamidiepikloorihydriini,0.14423099160194397,1
polydispersity,0.3107122778892517,1
polymedia,0.1448592096567154,1
polymeerikemia,0.13433896005153656,0
polymeerit,0.3550240099430084,1
polymeraasiketjureaktio,0.32543841004371643,1
polymers,0.3192899227142334,1
polynomit,0.20719103515148163,1
polypropeeni,0.4493862986564636,1
polysomnography,0.2669849991798401,1
polystyreeni,0.16106608510017395,1
polystyrene,0.17483781278133392,1
ponnistus ja palkkion epätasapaino,0.4500387907028198,1
poorly-soluble,0.20919013023376465,1
popmusiikki,0.29372426867485046,1
poptaide,0.18143543601036072,1
populaarikulttuuri,0.38132262229919434,1
populaarilaulu,0.23054194450378418,1
populaarimusiikki,0.6645007133483887,1
populaatiogenetiikka,0.3252131938934326,1
populaatiomalli,0.15922445058822632,1
populaatiot,0.22783634066581726,1
popular culture,0.20129795372486115,1
population density,0.2846818268299103,1
population genetic structure,0.19442053139209747,1
population genetics,0.2265467643737793,1
populations,0.12674416601657867,0
populism,0.19997280836105347,1
populismi,0.2700907588005066,1
pornografia,0.16876889765262604,1
poro,0.26973655819892883,1
portfolionhallinta,0.4036160111427307,1
portfolios,0.42302531003952026,1
portfoliot,0.3150075674057007,1
portinvartiointi,0.17522910237312317,1
porvaristo,0.265261173248291,1
positiivinen ja negatiivinen kilpailumieliala,0.2709319293498993,1
positiivinen ja negatiivinen synkronia,0.2782534956932068,1
positiivinen mielenterveys,0.2955455482006073,1
positiivinen palaute,0.3045070469379425,1
positiivinen pedagogiikka,0.47260603308677673,1
positiivinen psykologia,0.46484294533729553,1
positiivinen suhtautuminen,0.21650761365890503,1
positiivisen kehityksen teoria,0.30660945177078247,1
positiiviset tunnekokemukset,0.20807911455631256,1
positiivisuus,0.417444109916687,1
positio,0.2622135877609253,1
positiointiteoria,0.40215203166007996,1
positioning,0.22197848558425903,1
positions,0.23791930079460144,1
posititointiteoria,0.22384367883205414,1
positive mood,0.2463919222354889,1
positive psychology,0.1850764900445938,1
post-Otaku,0.2781258225440979,1
post-byrokatia.,0.26738500595092773,1
post-completion audit,0.2828647494316101,1
post-kommunismi,0.2376333326101303,1
post-merger IT integration,0.34621158242225647,1
post-separation stalking domestic violence,0.3544648587703705,1
post-traumatic representation,0.12218311429023743,0
post-war,0.2513347268104553,1
posthumanismi,0.5266092419624329,1
postimyynti,0.17410247027873993,1
postkoloniaalinen kirjallisuudentutkimus,0.1993894726037979,1
postkolonialismi,0.3705797791481018,1
postkommunismi,0.19887875020503998,1
postmoderni,0.5139536261558533,1
postmodernismi,0.5798070430755615,1
postmodernity,0.30076971650123596,1
postoidipaalinen,0.24107234179973602,1
postoperatiivinen hoito,0.2220972776412964,1
postsosialismi,0.39362385869026184,1
poststructuralism,0.22223542630672455,1
posttraumaattinen representaatio,0.19926732778549194,1
postural balance,0.2784776985645294,1
potassium,0.19257965683937073,1
potentiaali,0.38406386971473694,1
potilaan kotiuttaminen,0.28325989842414856,1
potilaat,0.2937367260456085,1
potilasasiakirjat,0.32045456767082214,1
potilasneuvonta,0.31898924708366394,1
potilasohjaus,0.2845058739185333,1
potilasyhdistykset,0.3401961922645569,1
poverty,0.17063947021961212,1
powders,0.14316138625144958,1
power,0.3510894477367401,1
power (societal objects),0.2802121937274933,1
power of caring,0.30791357159614563,1
power politics,0.511271059513092,1
power relations,0.24366307258605957,1
practice,0.1371673345565796,0
practice architectures,0.26124924421310425,1
practice work,0.15549726784229279,1
pragmaattinen modaliteetti,0.22986571490764618,1
pragmatiikka,0.4377498924732208,1
pragmatismi,0.21338151395320892,1
pre- ja postoperatiivinen fysioterapia,0.3163774907588959,1
pre-school,0.22617296874523163,1
pre-school education,0.1688174456357956,1
pre-service teachers,0.4319610595703125,1
predaatio,0.3813064694404602,1
prediabetes,0.14754226803779602,1
predictability,0.25623682141304016,1
prediction,0.22619353234767914,1
prediction effect,0.18083220720291138,1
predictive analysis,0.18645969033241272,1
predictive analytics,0.295672744512558,1
predikaatti,0.317048043012619,1
prefiguratiivinen kulttuuri,0.2186596542596817,1
prekariaatti,0.5274792313575745,1
prekarisaatio,0.16135159134864807,1
preoperatiivinen hoito,0.2809566557407379,1
prepulse inhibitio,0.2717524468898773,1
preschool children (age group),0.3246740400791168,1
presence,0.29595082998275757,1
presidential elections,0.16070330142974854,1
presidentinvaalit,0.39766544103622437,1
presidentit,0.3871215879917145,1
press,0.23718421161174774,1
prevention,0.3839721083641052,1
price discount,0.1673102229833603,1
prices,0.34633004665374756,1
pricing,0.22400100529193878,1
pricing models,0.24618354439735413,1
primary school,0.2504342794418335,1
priming,0.38579538464546204,1
primitiivinen juuri,0.19657796621322632,1
primitiivinen tieto,0.15936551988124847,1
primäärisukkessio,0.1695079207420349,1
principal component analysis,0.3491083085536957,1
principal’s instructional leadership,0.24260345101356506,1
principles,0.14692005515098572,1
prinsessat,0.2995971143245697,1
priorisointi,0.46394118666648865,1
prioritisation,0.4363076984882355,1
privacy,0.6092710494995117,1
privacy policy,0.3118884563446045,1
pro gradu -tutkielmat,0.4405710697174072,1
pro gradu tutkielma sävellysprosessi metallimusiikki säveltäjä tietokoneohjelma Cubase,0.4401834309101105,1
pro-environmental behaviour,0.3874818980693817,1
proaktiivinen etiikka,0.3408774435520172,1
proaktiivisuus,0.3428237736225128,1
probability,0.364079087972641,1
probit-malli,0.2564367651939392,1
problems,0.27446818351745605,1
process automation,0.2958359718322754,1
processes,0.3804328441619873,1
product Stewardship,0.26038506627082825,1
product experience management,0.30406004190444946,1
product information,0.24852991104125977,1
product information management,0.32504597306251526,1
product market competition,0.17340517044067383,1
productivity,0.3048885762691498,1
produktiivisuus,0.3612717092037201,1
professio,0.26378872990608215,1
professionaalinen vuorovaikutussuhde,0.23139947652816772,1
professional agency,0.2630442976951599,1
professional development,0.5300309658050537,1
professional growth,0.21925780177116394,1
professional identity,0.4160832166671753,1
professional learning,0.24851876497268677,1
professional skills,0.15415164828300476,1
professional-service businesses,0.35332444310188293,1
professionaliation,0.15498705208301544,1
professionalismi,0.5753514766693115,1
professiot,0.5271483659744263,1
prognosis,0.2506667673587799,1
programming,0.3553439676761627,1
programming languages,0.1819554567337036,1
progress,0.09725578874349594,0
project learning,0.208930104970932,1
project management,0.4734739363193512,1
projects,0.352742999792099,1
projekti,0.2593064606189728,1
projektijohtaminen,0.18023818731307983,1
projektinhallinta,0.5459012389183044,1
projektioppiminen,0.5180894136428833,1
projektipäällikkö,0.4031115174293518,1
projektipäälliköt,0.5318509340286255,1
projektit,0.673636794090271,1
projektityö,0.29070448875427246,1
projektiviestintä,0.3257102072238922,1
promootiokulttuuri,0.3205324113368988,1
promoter,0.2695316970348358,1
promoting learner autonomy,0.33859458565711975,1
promoting sustainability,0.26083889603614807,1
prompt engineering,0.22604522109031677,1
pronaatio,0.26710543036460876,1
pronunciation,0.36457163095474243,1
pronunciation in textbooks,0.1809246689081192,1
pronunciation teaching,0.4056091904640198,1
propaganda,0.41888025403022766,1
prophylaxis,0.22095850110054016,1
proportional odds model,0.28957509994506836,1
propriocetion,0.3218374252319336,1
proprioseptiikka,0.5086021423339844,1
proseduraalinen,0.27459433674812317,1
prosenttitaide,0.2446378916501999,1
prosessi,0.18903450667858124,1
prosessiautomaatio,0.2806583046913147,1
prosessidraama,0.12588711082935333,0
prosessijohtaminen,0.25914400815963745,1
prosessikehitys,0.2491908073425293,1
prosessikirjoittaminen,0.2836334705352783,1
prosessimallinnus,0.28689125180244446,1
prosessinohjaus,0.22959977388381958,1
prosessit,0.5261402130126953,1
prosessuaalinen retoriikka,0.41207146644592285,1
prosodi,0.340999037027359,1
prosodiikka,0.42556068301200867,1
prosody,0.35679003596305847,1
prosopografia,0.22173219919204712,1
prososiaalisuus,0.26044872403144836,1
prospective reserve,0.19782038033008575,1
prostituoidut,0.21519441902637482,1
prostituutio,0.3751406967639923,1
protection of privacy,0.2717953026294708,1
proteesit,0.33872222900390625,1
proteiinimetabolia,0.3230082094669342,1
proteiinipainotteinen ruokavalio,0.21027818322181702,1
proteiinit,0.5638198256492615,1
protein restriction,0.24533376097679138,1
proteins,0.3593811094760895,1
protestileirit,0.27464234828948975,1
protestiparadigma,0.2697584927082062,1
protestit,0.2184430956840515,1
protists,0.19428160786628723,1
protokollaanalyysi,0.5023592710494995,1
protokollat,0.6368083953857422,1
protokollat (tietoliikenne),0.2585732638835907,1
proton drip line,0.21247290074825287,1
proton-rich nuclides,0.14827822148799896,1
protonit,0.37252357602119446,1
protons,0.17099720239639282,1
prototype development,0.17206548154354095,1
prototypointi,0.37936627864837646,1
prototyypit,0.5448393821716309,1
proximal policy optimisation,0.1796618402004242,1
psalmit,0.33534228801727295,1
pseudolohkolause,0.2919970154762268,1
psychobiosocial states,0.30738136172294617,1
psychological characteristics,0.27999016642570496,1
psychological coaching,0.3960318863391876,1
psychological distress,0.2917488217353821,1
psychological flexibility,0.2341805100440979,1
psychological safety,0.33749714493751526,1
psychological well-being,0.2811058461666107,1
psychology,0.249540314078331,1
psychophysiology,0.30344370007514954,1
psychotherapy,0.2643807828426361,1
psykiatriset potilaat,0.2103232890367508,1
psykiatriset sairaalat,0.21419601142406464,1
psykoanalyysi,0.25030726194381714,1
psykoanalyysi.,0.22548620402812958,1
psykoanalyyttinen teoria,0.17501825094223022,1
psykoanalyyttiset teoriat,0.15920789539813995,1
psykobiososiaalinen tila,0.3021714985370636,1
psykodynaaminen ohjaus,0.3235858082771301,1
psykodynamiikka,0.19505859911441803,1
psykoedukaatio,0.4032946527004242,1
psykofysiologia,0.24899791181087494,1
psykofyysinen fysioterapia,0.3078162968158722,1
psykofyysinen näkökulma,0.137992262840271,0
psykolingvistiikka,0.373881995677948,1
psykologia,0.5022684931755066,1
psykologinen hyvinvointi,0.39290568232536316,1
psykologinen irrottautuminen,0.5082085132598877,1
psykologinen joustamattomuus,0.2645249366760254,1
psykologinen joustavuus,0.5517461895942688,1
psykologinen kontrolli,0.43470442295074463,1
psykologinen stressi,0.23350918292999268,1
psykologinen turvallisuus,0.3163914978504181,1
psykologinen tutkimus,0.30801713466644287,1
psykologisten perustarpeiden tyydyttyminen ja tukahduttaminen,0.4297183156013489,1
psykologit,0.3125177025794983,1
psykopolitiikka,0.2814105153083801,1
psykosomaattinen oirehdinta,0.3814128339290619,1
psykosomatiikka,0.32102078199386597,1
psykososiaalinen hyvinvointi,0.4438490569591522,1
psykososiaalinen oireilu,0.3200828433036804,1
psykososiaalinen työympäristö,0.2177969068288803,1
psykososiaalisen turvallisuuden ilmapiiri,0.22104452550411224,1
psykososiaaliset tekijät,0.2679004669189453,1
psykoterapeutit,0.226878359913826,1
psykoterapeutti,0.2186679244041443,1
psykoterapeuttinen muutos,0.42056363821029663,1
psykoterapia,0.7044801115989685,1
psyyke,0.16119037568569183,1
psyykkinen,0.17331379652023315,1
psyykkinen harjoittelu,0.3004172444343567,1
psyykkinen hyvinvointi,0.44093549251556396,1
psyykkinen irtautuminen työstä,0.2747684419155121,1
psyykkinen kiusaaminen,0.275316059589386,1
psyykkinen kuormittavuus,0.38194790482521057,1
psyykkinen oireilu,0.33742770552635193,1
psyykkinen turvallisuus,0.26498541235923767,1
psyykkinen valmennus,0.4371640980243683,1
psyykkisesti oireileva oppilas,0.23706962168216705,1
psyykkiset taidot,0.2644708752632141,1
psyykkiset voimavarat,0.14626814424991608,1
puberty,0.3375261425971985,1
public administration,0.29436159133911133,1
public buildings,0.23499323427677155,1
public discussion,0.3257726728916168,1
public education,0.16980868577957153,1
public governance renewal,0.2859494984149933,1
public health service,0.3396908938884735,1
public perception,0.1403682380914688,1
public procurements,0.2367950826883316,1
public relations,0.31080859899520874,1
public sector,0.34303292632102966,1
public sector branding,0.2627708315849304,1
public sector communication,0.23770824074745178,1
public speaking,0.2616100013256073,1
public venue recycling,0.26258420944213867,1
pudotushyppy,0.3387870788574219,1
puettava liikesensoriikka,0.3231721520423889,1
puettava teknologia,0.386143296957016,1
puettavat laitteet,0.3418487310409546,1
puhallinorkesterit,0.18306739628314972,1
puhallinsoittimet,0.2517135739326477,1
puhdistamoliete,0.2939146161079407,1
puhe,0.41003501415252686,1
puhe (puhuminen),0.21341118216514587,1
puheeksi ottaminen,0.282134085893631,1
puheeksiotto,0.23005011677742004,1
puheen ja kielen häiriöt,0.18203341960906982,1
puheen kehitys,0.2142799198627472,1
puheenjohtajat,0.11826411634683609,0
puheenjohtajuus,0.3478580415248871,1
puheet,0.2511056661605835,1
puhefunktio,0.18829351663589478,1
puhehäiriöt,0.20547334849834442,1
puhekieli,0.30923542380332947,1
puhetapa,0.09439094364643097,0
puheteknologia,0.18134942650794983,1
puhetta tukeva ja korvaava kommunikaatio,0.13708114624023438,0
puhetta tukeva ja korvaava kommunikointi,0.1521451622247696,1
puheviestintä,0.23667578399181366,1
puheviestintä,0.7687805891036987,1
puhuttelumuodot,0.3271138370037079,1
puistot,0.2635611295700073,1
pukeutuminen,0.15616567432880402,1
pukeutumistutkimus,0.1978873312473297,1
pula-ajat,0.18701262772083282,1
pulmonary ventilation,0.19192714989185333,1
pulp mill effluent,0.2604553997516632,1
pulse,0.3203866183757782,1
pulssi,0.23975825309753418,1
pulssivälivaihtelu,0.3273051679134369,1
pumput,0.34996458888053894,1
punahukka,0.23432332277297974,1
punaorvot,0.2656603455543518,1
punk,0.2504870295524597,1
punk rock,0.2565695643424988,1
punkit,0.1760411411523819,1
puola,0.26132825016975403,1
puolisohoiva,0.14166034758090973,1
puolisot,0.3073379397392273,1
puolistrukturoitu haastattelu,0.28656142950057983,1
puolue,0.20003053545951843,1
puolueet,0.42082011699676514,1
puolueettomuus,0.3283398151397705,1
puoluejohtajat,0.2368050366640091,1
puoluetutkimus,0.3216606676578522,1
puolustautuminen,0.23370148241519928,1
puolustusmekanismit (biologia),0.3071081340312958,1
puolustusvoimat,0.31707119941711426,1
pupils with special needs,0.20077642798423767,1
purchase intent,0.15133832395076752,1
purchasing,0.33266207575798035,1
purification,0.2216518670320511,1
purjehdus,0.3022751212120056,1
purkaminen,0.23412247002124786,1
purkaminen (osiin),0.24515056610107422,1
purot,0.24023190140724182,1
push-to-talk,0.3667307496070862,1
puu,0.18400007486343384,1
puubiomassa,0.15499630570411682,1
puukemia,0.23448272049427032,1
puukirkot,0.24277129769325256,1
puulajintunnistus,0.20907126367092133,1
puulajit,0.2706080675125122,1
puunkorjuu,0.17814289033412933,1
puurakennukset,0.22498801350593567,1
puurakentaminen,0.1337883621454239,0
puurakenteet,0.19563810527324677,1
puusto,0.3060246407985687,1
puut (kasvit),0.27144432067871094,1
puutaloteollisuus,0.20399196445941925,1
puutarha,0.2975011467933655,1
puutarhakaupungit,0.22427451610565186,1
puutarhakaupunkiaate,0.3475421965122223,1
puutarhamatkailu,0.3007098436355591,1
puutarhat,0.4216296672821045,1
puutiaiset,0.3467952311038971,1
puuttuminen,0.2576456665992737,1
pyhä,0.13128046691417694,0
pyreeni,0.37390846014022827,1
pyridinium salts of inorganic anions,0.22859470546245575,1
pyrolyysi,0.1631123274564743,1
pyrolyysianalyysi,0.12437613308429718,0
pystyvyys,0.2855888307094574,1
pystyvyyskäsitykset,0.28735998272895813,1
pystyvyysuskomukset,0.19157521426677704,1
pysyvyys,0.20278827846050262,1
pyyhkäisyelektronimikroskooppi,0.1405065655708313,1
pyöräilijät,0.29500311613082886,1
pyöräily,0.5445361733436584,1
pyöräilyn olosuhteet,0.37420162558555603,1
pyörätiet,0.37996184825897217,1
pyörökeskiö,0.27201002836227417,1
pyörökirkko,0.3301089406013489,1
päihdehuolto,0.3349871039390564,1
päihdekuntoutujat,0.2221725881099701,1
päihdekäyttö,0.14729832112789154,1
päihdeongelmaiset,0.5630173087120056,1
päihdeongelmat,0.39110666513442993,1
päihdepalvelut,0.2817065119743347,1
päihderiippuvuus,0.3723246455192566,1
päihdetutkimus,0.23804058134555817,1
päihteet,0.529457151889801,1
päihteidenkäyttö,0.4513857662677765,1
päivittäinen tupakointi,0.34839457273483276,1
päivittäisdraama,0.1993565410375595,1
päivittäistavarakauppa,0.3538030982017517,1
päivittäistavarat,0.24611620604991913,1
päivitys,0.36529669165611267,1
päivystys,0.47040799260139465,1
päiväastesumma,0.21096813678741455,1
päivähoitajat,0.1991475522518158,1
päivähoito,0.7423768043518066,1
päivähoito instituutiona,0.2862014174461365,1
päivähoitohenkilöstö,0.29514968395233154,1
päiväkirja,0.33745187520980835,1
päiväkirjamenetelmä,0.19730177521705627,1
päiväkirjaromaanit,0.3691157102584839,1
päiväkirjat,0.5708437561988831,1
päiväkirjatutkimus,0.2571549713611603,1
päiväkodin johtaja,0.21981674432754517,1
päiväkodin johtajan työnkuva,0.1997683197259903,1
päiväkodin johtajuus,0.40408092737197876,1
päiväkodin vaihto,0.32831835746765137,1
päiväkodit,0.8480881452560425,1
päiväkoti,0.5434302687644958,1
päiväkotikoulu,0.23875920474529266,1
päiväkotilapset,0.36588436365127563,1
päiväkotivalinta,0.2800343334674835,1
päiväryhmätoiminta,0.2539309561252594,1
päivätoiminta,0.1607549637556076,1
päiväväsymys,0.16003553569316864,1
pätevyys,0.47492074966430664,1
pätevä tieto,0.14165006577968597,1
pätkätyö,0.2827889621257782,1
pääideaalialue,0.24380861222743988,1
pääkirjoitukset,0.32096174359321594,1
pääkomponenttianalyysi,0.306102991104126,1
päällekkäistyminen,0.3477913439273834,1
päämiehen etu,0.28590402007102966,1
päämies-agenttiteoria,0.21714890003204346,1
päämäärärationaalinen toiminta,0.19890514016151428,1
päänsärky,0.48540768027305603,1
pääoma,0.2581678628921509,1
pääomamarkkinat,0.31096404790878296,1
päästökauppa,0.3707960844039917,1
päästöt,0.509821891784668,1
pääsykokeet,0.39176079630851746,1
päätetyö,0.23907551169395447,1
päätoimittajat,0.18569211661815643,1
päättöarviointi,0.42788735032081604,1
päätöksenteko,0.7424509525299072,1
päätöksentekoprosessi,0.31077244877815247,1
päätöksentukijärjestelmät,0.3369390666484833,1
päätökset,0.21588070690631866,1
päätösteoria,0.3177700340747833,1
pörssit,0.260785847902298,1
pörssiyhtiöt,0.578461229801178,1
qPCR,0.22915096580982208,1
qcd,0.2047363817691803,1
quadrupole mass spectrometer,0.13187672197818756,0
qualification requirements,0.2727452218532562,1
qualifications,0.25016242265701294,1
qualitative analysis,0.27785465121269226,1
qualitative content analysis,0.29072272777557373,1
qualitative data analysis,0.10718484967947006,0
qualitative inhaltsanalyse,0.21411815285682678,1
qualitative research,0.31553295254707336,1
quality,0.4886353313922882,1
quality leadership,0.275190532207489,1
quality of crisis communication,0.270967960357666,1
quality of life,0.44941723346710205,1
quality signals,0.1937520056962967,1
quantitative polymerase chain reaction (qPCR),0.13600178062915802,0
quantum chromodynamics,0.2767101228237152,1
quantum field theory,0.3579694628715515,1
quantum mechanics,0.4619693160057068,1
quantum yield,0.18930339813232422,1
quark gluon plasma,0.19714845716953278,1
quarkonium,0.32355162501335144,1
quarks,0.20850390195846558,1
queer,0.35923245549201965,1
queer literature,0.19537438452243805,1
queer representation,0.21832163631916046,1
queer studies,0.30598607659339905,1
queer theory,0.20811395347118378,1
queer-kirjallisuus,0.13509505987167358,0
queer-tutkimus,0.29805123805999756,1
questionnaire study,0.1939062923192978,1
questionnaire survey,0.19900813698768616,1
quiet eye,0.37608981132507324,1
r-process,0.27610620856285095,1
rDNA,0.20567750930786133,1
raamatunkäännökset,0.19993077218532562,1
racism,0.3279443383216858,1
radars,0.19495292007923126,1
radiation,0.42929378151893616,1
radiation doses,0.10040546208620071,0
radiation induced attenuation,0.1893182396888733,1
radiation physics,0.12955693900585175,0
radiation safety,0.22910068929195404,1
radiation therapy QA,0.1115005686879158,0
radiative forcing,0.23623152077198029,1
radikaali,0.1958722025156021,1
radikaali ja pluraali demokratia,0.23829585313796997,1
radikaali sosiaalityö,0.1921301931142807,1
radikaaliligandi,0.21864770352840424,1
radikalisaatio,0.40171298384666443,1
radikalismi,0.2694627344608307,1
radio,0.3118463158607483,1
radio networks,0.18895728886127472,1
radio propagation,0.33984631299972534,1
radio-ohjelmat,0.3095930516719818,1
radio-photoluminescence,0.25679948925971985,1
radioactivity,0.2425297200679779,1
radioaktiivinen laskeuma,0.25897860527038574,1
radioaktiivisuus,0.22951127588748932,1
radiohiili,0.15495258569717407,1
radiohiiliajoitus,0.17293234169483185,1
radiotherapy,0.10292516648769379,0
radiotherapy QA,0.10934252291917801,0
radioverkot,0.29479485750198364,1
raha,0.456822007894516,1
rahake,0.5172870755195618,1
rahankeräys,0.16423985362052917,1
rahapelaaminen,0.4229864478111267,1
rahapelikäyttäytyminen,0.39366415143013,1
rahapeliongelma,0.2617565095424652,1
rahapelit,0.34078076481819153,1
rahapolitiikka,0.4508698582649231,1
rahastot,0.5311565399169922,1
rahateoria,0.1800547093153,1
rahkasammalet,0.2252378910779953,1
rahoitus,0.5353421568870544,1
rahoitusala,0.4012773633003235,1
rahoituslaitokset,0.22606630623340607,1
rahoitusmallit,0.22892814874649048,1
rahoitusmarkkinat,0.5543898940086365,1
rahvas,0.3128755986690521,1
raiskaus,0.31166982650756836,1
raja,0.2205161303281784,1
raja-alueet,0.166580930352211,1
rajankäynti,0.11682015657424927,0
rajaobjektiteoria,0.2371988296508789,1
rajapinnat (tietokoneohjelmat),0.275686115026474,1
rajapinta,0.2925959527492523,1
rajat,0.21436616778373718,1
rajoittunut tieto,0.24757355451583862,1
rajoitukset,0.29542791843414307,1
rakenne,0.40007680654525757,1
rakenne (ominaisuudet),0.24738985300064087,1
rakennemuutos,0.5378114581108093,1
rakennettu ympäristö,0.35089388489723206,1
rakennukset,0.512688934803009,1
rakennusaineet,0.15058273077011108,1
rakennushistoria,0.47482195496559143,1
rakennusjätteet,0.22921091318130493,1
rakennusmestarit,0.22447441518306732,1
rakennusperinne,0.2463497817516327,1
rakennusperintö,0.45443373918533325,1
rakennussuojelu,0.33273300528526306,1
rakennussuunnittelu,0.12351568043231964,0
rakennusteollisuus,0.4634321630001068,1
rakennusvalvonta,0.14366063475608826,1
rakennuttaminen,0.16611041128635406,1
rakentaminen,0.4380040466785431,1
rakentava journalismi,0.3082466721534729,1
rakenteellinen eriarvoisuus,0.21235357224941254,1
rakenteellinen homologia,0.23821906745433807,1
rakenteellinen muutos,0.24208272993564606,1
rakenteellinen sosiaalityö,0.546599268913269,1
rakenteellinen väkivalta,0.32420533895492554,1
rakenteet,0.2464573234319687,1
rakenteiden synty,0.37658146023750305,1
rakenteinen,0.34279516339302063,1
rakenteistumisen teoria,0.21919237077236176,1
rakenteistumisteoria,0.2177884429693222,1
rakkaus,0.1869584321975708,1
rakkaussuhde,0.23047924041748047,1
rakkoloisio,0.2991254925727844,1
random forest,0.18061870336532593,1
random reward mechanism,0.3553191125392914,1
randomized,0.32966163754463196,1
rangaistukset,0.3271242082118988,1
rangan deformiteetti,0.30766934156417847,1
rannat,0.20727400481700897,1
rannelaukaus,0.17588473856449127,1
ranska-suomi opetus,0.20166970789432526,1
ranskalaiset,0.15468254685401917,1
ranskan kieli,0.630450963973999,1
ranskankielinen opetus,0.26891836524009705,1
rantatyyppi,0.20048028230667114,1
rantavyöhyke,0.284567654132843,1
rantavyöhykkeet,0.4139239192008972,1
rap,0.3299592137336731,1
rapid automatized naming,0.2063065618276596,1
raportit,0.2403074949979782,1
raportoinnin sävy,0.2051556557416916,1
raportointi,0.6487029790878296,1
rasismi,0.6236096620559692,1
rasite,0.5308968424797058,1
rasitteet,0.27055537700653076,1
rasitusvammat,0.37985360622406006,1
raskaat kvarkit,0.2968219220638275,1
raskasmetallit,0.26605933904647827,1
raskaus,0.18273115158081055,1
rasterointi,0.37398460507392883,1
rasva-aineenvaihdunta,0.3429417908191681,1
rasva-arvot,0.45276564359664917,1
rasvahapot,0.4714066684246063,1
rasvakudokset,0.2771916687488556,1
rasvamaksa,0.4304216504096985,1
rasvamassa,0.3209008276462555,1
rasvan massa,0.3809869885444641,1
rasvaprosentti,0.33672431111335754,1
rasvat,0.2491762489080429,1
rasvaton massa,0.368301123380661,1
rat,0.2042686492204666,1
rate of force development,0.44112929701805115,1
rationaalisuus,0.3187817931175232,1
ratkaisukeinot,0.16481046378612518,1
ratkaisukeskeisyys,0.3251146376132965,1
ratsastus,0.16943064332008362,1
ratsastusterapia,0.49111777544021606,1
rauduskoivu,0.2859790027141571,1
rauha,0.35786929726600647,1
rauhaan palaaminen,0.2985146641731262,1
rauhankasvatus,0.1566716432571411,1
rauhanneuvottelut,0.24984923005104065,1
rauhanrakennus,0.4477135241031647,1
rauhanturvaajat,0.27660566568374634,1
rauhanvälitys,0.33198121190071106,1
rauta,0.3775995671749115,1
rautatieasema,0.18647882342338562,1
rautatieasemat,0.17451447248458862,1
rautatiet,0.21119174361228943,1
rautu (Salvelinus alpinus (L),0.2857673168182373,1
ravinnon muuntotehokkuus,0.2455221563577652,1
ravinnonkulutus,0.2577539086341858,1
ravinnonkäyttö,0.1928628385066986,1
ravinnonsaanti,0.2918733060359955,1
ravinnonvalinta,0.26628249883651733,1
ravinteet,0.4007813632488251,1
ravinto,0.5802016854286194,1
ravinto- ja nautintoaineteollisuus,0.320545494556427,1
ravintoainevalmisteet,0.39956367015838623,1
ravintoarvo,0.3616522550582886,1
ravintokäyttäytyminen,0.29049527645111084,1
ravintolat,0.4802500307559967,1
ravintolisä,0.17812533676624298,1
ravintorasvat,0.17028580605983734,1
ravintoresurssin ajallinen vaihtelu,0.18243131041526794,1
ravintoverkot,0.3671225905418396,1
ravitsemus,0.7195017337799072,1
ravitsemuskasvatus,0.18734781444072723,1
ravitsemuskäyttäytyminen,0.3950352370738983,1
ravitsemusneuvonta,0.09105464816093445,0
ravitsemusosaamiskysely,0.3432568609714508,1
ravitsemussuositukset,0.16595244407653809,1
ravitsemustottumukset,0.31598982214927673,1
re-representaatio,0.14470486342906952,1
re-representation,0.14147470891475677,1
reaaliaikainen,0.2878879904747009,1
reaaliaikaisuus,0.18350066244602203,1
reaaliaineet,0.23864813148975372,1
reaalianalyyttiset funktiot,0.13861455023288727,0
reaction time (RT),0.2988791763782501,1
reactions,0.265036016702652,1
reader's theater,0.2809924781322479,1
readiness to lead,0.24191266298294067,1
reading,0.21718405187129974,1
reading development,0.3435739278793335,1
ready-made,0.12589338421821594,0
reaktiivinen ohjelmointi,0.24949052929878235,1
reaktioaika,0.3710425794124603,1
reaktiot,0.6508896946907043,1
real-time,0.24443818628787994,1
real-time investigation,0.20348896086215973,1
realismi (politiikka),0.3005146086215973,1
realismi (taide),0.4605357348918915,1
realistinen taide,0.15690843760967255,1
rebound,0.1946108192205429,1
reception center,0.16419312357902527,1
recognition,0.30767151713371277,1
recommend intention,0.3141453266143799,1
recommendation model,0.20130807161331177,1
reconstruction,0.13742509484291077,0
recovery,0.4497445821762085,1
recovery (return),0.23891299962997437,1
recreational pole dancing,0.29423990845680237,1
recruitment of employees,0.3823654353618622,1
recycling,0.4419974982738495,1
reduktio (filosofia),0.35676074028015137,1
refaktorointi,0.2579806447029114,1
referenssipisteotanta,0.22358828783035278,1
referointi,0.3581022322177887,1
reflective process,0.5429031848907471,1
refleksiivinen kontrolli,0.383486270904541,1
refleksiivisyys,0.36776188015937805,1
refleksit,0.42814961075782776,1
reflektiivinen keskustelu,0.3027743697166443,1
reflektiivinen temaattinen analyysi,0.3496357500553131,1
reflektiiviset prosessit,0.39823874831199646,1
reflektio,0.5952082872390747,1
reflektointi.,0.2420516014099121,1
reforms,0.2343822419643402,1
refugee education,0.2739184498786926,1
refugeedom,0.19393883645534515,1
refugees,0.4145963191986084,1
regime switching,0.26026272773742676,1
regional development,0.2884281575679779,1
regional security complex,0.2172269970178604,1
regressioanalyysi,0.6493100523948669,1
regression analysis,0.3801206350326538,1
regressiotestaus,0.5154571533203125,1
regularization,0.26435625553131104,1
regulation (control),0.2730676531791687,1
rehabilitation,0.44906145334243774,1
rehevöityminen,0.5281868577003479,1
rehtori,0.20821121335029602,1
rehtorit,0.5609731078147888,1
reilu kauppa,0.3355346918106079,1
reinforcement learning,0.26730430126190186,1
reitinhaku,0.2461903691291809,1
reittisuunnittelu,0.3103112578392029,1
rejektivesi,0.26136255264282227,1
rekisteröity parisuhde,0.23429980874061584,1
rekisteröity yhdistys,0.20293138921260834,1
rekka-autonkuljettajat,0.35903480648994446,1
reklamaatio,0.43225765228271484,1
rekonstruktio,0.28526678681373596,1
rekrytointi,0.6132054328918457,1
rekrytointihaastattelu,0.2602316737174988,1
rekrytointijärjestelmä,0.3388669490814209,1
rekrytointikumppani,0.1357971876859665,0
rekrytointikumppanuus,0.19603516161441803,1
rekrytointiprosessi,0.42844364047050476,1
rekuperaatio,0.1508033573627472,1
relation,0.38510552048683167,1
relationaalinen dialektiikka,0.30139675736427307,1
relationaalinen hyvinvointi,0.18265162408351898,1
relationaalinen toimijuus,0.15054169297218323,1
relationaalinen vuorovaikutus,0.2723284661769867,1
relational approach,0.2471638321876526,1
relationality,0.2152004837989807,1
relationship,0.19458691775798798,1
relationship cultivation strategies,0.28210097551345825,1
relationship intervention,0.2063736766576767,1
relative age,0.35466811060905457,1
relativismi,0.25256744027137756,1
relaxation,0.3456670939922333,1
relaxation music,0.15380129218101501,1
reliabiliteetti,0.28646740317344666,1
reliability,0.36646005511283875,1
reliability (general),0.14527520537376404,1
religion,0.24356184899806976,1
remote teaching,0.13896390795707703,0
remote technology,0.35524627566337585,1
remote work,0.21139010787010193,1
removal efficiency,0.14964823424816132,1
renderöinti,0.331961065530777,1
renewable energy,0.5062190890312195,1
rengas,0.27686959505081177,1
rengastutkimus,0.15287479758262634,1
renormalization,0.25963160395622253,1
rentoutus,0.36658358573913574,1
repatriaatit,0.33578628301620483,1
reporting,0.29793035984039307,1
reports,0.2432190626859665,1
representaatio,0.8856829404830933,1
representation,0.21317529678344727,1
representation (mental objects),0.3072102665901184,1
reproductive behaviour,0.22236326336860657,1
reproductive strategy,0.27592405676841736,1
reproductive success,0.3008320927619934,1
republikanismi,0.139971524477005,0
requiemit,0.40324968099594116,1
requirements,0.19395394623279572,1
requirements elicitation,0.18350468575954437,1
requirements engineering,0.3540501892566681,1
requirements management,0.12823274731636047,0
requirements management tools,0.1550486981868744,1
research,0.1667458564043045,1
research groups,0.478554904460907,1
research institutes,0.33106139302253723,1
research institutions,0.3103073835372925,1
research team,0.2653166651725769,1
reseptiiinen monikielisyys,0.2530892491340637,1
reseptioestetiikka,0.31768694519996643,1
reseptiotutkimus,0.44695958495140076,1
residual stress,0.2352629154920578,1
resilience,0.12483832240104675,0
resilienssi,0.41843754053115845,1
resin acid,0.21144017577171326,1
resistance loading,0.3402930796146393,1
resistance training,0.4402087926864624,1
resistenssi,0.3633604645729065,1
resource dependency,0.20835116505622864,1
resource mobilization,0.3063313364982605,1
resources,0.274249792098999,1
respiratory organs,0.25851956009864807,1
respiratory system,0.2530577480792999,1
respirometria,0.15626893937587738,1
respite care,0.2853974997997284,1
respons,0.249161034822464,1
responsibility (properties),0.47001349925994873,1
responsible investment (RI),0.3256227672100067,1
restaurants,0.31503060460090637,1
restaurointi,0.34270164370536804,1
resting state,0.22734257578849792,1
resting-state functional connectivity,0.21376872062683105,1
restrictions,0.2820839583873749,1
resurssi,0.45652833580970764,1
resurssien allokointi,0.3210972547531128,1
resurssierityislastentarhanopettaja,0.3267800509929657,1
resurssiriippuvuus,0.38727205991744995,1
resurssit,0.7237008810043335,1
resurssitarpeet,0.3305264413356781,1
retail investors,0.3234758675098419,1
retail robot,0.2267412692308426,1
retained austenite,0.3478443920612335,1
retkeily,0.3455536663532257,1
retoriikka,0.8559814691543579,1
retoriikka-analyysi,0.1937575787305832,1
retoriikkatutkimus,0.23079931735992432,1
retorinen,0.2000519335269928,1
retorinen diskurssianalyysi,0.4049113988876343,1
retoriset keinot,0.2553544342517853,1
retrofitting,0.15802575647830963,1
reumasairaudet,0.21552486717700958,1
reumataudit,0.31318292021751404,1
reunalaskenta,0.4991448223590851,1
reunavaikutukset,0.21717049181461334,1
reunavaikutus,0.22550302743911743,1
reunaäly,0.2900743782520294,1
reuse,0.4669260084629059,1
reverse engineering,0.21201536059379578,1
reverse framing,0.15501639246940613,1
reverse use of customer data,0.23911495506763458,1
reviews,0.25120118260383606,1
revisionismi,0.22805511951446533,1
reward positivity (Rewp),0.318294882774353,1
reward-based crowdfunding,0.21007698774337769,1
rewarding,0.24477049708366394,1
rhetoric,0.2942299544811249,1
rhétorique,0.18240390717983246,1
riemannin geometria,0.4589141309261322,1
rights based approaches,0.2293691486120224,1
riidan aiheet,0.4187012016773224,1
riidat,0.43794184923171997,1
riippuvuus,0.401787132024765,1
riistakannat,0.20449092984199524,1
riistanhoito,0.15189607441425323,1
riita-asiat,0.2338479906320572,1
riitely,0.27300259470939636,1
rikastavuus,0.157042995095253,1
rikasteliemi,0.4086191952228546,1
rikesakko,0.26324447989463806,1
rikkakasvien torjuntaaine,0.14135387539863586,1
rikkakasvit,0.24578823149204254,1
rikki,0.28069522976875305,1
rikkihappo,0.26642099022865295,1
rikkivapaa,0.2865094542503357,1
rikoksentekijät,0.31544142961502075,1
rikokset,0.43000566959381104,1
rikokseton elämä,0.3423086106777191,1
rikoksista irtaantuminen,0.23738597333431244,1
rikollisuus,0.37964919209480286,1
rikos,0.3419858515262604,1
rikoskirjallisuus,0.29631873965263367,1
rikosoikeudellinen vastuu,0.3021117150783539,1
rikosoikeus,0.31997230648994446,1
rikostiedustelu,0.24028338491916656,1
rinnakkaisevoluutio,0.1719345897436142,1
rinnakkaiskäsittely,0.17564064264297485,1
rinnakkaislaskenta,0.4685432016849518,1
rintamamiestalot,0.17947416007518768,1
rintasyöpä,0.2954879403114319,1
rippikoulu,0.17392781376838684,1
risk based approach,0.19668325781822205,1
risk communication,0.3858979046344757,1
risk factors,0.45341455936431885,1
risk management,0.21173296868801117,1
risk perception,0.35649651288986206,1
riski,0.27584803104400635,1
riskianalyysi,0.5243220329284668,1
riskien arviointi,0.2772676348686218,1
riskien vaikutus,0.24463526904582977,1
riskienhallinnan ohjeet,0.3738333582878113,1
riskienhallinnan viitekehys,0.4224798083305359,1
riskienhallinta,0.7792114615440369,1
riskinarviointi,0.5435386300086975,1
riskiperusteinen toimintamalli,0.23805643618106842,1
riskit,0.5891832113265991,1
riskitekijät,0.7162812352180481,1
riskiviestintä,0.23281827569007874,1
risteytys,0.37455278635025024,1
ristikkäissiirräntä,0.17849615216255188,1
ristiriidat,0.42816728353500366,1
ristiriita,0.5194129347801208,1
rituaali,0.09626483917236328,0
rituaalit,0.49393948912620544,1
rituals,0.20185457170009613,1
river continuity,0.23450574278831482,1
river damming,0.2277204692363739,1
rivers,0.31774649024009705,1
rivitalot,0.20851780474185944,1
road conditions,0.2040913850069046,1
road weather,0.21319925785064697,1
robot framework,0.4056963622570038,1
robotiikka,0.4098035395145416,1
robotit,0.3836246430873871,1
rock,0.3291841447353363,1
rocklyriikka,0.23709137737751007,1
rodium,0.29533201456069946,1
rodut,0.3250391185283661,1
role-playing games,0.19872510433197021,1
roles,0.12677651643753052,0
rollerski treadmill,0.21564975380897522,1
romaanit,0.496111124753952,1
romanikulttuuri,0.33378079533576965,1
romaninainen,0.3386337459087372,1
romaninuori,0.19163265824317932,1
romanit,0.5493517518043518,1
rooli,0.4813809394836426,1
roolien välinen tasapaino,0.17372600734233856,1
roolikonflikti,0.175013467669487,1
rooliodotukset,0.20133483409881592,1
roolipelit,0.16298137605190277,1
roolit,0.5980790853500366,1
rooliteoria,0.2358751744031906,1
rotat,0.32360002398490906,1
rotation forest management,0.19287891685962677,1
rotifera,0.2596535384654999,1
rotu,0.2529958188533783,1
roturyhmä,0.42237791419029236,1
rotusyrjintä,0.27166107296943665,1
rugby,0.2784612774848938,1
rugby union,0.2344609647989273,1
rullaava budjetointi,0.17405036091804504,1
rullalautailu,0.2796519696712494,1
rummut,0.20726501941680908,1
rumpukone,0.20880194008350372,1
running,0.46182215213775635,1
running anatomy,0.45569586753845215,1
running exercise,0.28602832555770874,1
runot,0.37793290615081787,1
ruoankäyttökysely,0.29774701595306396,1
ruoanvalmistus,0.17446281015872955,1
ruoka,0.5497534871101379,1
ruoka (aine),0.2496865689754486,1
ruokafrekvenssit,0.3372758626937866,1
ruokahuolto,0.3978554904460907,1
ruokailu,0.4006138741970062,1
ruokailutilaisuudet,0.3428473472595215,1
ruokakulttuuri,0.19560182094573975,1
ruokakäyttäytyminen,0.4816466271877289,1
ruokapankit,0.22577181458473206,1
ruokapolitiikka,0.16073408722877502,1
ruokasisältö,0.3794744908809662,1
ruokatottumukset,0.48402106761932373,1
ruokavalioindeksi,0.4520769417285919,1
ruokavaliot,0.6441275477409363,1
ruotsin kieli,0.7162923812866211,1
ruotsinsuomalaiset,0.17075972259044647,1
ruotsinsuomalaisuus,0.16917921602725983,1
rural livelihoods,0.4049343168735504,1
ruskomäntypistiäinen,0.29615557193756104,1
ruskuaispussitauti,0.21352271735668182,1
rutiinisuus,0.25036734342575073,1
ruumiillisuus,0.7725672125816345,1
ruumiin hallinta,0.24123376607894897,1
ruumiinkuva,0.5371885299682617,1
ruumis,0.5194523930549622,1
ruutuaika,0.6565775275230408,1
ruutuaikasovellus,0.26507312059402466,1
ruutukaava,0.21798186004161835,1
ryhmät,0.2398415505886078,1
ryhmäviestintä,0.3236044645309448,1
ryhmä,0.4795742332935333,1
ryhmädynamiikka,0.4043308198451996,1
ryhmähaastattelut,0.41812363266944885,1
ryhmäidentiteetti,0.39892369508743286,1
ryhmäinterventio,0.23943185806274414,1
ryhmäkoko,0.5511918663978577,1
ryhmäliikunta,0.19325943291187286,1
ryhmämuotoisuus,0.2866651117801666,1
ryhmän ohjaaminen,0.16266754269599915,1
ryhmänhallinta,0.18544992804527283,1
ryhmäohjaus,0.3822718858718872,1
ryhmäosaaminen,0.22842887043952942,1
ryhmäperhepäivähoito,0.35460567474365234,1
ryhmäprosessi,0.23243561387062073,1
ryhmässä eläminen,0.3315548300743103,1
ryhmässä oppiminen,0.3154411315917969,1
ryhmät,0.641736626625061,1
ryhmäteoria,0.15990927815437317,1
ryhmäterapia,0.5693318843841553,1
ryhmätoiminta,0.37228450179100037,1
ryhmätyö,0.25780627131462097,1
ryhmäviestintä,0.4770759642124176,1
ryhmäytyminen,0.29116758704185486,1
ryhmään kuuluminen,0.2274646759033203,1
ryhmään kuulumisen kokemus,0.3086586594581604,1
rysät,0.36210426688194275,1
rytmi,0.22839583456516266,1
räpkirjoittaminen,0.20529137551784515,1
räppi,0.17441882193088531,1
räätälöinti,0.5202215313911438,1
röntgendiffraktio,0.11828433722257614,0
röntgenkristallografia,0.2622733414173126,1
röntgensäteily,0.3678610324859619,1
röntgentomografia,0.22213812172412872,1
sEMG,0.2635655701160431,1
saalistus,0.32638615369796753,1
saalistusriski,0.40297338366508484,1
saamelaiset,0.23607289791107178,1
saamelaiskulttuuri,0.2063082605600357,1
saamelaisuus,0.362058162689209,1
saarnat,0.3477267026901245,1
saastuminen,0.362621933221817,1
saatavuus,0.35606566071510315,1
saavutettavuus,0.41368627548217773,1
sadut,0.6226045489311218,1
safety and security,0.35630735754966736,1
safety climate,0.2394460141658783,1
sage,0.19557815790176392,1
saimaannorppa,0.27767708897590637,1
saippuakalvon yhtälö,0.2271132618188858,1
saippuaoopperat,0.24767562747001648,1
sairaalahoito,0.31693559885025024,1
sairaalainfektiot,0.3401170074939728,1
sairaalakoulut,0.31358569860458374,1
sairaalan lastenosasto,0.17840620875358582,1
sairaalaopetus,0.31124526262283325,1
sairaalaosastot,0.21666234731674194,1
sairaalat,0.6086784601211548,1
sairaanhoidon opettajat,0.236189603805542,1
sairaanhoitaja,0.39843979477882385,1
sairaanhoitajat,0.5990532040596008,1
sairaanhoito,0.2591222822666168,1
sairaanhoitopiirit,0.1916043907403946,1
sairastuminen,0.15905533730983734,1
sairauksien ennustaminen,0.3121469020843506,1
sairaus,0.28027740120887756,1
sairauskäsitykset,0.14619304239749908,1
sairausloma,0.36062952876091003,1
sairauspoissaolojen hallinta,0.3814738988876343,1
sairauspoissaolokäytännöt,0.39600327610969543,1
sairauspoissaolot,0.5279581546783447,1
sakon muuntorangaistus,0.26644378900527954,1
saksa,0.22394375503063202,1
saksalainen media,0.27308323979377747,1
saksalaiset,0.22441717982292175,1
saksalaisuus,0.2322303205728531,1
saksan kieli,0.6384910941123962,1
saksankielinen kirjallisuus,0.22133876383304596,1
saksankielinen musiikki,0.38209936022758484,1
salainen sopimus,0.46775564551353455,1
salaisuudet,0.3125394582748413,1
salakirjoitus,0.1971842348575592,1
salamaopetus,0.21098019182682037,1
salamapelimenetelmä,0.18680673837661743,1
salamat,0.20080971717834473,1
salapoliisikirjallisuus,0.3385879397392273,1
salapoltto,0.25096121430397034,1
salasanat,0.5997715592384338,1
salasanojen hallintajärjestelmät,0.3784230053424835,1
salaus,0.29033535718917847,1
sales,0.21131302416324615,1
sales promotion,0.1822989284992218,1
salibandy,0.7394847869873047,1
salibandyseura,0.16502659022808075,1
salience,0.17954562604427338,1
salutogeeninen teoria,0.28905728459358215,1
salutogenic theory,0.32731157541275024,1
samaistuminen,0.4016489088535309,1
samanaikaisopettajuus,0.27945128083229065,1
samanaikaisopetus,0.6438341736793518,1
samanmielisyys,0.15523484349250793,1
samarbetsinlärning,0.1845988929271698,1
samlokaliserad skola,0.23783160746097565,1
sammalet,0.2932712733745575,1
sanakirjat,0.3269226849079132,1
sanaleikit,0.24522867798805237,1
sanallinen viestintä,0.15582744777202606,1
sanallinen vuorovaikutus,0.2762365937232971,1
sanalliset tehtävät,0.380962610244751,1
sanaluokittelu,0.22896617650985718,1
sananmuodostus,0.2716652452945709,1
sanasemantiikka,0.2996390163898468,1
sanaston kehitys,0.42780137062072754,1
sanastot,0.4441886246204376,1
sanat,0.20893703401088715,1
sanataide,0.4460833966732025,1
sanataideohjaus,0.34052613377571106,1
sanataiteen metodit,0.1499602496623993,1
sanataiteen opettajat,0.13245946168899536,0
sanaton viestintä,0.2776506543159485,1
sanaton vuorovaikutus,0.24597325921058655,1
sanavarasto,0.3670339584350586,1
saneeraus,0.1391550451517105,0
saneistus,0.2975291907787323,1
sanitation,0.300300270318985,1
sankarit,0.3256068229675293,1
sankaruus,0.12974072992801666,0
sanoittaja,0.2520811855792999,1
sanoittajat,0.17494860291481018,1
sanoittaminen,0.24071983993053436,1
sanoitukset,0.27442827820777893,1
sanoitus,0.17908446490764618,1
sanomalehdet,0.6075947284698486,1
sanomalehti,0.15715345740318298,1
sanomalehtiuutisointi,0.2479228377342224,1
saostus,0.1419796347618103,1
sap,0.3049936294555664,1
sarjakuvaromaanit,0.3169356882572174,1
sarjakuvat,0.4906559884548187,1
sarjaohjelmat,0.22691254317760468,1
sarkasmi,0.31421035528182983,1
satamat,0.16763398051261902,1
sateenkaariperhe,0.2920626699924469,1
sateenkaariperheet,0.33523672819137573,1
satelliittipaikannus,0.34817278385162354,1
satiiri,0.21608535945415497,1
satisfaction,0.2068522870540619,1
satskonnektion,0.20333270728588104,1
satulatuoli,0.3233579993247986,1
satunnaistettu kontrolloitu tutkimus,0.4084591865539551,1
satunnaistettu vertailukoe,0.311350554227829,1
saunat,0.24358314275741577,1
saunominen,0.23186659812927246,1
saving for a home,0.24685724079608917,1
scaffolding,0.21612396836280823,1
scaffolding strategies,0.24490220844745636,1
scale of twelve fifths,0.2149079293012619,1
scaling agile,0.2806524634361267,1
scam,0.275188148021698,1
scattering (physics),0.22581341862678528,1
schematic learning,0.12743794918060303,0
schizophrenia,0.36358800530433655,1
school,0.1527433693408966,1
school bullying,0.18470749258995056,1
school burnout,0.2024424970149994,1
school children,0.28483015298843384,1
school empowerment,0.30227968096733093,1
school governance,0.15676423907279968,1
school organization,0.27051645517349243,1
school principal,0.2686688005924225,1
school support,0.2787613272666931,1
schools (educational institutions),0.3493402302265167,1
schoolscape,0.33426880836486816,1
science,0.17367035150527954,1
science education,0.2304452806711197,1
science fiction series,0.19495680928230286,1
scouting,0.24471257627010345,1
screening,0.21705996990203857,1
scrum,0.33183935284614563,1
search engine marketing,0.11754440516233444,0
search engine optimization,0.23117807507514954,1
search engines,0.2521706521511078,1
seasonal occurence,0.2554326057434082,1
seasonal variation,0.23652610182762146,1
second harmonic generation,0.23483729362487793,1
second language,0.24010629951953888,1
second language acquisition,0.3386947810649872,1
second language learning,0.38118454813957214,1
second-generation immigrants,0.20331479609012604,1
secure coding,0.25333571434020996,1
securitization,0.20588088035583496,1
security,0.3818941116333008,1
security action cycle,0.25939279794692993,1
security awareness,0.3019455373287201,1
security control,0.2793489694595337,1
security features,0.38074371218681335,1
security market,0.3367771506309509,1
security policy,0.40276864171028137,1
sedentary behavior,0.18285773694515228,1
seeking,0.2040715217590332,1
seeprakala,0.2422783225774765,1
seerumi,0.19991178810596466,1
segmentation,0.38187387585639954,1
segmentointi,0.6094149351119995,1
segmenttiraportointi,0.19677020609378815,1
seikkailukasvatus,0.5175629258155823,1
seismologia,0.39692243933677673,1
seitsemäsluokkalaiset,0.3236003518104553,1
sekamalli,0.2155907303094864,1
sekaryhmä,0.24696096777915955,1
sekaryhmäopetus,0.3294481337070465,1
sekoittuminen,0.2574634850025177,1
sekoitusmatriisi,0.24437323212623596,1
seksi,0.13299912214279175,0
seksiala,0.2879698872566223,1
seksikauppa,0.3185608386993408,1
seksologia,0.175886332988739,1
seksuaalikasvatus,0.18989017605781555,1
seksuaalikulttuuri,0.2409631609916687,1
seksuaalinen hyväksikäyttö,0.44896993041038513,1
seksuaalinen identiteetti,0.30943506956100464,1
seksuaalinen kehitys,0.24662446975708008,1
seksuaalinen käyttäytyminen,0.20446151494979858,1
seksuaalinen moninaisuus,0.21287931501865387,1
seksuaalinen väkivalta,0.21145616471767426,1
seksuaalineuvonta,0.2250542938709259,1
seksuaalirikokset,0.21075868606567383,1
seksuaalisesti antagonistinen valinta,0.28006792068481445,1
seksuaaliset vähemmistöt,0.35650548338890076,1
seksuaalisuus,0.6724868416786194,1
seksuaaliterveyden edistäminen,0.29944050312042236,1
seksuaaliterveys,0.4066816568374634,1
seksuaalivalinta,0.20026148855686188,1
seksuaalivähemmistöt,0.34864115715026855,1
sektori,0.17327772080898285,1
sekundaarisukkessio,0.29136231541633606,1
selection,0.3558906614780426,1
selection lines,0.2931952476501465,1
selective laser sintering,0.1294623464345932,0
seleeni,0.2914484441280365,1
selektiivinen mutismi,0.34115731716156006,1
selektio,0.1567147970199585,1
selenium,0.3056356608867645,1
self,0.26148518919944763,1
self efficacy,0.26407694816589355,1
self report,0.2732713222503662,1
self-assembly,0.32737576961517334,1
self-assessment,0.3875730633735657,1
self-brand congruence,0.2615562975406647,1
self-confidence,0.08522472530603409,0
self-control,0.21180962026119232,1
self-control mechanism,0.2722630202770233,1
self-determination theory,0.38084280490875244,1
self-direction,0.1658773422241211,1
self-disclosure,0.19143208861351013,1
self-driving,0.26234549283981323,1
self-efficacy,0.20012833178043365,1
self-efficacy beliefs,0.25988709926605225,1
self-esteem,0.1407673954963684,1
self-help,0.1630798876285553,1
self-regulated learning,0.37901267409324646,1
self-regulation (adjustment),0.4233866035938263,1
self-sovereign identity,0.28201743960380554,1
self-talk,0.17022976279258728,1
selitykset väkivallalle,0.32395774126052856,1
selkokieli,0.4371357858181,1
selkä,0.5753331184387207,1
selkäkipu,0.5169445872306824,1
selkärangattomat,0.2261626273393631,1
selkäsairaudet,0.4071044623851776,1
selkäuinti,0.2602279484272003,1
sellu,0.1631252020597458,1
selluloosa,0.20405475795269012,1
selonteko,0.19709141552448273,1
selonteot,0.15537714958190918,1
selvitys,0.13130007684230804,0
selviytyminen,0.6379216909408569,1
selviytymiskeino,0.23231647908687592,1
selviytymiskeinot,0.37551867961883545,1
selviytymisstrategia,0.36256060004234314,1
selviytymisstrategiat,0.3239777982234955,1
selviytymisteoria,0.26379233598709106,1
semantic personalization,0.3560390770435333,1
semantic technology,0.14492416381835938,1
semantic user profile,0.19039857387542725,1
semantic web,0.37733468413352966,1
semantics,0.32888859510421753,1
semantiikka,0.4423598051071167,1
semanttinen,0.43054014444351196,1
semanttinen prosodia,0.3307686746120453,1
semanttinen web,0.39637383818626404,1
semanttiset mallit,0.3261347711086273,1
semanttiset vektoriavaruudet,0.3950825035572052,1
semanttiset web-teknologiat,0.31348150968551636,1
semi-structured interviews,0.32889097929000854,1
semileptonic decay,0.29289934039115906,1
semiotic resources,0.19727125763893127,1
semiotics,0.3205011487007141,1
semiotiikka,0.40642568469047546,1
senior citizens,0.40337038040161133,1
sense of belonging,0.20824837684631348,1
sense of coherence,0.34303662180900574,1
sensemaking,0.20847834646701813,1
sensori,0.3253183364868164,1
sensorisen integraation terapia,0.3055844008922577,1
sensoriverkot,0.5228895545005798,1
sensuuri,0.3027385175228119,1
sentiment,0.2015097439289093,1
sentimentti,0.37483423948287964,1
sento-kylpylät,0.29031509160995483,1
seostoksisuus,0.30596596002578735,1
separaattorit,0.3247990906238556,1
separate day,0.26122862100601196,1
separation,0.1868293136358261,1
separators,0.190764918923378,1
sepelvaltimotauti,0.3036411702632904,1
serial order learning,0.21829591691493988,1
serotyyppi,0.2885870635509491,1
serum,0.22886458039283752,1
serum creatinine,0.23187606036663055,1
servant leadership,0.237159863114357,1
serverless,0.0817369893193245,0
service,0.3674665093421936,1
service business,0.27290835976600647,1
service chains,0.2589266300201416,1
service description,0.3446521461009979,1
service design,0.4680529534816742,1
service design tools,0.3203149139881134,1
service desk,0.2364717423915863,1
service innovation,0.27950528264045715,1
service quality,0.2562117874622345,1
service systems,0.26297375559806824,1
service utilization,0.3193359076976776,1
service-dominant logic,0.3643227219581604,1
services,0.3368839919567108,1
session fixation,0.35663920640945435,1
seston,0.19030244648456573,1
seulonta,0.18041038513183594,1
seurabrändi,0.32562723755836487,1
seuraidentifikaatio,0.20194566249847412,1
seuraidentiteetti,0.34363439679145813,1
seurakunnat,0.3309774398803711,1
seurakunta,0.22448578476905823,1
seuranta,0.5582736730575562,1
seurantatutkimus,0.4420648217201233,1
seurat,0.4850512444972992,1
seuruututkimus,0.2168983519077301,1
seutuyhteistyö,0.2640160322189331,1
sewage,0.23891086876392365,1
sewage sludge,0.4380966126918793,1
sex trafficking,0.22009503841400146,1
sex-specific,0.28717243671417236,1
sexology,0.15745140612125397,1
sexual and reproductive health,0.15779058635234833,1
sexual behaviour,0.22476458549499512,1
sexual education,0.17268244922161102,1
sexual health,0.18850933015346527,1
sexual inversion,0.12419133633375168,0
sexual minorities,0.18666544556617737,1
sexual reproduction,0.2627021372318268,1
sexuality (sexual orientation),0.14782017469406128,1
sf-kieliteoria,0.25528863072395325,1
shame,0.17641966044902802,1
shapeR,0.25327685475349426,1
sharing location,0.1970733404159546,1
shift-share-analyysi,0.16745972633361816,1
ship recycling,0.21995694935321808,1
shooting,0.44005087018013,1
shooting technique,0.32343539595603943,1
shopping malls,0.26777324080467224,1
short videos,0.23337475955486298,1
short-distance sprinting,0.15286238491535187,1
short-term memory,0.1329117864370346,0
shot peening,0.330460786819458,1
sianliha,0.30385130643844604,1
side by side training,0.33038806915283203,1
sideaineet,0.24011024832725525,1
sidoksisuus,0.450364887714386,1
sidosryhmä,0.3636327385902405,1
sidosryhmät,0.8272644281387329,1
sidosryhmäteoria,0.547806441783905,1
sidosryhmäviestintä,0.2527565360069275,1
sidottu tila,0.3219018876552582,1
sielu,0.40443137288093567,1
siemenet,0.23473593592643738,1
siementuotanto,0.25251153111457825,1
sietokyky,0.2044287919998169,1
sign language,0.30289334058761597,1
signaalit,0.2371170073747635,1
signaling theory,0.14498725533485413,1
signals,0.19120196998119354,1
siika,0.5427007675170898,1
siikakalojen mätimunat,0.25495702028274536,1
siirrettävyys,0.20823386311531067,1
siirtokarjalaisten jälkipolvet,0.30251196026802063,1
siirtolaiset,0.347816526889801,1
siirtolaisidentiteetti,0.17519040405750275,1
siirtolaiskirjallisuus,0.20941586792469025,1
siirtolaisuus,0.4135940968990326,1
siirtotyöläiset,0.2574301064014435,1
siirtovaikutus,0.2812427878379822,1
siirtoväki,0.19424767792224884,1
siirtyminen,0.2174130082130432,1
siirtyminen yläkouluun,0.22513824701309204,1
siirtymä,0.5403226613998413,1
siirtymä alakoulusta yläkouluun,0.22507412731647491,1
siirtymä vanhemmuuteen,0.3062063753604889,1
siirtymäaika,0.1926499605178833,1
siirtymätila-analogi,0.20628798007965088,1
siirtymätilanne,0.24418561160564423,1
siirtymävaihe,0.6901566386222839,1
siirtymävaiheet,0.19273033738136292,1
siittiöiden liikeanalyysi,0.4085579812526703,1
sijainti,0.4139205515384674,1
sijaintiin perustuva mainonta,0.2633626461029053,1
sijaiset,0.22891578078269958,1
sijaishuolto,0.5201570987701416,1
sijaiskodit,0.2359933704137802,1
sijaisopettajuus,0.25891363620758057,1
sijaisperheet,0.294830322265625,1
sijaisvanhemmat,0.28476372361183167,1
sijoitettu lapsi,0.2721415162086487,1
sijoitetut lapset,0.5608344674110413,1
sijoittajasuhteet,0.3448021709918976,1
sijoittajat,0.5963016152381897,1
sijoittajaviestintä,0.27435609698295593,1
sijoittaminen,0.337872177362442,1
sijoittuminen,0.18166202306747437,1
sijoittumispäätös,0.19033598899841309,1
sijoitukset,0.28671005368232727,1
sijoitukset (talous),0.4169156551361084,1
sijoitus,0.26153406500816345,1
sijoituskäyttäytyminen,0.22132419049739838,1
sijoitusportfolio,0.22270947694778442,1
sijoitustoiminta,0.5203229188919067,1
sijoitusyhtiöt,0.28632891178131104,1
silence,0.24460873007774353,1
silent moment,0.37724173069000244,1
silicon nitride,0.20419111847877502,1
silicon photomultiplier,0.15542708337306976,1
silmänliikkeet,0.35182568430900574,1
siltaava ligandi,0.21111178398132324,1
silviculture,0.26487037539482117,1
similariteetti,0.2531179189682007,1
simpukat,0.24831217527389526,1
simulaatio,0.31193241477012634,1
simulaatiopohjainen opetus,0.48734772205352783,1
simulaattorisairaus,0.48531660437583923,1
simulaattorit,0.46406614780426025,1
simulation,0.46038249135017395,1
simulators,0.11432105302810669,0
simulointi,0.780210018157959,1
sinfoniaorkesterit,0.5205577611923218,1
single ja double-loop oppiminen,0.3147203028202057,1
single sign-on,0.30527204275131226,1
single-loop and double-loop learning,0.23420274257659912,1
single-molecule magnets,0.20195049047470093,1
single-player games,0.2214328944683075,1
single-step vertical deposition,0.20190241932868958,1
singleformaatti,0.2204195261001587,1
singulaariarvohajotelma,0.20393647253513336,1
sinifunktio,0.2781166434288025,1
sinnikkyys,0.33225423097610474,1
sinp,0.23735743761062622,1
sirkus,0.28815338015556335,1
sironta,0.31376609206199646,1
sirtuins,0.33103224635124207,1
sisarukset,0.39832279086112976,1
sisarussuhde,0.27840009331703186,1
sisaruus,0.24892708659172058,1
sisäinen motivaatio,0.28285881876945496,1
sisustus,0.17818479239940643,1
sisustuslehdet,0.1724773794412613,1
sisäilma,0.31595125794410706,1
sisäilmaongelmat,0.27244213223457336,1
sisäinen dialogi,0.2179538607597351,1
sisäinen kumppanuus,0.4582856297492981,1
sisäinen lapsi,0.2753896713256836,1
sisäinen laskentatoimi,0.4798077940940857,1
sisäinen leima,0.23130522668361664,1
sisäinen motivaatio,0.3999471366405487,1
sisäinen puhe,0.2928425073623657,1
sisäinen tarina,0.1994890570640564,1
sisäinen tiedotus,0.6351122856140137,1
sisäinen vahvuus,0.2601065933704376,1
sisäinen viestintä,0.5891360640525818,1
sisäinen yrittäjyys,0.5714312791824341,1
sisäistekijä,0.2613981366157532,1
sisäistäminen,0.4309496283531189,1
sisäkorvaistutteet,0.2425626963376999,1
sisällissodat,0.4434869885444641,1
sisällissota,0.1783752143383026,1
sisällön analyysi,0.2673230469226837,1
sisällön kuluttaminen,0.27014443278312683,1
sisällön luominen,0.26480668783187866,1
sisällönanalyysi,0.8259820938110352,1
sisällönerittely,0.24249283969402313,1
sisällönhallinta,0.44128215312957764,1
sisältymissuhde-estimaattori,0.18163040280342102,1
sisältö,0.5130134224891663,1
sisältöjen jakaminen,0.3375663757324219,1
sisältömarkkinoinnin mittaaminen,0.2529362440109253,1
sisältömarkkinointi,0.4269743859767914,1
sisältöstrategia,0.2730259895324707,1
sisältötuotanto,0.34389162063598633,1
sisältövaliditeetti,0.2055685967206955,1
sisäsiitosheikkous,0.3349459171295166,1
sisävesikalastus,0.3139069378376007,1
sisäänpäin suuntautuva ongelmakäyttäytyminen,0.2611100673675537,1
sisäänpäin suuntautuvat ongelmat,0.132670596241951,0
sitouttaminen,0.4027741253376007,1
sitoutumattomuus,0.27965497970581055,1
sitoutuminen,0.8153750896453857,1
sitoutuminen (toiminta),0.18584120273590088,1
sitoutuneisuus,0.4586305618286133,1
situation awareness,0.39125779271125793,1
situational awareness,0.44955965876579285,1
situationistit,0.1591608077287674,1
siveellisyys,0.2031262367963791,1
sivistys,0.3365209996700287,1
sivistysyliopisto,0.25503847002983093,1
sivupotku,0.35602232813835144,1
sivuvaikutukset,0.2692078948020935,1
skandaalit,0.2542867362499237,1
skating,0.25490573048591614,1
skeemat,0.18710526823997498,1
skeemateoria,0.4629450738430023,1
skeematerapia,0.3356670141220093,1
skeittaus,0.21278710663318634,1
skeittiaktiivi,0.2398136854171753,1
skene,0.14968623220920563,1
skill-biased technological change,0.278232216835022,1
skills,0.30686894059181213,1
skin conductance,0.30254533886909485,1
skin conductance (SC),0.20706452429294586,1
skin conductance level,0.28615686297416687,1
skitsofrenia,0.3342835605144501,1
skopos theory,0.32677847146987915,1
sleep,0.4491163492202759,1
sleep quality,0.2800259590148926,1
sleep research,0.34149259328842163,1
sleep spindle,0.28846481442451477,1
slopestyle,0.24249739944934845,1
slum,0.14922617375850677,1
slummit,0.2002170979976654,1
small and medium-sized enterprises,0.4858570098876953,1
small intestine,0.3878445029258728,1
small talk,0.17152349650859833,1
small- and open economies,0.25537800788879395,1
small-scale,0.2128991037607193,1
smart contracts,0.28633907437324524,1
smartphones,0.31259363889694214,1
smoking,0.32488617300987244,1
snowboarders,0.15447477996349335,1
snowboarding,0.18274831771850586,1
sober curiosity,0.1670111119747162,1
soccer,0.23910367488861084,1
social,0.1843111515045166,1
social acceptance,0.22363857924938202,1
social capital,0.5629910826683044,1
social cognitive theory,0.17896118760108948,1
social confrontation,0.21663078665733337,1
social culture,0.16998112201690674,1
social emotional competence,0.1893148571252823,1
social emotional learning,0.23696699738502502,1
social engineering,0.4797367751598358,1
social enterprise,0.18396390974521637,1
social enterprises,0.2446884959936142,1
social impact bond,0.3112986981868744,1
social impacts of arts education,0.19463954865932465,1
social impacts of culture,0.16515310108661652,1
social innovations,0.20503507554531097,1
social integration,0.15231294929981232,1
social interaction,0.4132215082645416,1
social license to operate,0.25715500116348267,1
social media,0.8079544901847839,1
social media consumption,0.324757844209671,1
social media influencers,0.19689761102199554,1
social media marketing,0.4204855263233185,1
social media marketing attitude,0.2896393835544586,1
social networking,0.12184858322143555,0
social networking services,0.3697755038738251,1
social networking sites,0.32980114221572876,1
social networks,0.4367029666900635,1
social norms,0.23370222747325897,1
social organisational capital,0.2033064067363739,1
social psychology,0.3014998137950897,1
social relationships,0.24732433259487152,1
social reporting,0.16418497264385223,1
social resilience,0.17584539949893951,1
social responsibility,0.22232738137245178,1
social semiotics,0.13919855654239655,0
social sustainability,0.25918006896972656,1
social vulnerability,0.1871812343597412,1
social work,0.16656340658664703,1
social, emotional and behavioral concerns,0.259907990694046,1
socialization,0.2863751947879791,1
socially responsible investing,0.21948863565921783,1
socially sustainable governance,0.3710949122905731,1
societal impact,0.2988545894622803,1
societal responsibility,0.43626123666763306,1
socio-constructive learning theory,0.20327675342559814,1
socio-emotional skills,0.2550223171710968,1
socio-technical system design,0.2956593334674835,1
sociocultural,0.30235758423805237,1
sociocultural framework,0.19043999910354614,1
sociocultural theory,0.27372607588768005,1
socioeconomic position.,0.24276605248451233,1
sociolinguistics,0.3569127023220062,1
sociology,0.14947493374347687,1
sociotechnical system,0.3269139528274536,1
sodan kulttuurihistoria,0.18524758517742157,1
sodat,0.4240504801273346,1
sodium,0.2441156655550003,1
sodomy,0.16870814561843872,1
soft power,0.14452654123306274,1
software as a service,0.24349598586559296,1
software design,0.32206788659095764,1
software development,0.6860508322715759,1
software engineering,0.2878122627735138,1
software maintenance,0.22974567115306854,1
software procurement,0.2015083283185959,1
software product line,0.2012208253145218,1
software quality,0.33945906162261963,1
software reuse,0.24122658371925354,1
software selection,0.43625110387802124,1
software testing,0.2699729800224304,1
software-defined networking,0.17938901484012604,1
soidin,0.31748151779174805,1
soil,0.19006994366645813,1
soinnutus,0.23683775961399078,1
sointiväri,0.3447999060153961,1
soitinrakennus,0.12421690672636032,0
soitonopetus,0.4462962746620178,1
soittajat,0.26530173420906067,1
soittaminen,0.5401856899261475,1
soittimet,0.4180668294429779,1
soittokokemus,0.372760146856308,1
sokeus,0.27389922738075256,1
soleus,0.1785823106765747,1
solid waste,0.16209499537944794,1
solid waste management,0.27814218401908875,1
solidaarisuus,0.3674603998661041,1
solubility,0.2648580074310303,1
solubiologia,0.3537864685058594,1
solumallit,0.2846338748931885,1
solut,0.40788817405700684,1
soluviljely,0.3300917148590088,1
solvent extraction,0.09371112287044525,0
solvents,0.24324461817741394,1
somali,0.2671179175376892,1
somalit,0.4241473376750946,1
somatosensory P3a (sP3a),0.2742260992527008,1
somatosensory evoked fields,0.39406582713127136,1
somatosensory mismatch response (sMMR),0.23837998509407043,1
some,0.3063257336616516,1
somekohu,0.21275538206100464,1
somevaikuttajat,0.2451123744249344,1
sommittelu,0.24609071016311646,1
sonic interaction,0.18410439789295197,1
sonification of motion and emotion,0.1672569215297699,1
sonopalpaatio,0.5182713270187378,1
soolot,0.20595020055770874,1
sopeutuminen,0.6012039184570312,1
sopimukset,0.3825545310974121,1
sopimushallinta,0.1582908183336258,1
sormenjäljet,0.2920529842376709,1
sortovuodet,0.4130493700504303,1
sosiaali- ja terveydenhuolto,0.4374887943267822,1
sosiaali- ja terveysala,0.2277407944202423,1
sosiaali- ja terveysjärjestöt,0.5284570455551147,1
sosiaaliala,0.5715335607528687,1
sosiaalialan arvot,0.1307350993156433,0
sosiaalidarwinismi,0.2915869653224945,1
sosiaalihistoria,0.2065640240907669,1
sosiaalihuollon organisatoriset käytännöt,0.38311177492141724,1
sosiaalihuollon tietojärjestelmät,0.3149564266204834,1
sosiaalihuolto,0.5897429585456848,1
sosiaalihuoltolaki,0.39053305983543396,1
sosiaalinen asema,0.40390467643737793,1
sosiaalinen havaitseminen,0.26644623279571533,1
sosiaalinen hyvinvointi,0.43116089701652527,1
sosiaalinen identiteetti,0.2847764790058136,1
sosiaalinen ilmapiiri,0.20943096280097961,1
sosiaalinen inkluusio,0.125318706035614,0
sosiaalinen integraatio,0.3099832534790039,1
sosiaalinen ja asenteellinen esteettömyys,0.22222010791301727,1
sosiaalinen jännittäminen,0.21248507499694824,1
sosiaalinen järjestelmä,0.2247861921787262,1
sosiaalinen kasvatus,0.26606032252311707,1
sosiaalinen kaupankäynti,0.26005619764328003,1
sosiaalinen kauppa,0.3618665635585785,1
sosiaalinen kestävyys,0.449381023645401,1
sosiaalinen kognitio,0.4018656313419342,1
sosiaalinen koheesio,0.24892407655715942,1
sosiaalinen kompetenssi,0.2184550166130066,1
sosiaalinen konstruktionismi,0.36458057165145874,1
sosiaalinen konstruktivismi,0.6352872252464294,1
sosiaalinen kontrolli,0.25979214906692505,1
sosiaalinen kuntoutus,0.3893284499645233,1
sosiaalinen kuuntelu,0.2996285557746887,1
sosiaalinen käyttäytyminen,0.22925101220607758,1
sosiaalinen liikkuvuus,0.3104861080646515,1
sosiaalinen markkinointi,0.42179566621780396,1
sosiaalinen media,0.9519060254096985,1
sosiaalinen myynti,0.23780673742294312,1
sosiaalinen oikeudenmukaisuus,0.2141437977552414,1
sosiaalinen oppiminen,0.46972930431365967,1
sosiaalinen osallisuus,0.3789080083370209,1
sosiaalinen pääoma,0.7389925718307495,1
sosiaalinen raportointi,0.24803514778614044,1
sosiaalinen reaktio,0.3157584071159363,1
sosiaalinen tausta,0.376125693321228,1
sosiaalinen toimijayhteisö,0.2768363356590271,1
sosiaalinen tuki,0.8313472270965576,1
sosiaalinen tuki verkossa,0.34170231223106384,1
sosiaalinen työllistäminen,0.20478060841560364,1
sosiaalinen vahvistaminen,0.16539575159549713,1
sosiaalinen vastuu,0.28084897994995117,1
sosiaalinen vastuullisuus,0.29371193051338196,1
sosiaalinen verkosto,0.25766506791114807,1
sosiaalinen verkostopääoma,0.12572602927684784,0
sosiaalinen vinkki,0.24800404906272888,1
sosiaalinen vuorovaikutus,0.4722791910171509,1
sosiaalinen ympäristö,0.36870887875556946,1
sosiaalipalvelujen laatu,0.22899767756462097,1
sosiaalipalvelut,0.5850520133972168,1
sosiaalipedagogiikka,0.1924024075269699,1
sosiaalipedagoginen hevostoiminta,0.4287593364715576,1
sosiaalipolitiikka,0.565804123878479,1
sosiaalipsykologia,0.37742123007774353,1
sosiaalipäivystys,0.19899094104766846,1
sosiaalisen median mainonta,0.3927198052406311,1
sosiaalisen median markkinointi,0.18517908453941345,1
sosiaalisen median paasto,0.26677247881889343,1
sosiaalisen median työkalut,0.3584871292114258,1
sosiaalisen median vaikuttaja,0.39942407608032227,1
sosiaalisen median vaikuttajat,0.30952852964401245,1
sosiaalisen median viestintä,0.32495248317718506,1
sosiaalisen verkoston sivusto,0.19264712929725647,1
sosiaalisessa mediassa sitoutuminen,0.1744307279586792,1
sosiaalisesti vastuullinen henkilöstöjohtaminen,0.2180304378271103,1
sosiaaliset innovaatiot,0.15723001956939697,1
sosiaaliset käytänteet,0.21589402854442596,1
sosiaaliset liikkeet,0.3360610008239746,1
sosiaaliset normit,0.36627790331840515,1
sosiaaliset ohjelmistot,0.27501747012138367,1
sosiaaliset ongelmat,0.46598556637763977,1
sosiaaliset suhteet,0.6907580494880676,1
sosiaaliset taidot,0.6812007427215576,1
sosiaaliset vaikutukset,0.4611659646034241,1
sosiaaliset verkostot,0.6866389513015747,1
sosiaaliset verkot,0.4624370038509369,1
sosiaaliset yritykset,0.3821641206741333,1
sosiaalistaminen,0.4118815064430237,1
sosiaalisten tilanteiden pelko,0.23524843156337738,1
sosiaalitoimisto,0.3365819752216339,1
sosiaalitoimistot,0.4042870104312897,1
sosiaaliturva,0.4244349002838135,1
sosiaaliturvariippuvuus,0.2234591394662857,1
sosiaalityö,0.8280882239341736,1
sosiaalityön asema,0.31393635272979736,1
sosiaalityön johtaminen,0.1790628582239151,1
sosiaalityön ryhmätyö,0.18070249259471893,1
sosiaalityön teoria,0.18289443850517273,1
sosiaalityön yhteiskunnallinen tehtävä,0.2417852282524109,1
sosiaalityön yliopistokoulutus,0.36118176579475403,1
sosiaalityöntekijä,0.22733183205127716,1
sosiaalityöntekijät,0.6994098424911499,1
sosiaalityöntekijöiden vaihtuvuus,0.3096504509449005,1
sosiaalivirastot,0.2698650062084198,1
sosialisaatio,0.2640960216522217,1
sosialismi,0.2579955458641052,1
sosialisointi,0.22234143316745758,1
sosialistiset maat,0.3711031377315521,1
sosiodemografiset tekijät,0.3074021339416504,1
sosioekonominen asema,0.663181483745575,1
sosioekonominen tausta,0.23246118426322937,1
sosioekonomiset taustat,0.2541221082210541,1
sosioekonomiset tekijät,0.6471115350723267,1
sosioekonomiset terveyserot,0.2958373725414276,1
sosioemotionaalinen hyvinvointi,0.4062497615814209,1
sosioemotionaalinen kehitys,0.1953292042016983,1
sosioemotionaalinen kompetenssi,0.4945443570613861,1
sosioemotionaalinen käyttäytyminen,0.20762981474399567,1
sosioemotionaalinen oireilu,0.4507754445075989,1
sosioemotionaalisen kehityksen tuen tarpeet,0.19048914313316345,1
sosioemotionaaliset haasteet,0.24822945892810822,1
sosioemotionaaliset taidot,0.6311437487602234,1
sosiokonstruktivismi,0.38154441118240356,1
sosiokulttuurinen innostaminen,0.25667622685432434,1
sosiokulttuurinen lähestymistapa,0.20322461426258087,1
sosiokulttuurinen oppimiskäsitys,0.2774166464805603,1
sosiokulttuurinen teoria,0.3290421962738037,1
sosiokulttuurinen toimijuus,0.2205083817243576,1
sosiokulttuuriset tekijät,0.15126365423202515,1
sosiokulttuurisuus,0.2579845190048218,1
sosiolingvistiikka,0.4349018633365631,1
sosiologia,0.4255131185054779,1
sosiometria,0.19938597083091736,1
sosiometrinen asema,0.22550423443317413,1
sosiometrinen mittaus,0.24419578909873962,1
sosiosemiotiikka,0.19055886566638947,1
sosiotekninen järjestelmäsuunnittelu,0.3405934274196625,1
sosiotekninen muutos,0.16427373886108398,1
sota,0.4218527674674988,1
sota-aika,0.13552047312259674,0
sotajournalismi,0.2497449666261673,1
sotakokemukset,0.28359276056289673,1
sotalapset,0.2573409676551819,1
sotaretoriikka,0.19627325236797333,1
sotavangit,0.245578795671463,1
sotavankeus,0.22207294404506683,1
sote-järjestö,0.29986268281936646,1
sote-uudistus,0.5369197130203247,1
sotilaallinen kriisinhallinta,0.4188729524612427,1
sotilaat,0.38090160489082336,1
sotilaiden loukkaantumiset,0.39218324422836304,1
sotilaspedagogiikka,0.3596251308917999,1
sotilaspiirit,0.2753511071205139,1
sotilastiedustelu,0.23932665586471558,1
sounds,0.18995855748653412,1
source credibility,0.3871566355228424,1
source credibility theory,0.22456017136573792,1
sovellettu telinevoimistelu,0.2569033205509186,1
sovellukset,0.6110987663269043,1
sovellukset (tietotekniikka),0.5241331458091736,1
sovelluskaupat,0.37347671389579773,1
sovelluskehitys,0.6292694807052612,1
sovelluskehykset,0.47417038679122925,1
sovelluskehys,0.24245770275592804,1
sovellusohjelmat,0.4831675887107849,1
sovellusprotokolla,0.18904249370098114,1
soveltava liikunnanopetus,0.33408161997795105,1
soveltava taide,0.1803477704524994,1
soveltuvuus,0.43055036664009094,1
soveltuvuuskoe,0.33613213896751404,1
soveltuvuustestit,0.23358389735221863,1
sovittaminen,0.2198980152606964,1
sovittelu,0.5260908603668213,1
sparraaja,0.19602057337760925,1
sparraussuhde,0.3662695288658142,1
spatial heterogeneity,0.14024357497692108,1
special education (teaching),0.15967874228954315,1
special education need (SEN),0.21364563703536987,1
special needs teachers,0.21600914001464844,1
specialist health care,0.14115914702415466,1
species diversity.,0.29144391417503357,1
species identification,0.25577986240386963,1
species identification test,0.33832696080207825,1
species knowledge,0.21061623096466064,1
spectral analysis,0.33998411893844604,1
spectroscopy,0.383243590593338,1
speech (phenomena),0.12529724836349487,0
speech community,0.265135794878006,1
speech sounds,0.2625657916069031,1
speech technology,0.12320687621831894,0
spektaakkelit,0.4045809805393219,1
spektrianalyysi,0.2345622330904007,1
spektrikamera,0.3518030047416687,1
spektrikuvantaminen,0.3418664336204529,1
spektrit,0.2542761564254761,1
spektrofotometri,0.26448407769203186,1
spektrometria,0.13817887008190155,0
spektrometrit,0.16680355370044708,1
spektroskopia,0.653586745262146,1
spesifinen kasvunopeus,0.20312300324440002,1
spesismi,0.27919742465019226,1
spillover effect,0.21314160525798798,1
spinal cord injuries,0.434722900390625,1
spinal diseases,0.2331172525882721,1
spine,0.245367169380188,1
spirometria,0.15712736546993256,1
spondylolisteesi,0.17910702526569366,1
sponsored content,0.24979780614376068,1
sponsorointi,0.5602425932884216,1
sponsorship,0.45106783509254456,1
spontaani kommunikointi,0.20901107788085938,1
spontaneous brain activity,0.29405662417411804,1
spoofing,0.3143768608570099,1
sport,0.38542458415031433,1
sport burnout,0.3137505054473877,1
sport climate,0.2594655156135559,1
sport genetics,0.3342445492744446,1
sport history,0.2504996657371521,1
sport injury,0.2691635489463806,1
sport language,0.18738879263401031,1
sport management,0.3402268886566162,1
sport managers,0.2752854824066162,1
sport participation,0.25719839334487915,1
sport psychology,0.2683091163635254,1
sport sponsorship,0.38462862372398376,1
sport success,0.3420145809650421,1
sport system,0.29354944825172424,1
sport-specific training,0.13080637156963348,0
sports,0.6423155665397644,1
sports administration,0.217528834939003,1
sports clubs,0.4505856931209564,1
sports events,0.342373788356781,1
sports facilities,0.31714531779289246,1
sports injuries,0.27102744579315186,1
sports organisations,0.262302964925766,1
sports performance,0.17574913799762726,1
sports performances,0.20037151873111725,1
sports vision,0.19591528177261353,1
sprinting,0.15151771903038025,1
sprinting kinetics,0.35949838161468506,1
spruce,0.280958890914917,1
språkattityder,0.19800113141536713,1
språkblandning,0.17654122412204742,1
språkdebatt,0.12797847390174866,0
språkinlärning,0.28887316584587097,1
språklig identitet,0.2998126149177551,1
språklig praxis,0.36450302600860596,1
språkliga uppfattningar,0.289970338344574,1
språklärare,0.13829316198825836,0
språkläraridentitet,0.11845692992210388,0
språkmedvetenhet,0.1616322249174118,1
språkpolicy,0.34569889307022095,1
språkängslan,0.21625150740146637,1
squat,0.2306177020072937,1
staattinen infograafi,0.2518298029899597,1
staattinen ohjelmakoodianalyysi,0.24266700446605682,1
staattinen tasapaino,0.3135618567466736,1
staattinen tunnistus,0.3179379999637604,1
staattinen venyttely,0.42708903551101685,1
stabiilisuus,0.1953340619802475,1
stability of hold,0.4979103207588196,1
stable isotope analysis,0.2875385582447052,1
stake- holders,0.20270362496376038,1
stakeholder,0.25138139724731445,1
stakeholder groups,0.4092320203781128,1
stakeholder influence,0.12838523089885712,0
stakeholder management,0.22188454866409302,1
stakeholder relationship,0.15000346302986145,1
stakeholder theory,0.18586744368076324,1
stakeholder-teoria,0.3010559678077698,1
stalinist repressions,0.16276682913303375,1
stalking,0.23761603236198425,1
standardit,0.46608421206474304,1
standardointi,0.16373400390148163,1
standards,0.12983255088329315,0
standing calf raise,0.17651306092739105,1
standing shooting,0.3402274250984192,1
startle-habituaatio,0.24341362714767456,1
startup companies,0.3581271767616272,1
startup-yritykset,0.35838958621025085,1
state,0.1593763530254364,1
state-led gentrification,0.30568668246269226,1
state-of-the-art,0.19595859944820404,1
static analysis,0.17237095534801483,1
stationsundervisning,0.24828042089939117,1
statistic,0.19338613748550415,1
statistical methods,0.32938483357429504,1
statistical models,0.336960107088089,1
statistics (discipline),0.2629198729991913,1
steady-state training,0.2616371810436249,1
steinerin porismi,0.18989410996437073,1
steinerkoulu,0.19157613813877106,1
steinerkoulut,0.14685915410518646,1
steinerpedagogiikka,0.3331174850463867,1
stem cells,0.3727063536643982,1
stemmaus,0.15322323143482208,1
step-aerobic,0.3927469849586487,1
stereotypia,0.3328886926174164,1
stereotypiat,0.4368779957294464,1
stereotypies,0.28940197825431824,1
stereotypisoija,0.18005536496639252,1
stereotypisointi,0.14015235006809235,1
sterolit,0.20744405686855316,1
stewardship,0.11628647893667221,0
stewardship-teoria,0.2001601606607437,1
stimulated recall method.,0.29670006036758423,1
stimulointi,0.18332751095294952,1
stimulus compound,0.24604173004627228,1
stochastic analysis,0.3491098880767822,1
stochastic processes,0.5432904362678528,1
stochastics,0.3716585338115692,1
stock market,0.39194685220718384,1
stock market returns,0.3136064112186432,1
stokastiset prosessit,0.3754478693008423,1
storms,0.18010899424552917,1
storytelling,0.21950793266296387,1
strain,0.20831316709518433,1
strains and stresses,0.39169424772262573,1
strategia,0.5989967584609985,1
strategia käytäntönä,0.11508649587631226,0
strategiakartta,0.3163423538208008,1
strategian toteuttaminen,0.13182054460048676,0
strategiat,0.7343901991844177,1
strategiatyö,0.46821126341819763,1
strategiaviestintä,0.26559358835220337,1
strategic,0.24685828387737274,1
strategic cognition,0.3215409517288208,1
strategic decision-making,0.4060625433921814,1
strategic influencer communication,0.3175607919692993,1
strategic leadership,0.3176467716693878,1
strategic learning cycle,0.2811209261417389,1
strategic self-regulation model of language learning,0.2215731292963028,1
strategies,0.6643295884132385,1
strateginen autonomia,0.30881521105766296,1
strateginen henkilöstöjohtaminen,0.19218969345092773,1
strateginen investointi,0.22820349037647247,1
strateginen johtaminen,0.5271313786506653,1
strateginen muutos,0.28494471311569214,1
strateginen osaamisen johtaminen,0.3634222447872162,1
strateginen rekrytointi,0.2068999707698822,1
strateginen somevaikuttajaviestintä,0.30114325881004333,1
strateginen viestijä,0.22058339416980743,1
strateginen viestintä,0.2719585597515106,1
strateginen yhdenmukaisuus,0.3679875135421753,1
strategisen johdon laskentatoimen menetelmät,0.3035077154636383,1
strategy,0.3392840623855591,1
strategy frame,0.25686803460121155,1
strategy inventory for language learning,0.2642368972301483,1
stratigrafia,0.20182983577251434,1
stratospheric aerosol intervention,0.278633177280426,1
streaming,0.28444671630859375,1
streaming services,0.373614639043808,1
street art,0.2921249270439148,1
strength sport,0.1471305936574936,1
strength training,0.5843181610107422,1
stress,0.34088724851608276,1
stress (biological phenomena),0.235613614320755,1
stress fracture,0.23094001412391663,1
stress injury and cumulative trauma disorder,0.19631238281726837,1
stressi,0.8852207064628601,1
stressinhallinta,0.6196022629737854,1
stressinhallintakeino,0.19700466096401215,1
stressinhallintakeinot,0.33984458446502686,1
stressireaktiot,0.25107958912849426,1
stressitekijä,0.37961459159851074,1
stressitekijä,0.34234628081321716,1
stressitekijät,0.1974029541015625,1
stressor,0.20241451263427734,1
stretch-shortening cycle,0.3070133626461029,1
striatum,0.3955874741077423,1
strong sustainability,0.3315321207046509,1
structural equation modeling (SEM),0.3397354483604431,1
structure (properties),0.13884733617305756,0
strukturaalietiikka,0.22745805978775024,1
strukturaatioteoria,0.5196613073348999,1
strukturalismi,0.2880667746067047,1
student attitudes,0.32030239701271057,1
student culture,0.18550413846969604,1
student engagement,0.22236160933971405,1
student experiences,0.15041790902614594,1
student identity,0.28443461656570435,1
student life,0.22815972566604614,1
student teachers,0.1306675225496292,0
student uptake,0.1959991455078125,1
student-athletes,0.3026207685470581,1
students,0.6682109832763672,1
students' works,0.11273956298828125,0
studies abroad,0.19434897601604462,1
studies in an institution of higher education,0.303453654050827,1
study,0.12271754443645477,0
study abroad,0.23271487653255463,1
study material,0.4458467364311218,1
study of cultures,0.2858492434024811,1
stylistics,0.1807919591665268,1
subcultures,0.2781432569026947,1
subject,0.1859634667634964,1
subject-centered sociocultural approach,0.22946691513061523,1
subjective feeling,0.3383938670158386,1
subjective norm,0.25340181589126587,1
subjective norms,0.26099351048469543,1
subjectivity,0.13827109336853027,0
subjekti,0.37350472807884216,1
subjekti (filosofia),0.31675657629966736,1
subjekti (kirjallisuudentutkimus),0.27420586347579956,1
subjektiivinen hyvinvointi,0.41963765025138855,1
subjektiivinen kokemus,0.16665594279766083,1
subjektiivinen kuormittuneisuuden aste,0.21418450772762299,1
subjektiivinen päivähoito-oikeus,0.32398608326911926,1
subjektiivinen stressi,0.4618046283721924,1
subjektiivisuus,0.44107306003570557,1
subjektipositio,0.6873188614845276,1
subjektivismi,0.14652685821056366,1
subjektiviteetti,0.3454078733921051,1
subsidised employment,0.38422536849975586,1
substanssi,0.1904561072587967,1
substantiivin suku,0.24867083132266998,1
substantiivit,0.1873243898153305,1
substraatti,0.21242760121822357,1
substraatti (filosofia),0.13037535548210144,0
subteksti,0.2259460836648941,1
success,0.5119158029556274,1
success factor,0.31792324781417847,1
success factors,0.4953904449939728,1
succession,0.17852003872394562,1
suffering,0.24012085795402527,1
suhdanne,0.23124493658542633,1
suhdannevaihtelut,0.2288263440132141,1
suhde,0.1846359223127365,1
suhdekehysteoria,0.446770042181015,1
suhdeluku,0.3634830117225647,1
suhdemarkkinointi,0.4815939664840698,1
suhdeperustaisuus,0.35328248143196106,1
suhdetoiminta,0.3850995898246765,1
suhtautuminen,0.4598132073879242,1
suhtautuminen seksuaalivähemmistöihin,0.24468739330768585,1
suhtautumisen teoria,0.2863638401031494,1
suhteellinen energiavaje,0.3331480324268341,1
suhteellinen ikä,0.39168667793273926,1
suhteellinen köyhyys,0.3653298616409302,1
suhteellinen pysyvyys,0.19992245733737946,1
suhteiden ylläpitäminen,0.20074529945850372,1
sujuvuus,0.5665382742881775,1
sukkessio,0.32135435938835144,1
sukset,0.52567458152771,1
suksien voitelu,0.23368695378303528,1
suksivoiteet,0.29592883586883545,1
sukulaiset,0.11808145046234131,0
sukulaisuus,0.18978555500507355,1
sukupolvenvaihdos,0.35062265396118164,1
sukupolvet,0.4764212369918823,1
sukupolvien väliset suhteet,0.2378775179386139,1
sukupolvisopimus,0.30633243918418884,1
sukupuolen moninaisuus,0.35727953910827637,1
sukupuolentutkimus,0.47364214062690735,1
sukupuoli,0.9320440292358398,1
sukupuoli-identiteetti,0.28635287284851074,1
sukupuoliero,0.1794937252998352,1
sukupuolierot,0.6545512080192566,1
sukupuolihistoria,0.4769212603569031,1
sukupuolijakauma,0.1982414573431015,1
sukupuolijousto,0.1580178141593933,1
sukupuolikuva,0.16104860603809357,1
sukupuolimoraali,0.2911882698535919,1
sukupuolineutraali avioliitto,0.2525304853916168,1
sukupuolinäkökulman valtavirtaistaminen,0.2000541090965271,1
sukupuolirooli,0.21026219427585602,1
sukupuolirooliasenteet,0.4080822169780731,1
sukupuoliroolit,0.39615052938461304,1
sukupuolisensitiivisyys,0.48153558373451233,1
sukupuolistavat käytännöt,0.18889471888542175,1
sukupuolistereotypia,0.14663679897785187,1
sukupuolistereotypiat,0.25570517778396606,1
sukupuolistunut väkivalta,0.4054892659187317,1
sukupuolitapaisuus,0.3449892997741699,1
sukupuolitietoinen opetus,0.42348968982696533,1
sukupuolitietoisuus,0.17526458203792572,1
sukupuolittuminen,0.47414395213127136,1
sukupuolivaikutukset,0.1602274775505066,1
sukupuolivalinta,0.38934066891670227,1
sukupuolivähemmistöt,0.42400020360946655,1
sukupuutto,0.35475435853004456,1
sukusiitos,0.25789645314216614,1
sukutuotteiden laatu,0.40104788541793823,1
sulanapito,0.23976995050907135,1
sulautettu järjestelmä,0.41829752922058105,1
sulautuva opetus,0.5126546621322632,1
sulautuva oppiminen,0.2448374181985855,1
sulfaatit,0.2458423227071762,1
sulfaattimassa,0.13269519805908203,0
sulhaset,0.11258638650178909,0
sumulaskenta,0.1995939463376999,1
suo,0.43573325872421265,1
suodattaminen,0.4311525821685791,1
suodatusnopeus,0.2717645764350891,1
suoekosysteemi,0.2807374596595764,1
suojaravintoaineet,0.2712291479110718,1
suojaus,0.3709142506122589,1
suojauslaskenta,0.23220792412757874,1
suojaustasot,0.16567493975162506,1
suojautuminen,0.4207141697406769,1
suojautumistavat,0.2795436978340149,1
suojelu,0.2806336283683777,1
suojeluskunnat,0.23922204971313477,1
suojeluvastuu,0.24943183362483978,1
suokasvillisuus,0.21696427464485168,1
suolat,0.22295868396759033,1
suolisto,0.24910935759544373,1
suolistomikrobisto,0.27254217863082886,1
suolistosyövät,0.15835653245449066,1
suomalainen alkoholinkäytön kulttuurinen malli,0.20899845659732819,1
suomalainen kulttuuri,0.1907162070274353,1
suomalainen rauhanturvaaja,0.2985145151615143,1
suomalainen underground,0.15698730945587158,1
suomalainen viittomakieli,0.6368668079376221,1
suomalaiset,0.4744952321052551,1
suomalaiset pörssiyhtiöt,0.19913777709007263,1
suomalaiset sotavangit,0.15561531484127045,1
suomalaisuus,0.6338070631027222,1
suomen kieli,0.7177519798278809,1
suomenkarja,0.2547650635242462,1
suomenkielinen kielikylpy,0.23353612422943115,1
suomenkieliset,0.0844881609082222,0
suomenruotsi,0.21550624072551727,1
suomi,0.15617337822914124,1
suomi  toisena kielenä,0.38972580432891846,1
suomi toisena kielenä,0.7257846593856812,1
suomi toisena kielenä (S2),0.14707615971565247,1
suomi toisena kielenä -opetus,0.2728530168533325,1
suomi toisena kielenä opetus,0.20415277779102325,1
suomi vieraana kielenä,0.29175493121147156,1
suomi-rap,0.26987046003341675,1
suora demokratia,0.20232073962688446,1
suora mattotesti,0.38663962483406067,1
suora toiminta,0.33864718675613403,1
suorakäyttö,0.2698882818222046,1
suoratoisto,0.4190233647823334,1
suoratoistopalvelut,0.5388050079345703,1
suoravastaanotto,0.20595301687717438,1
suorittava työ,0.23759795725345612,1
suorituksen johtaminen,0.234138622879982,1
suoritus-lähestymisorientaatio,0.1674695760011673,1
suoritus-välttämisorientaatio,0.16828231513500214,1
suoritusanalyysi,0.35211074352264404,1
suoritusjärjestys,0.2936334013938904,1
suorituskyky,0.8555755019187927,1
suorituskykymittaristot,0.1730937957763672,1
suorituskykytestit,0.31268519163131714,1
suorituskyvyn potentoituminen,0.2426552027463913,1
suoritusmittarit,0.25014176964759827,1
suoritusstrategia,0.32306182384490967,1
suoritusstrategiat,0.6074872612953186,1
suoritustaso,0.24839234352111816,1
suoritustason mittarit,0.36219322681427,1
suoritustekniikka,0.40016427636146545,1
suoriutuminen,0.18968164920806885,1
suosio,0.3035472333431244,1
suosittelu,0.35480114817619324,1
suosittelujärjestelmä,0.28030768036842346,1
suosittelujärjestelmät,0.37358424067497253,1
suositukset,0.3117028474807739,1
suostuttelu,0.3642927408218384,1
suot,0.4540349543094635,1
super-P,0.15600994229316711,1
superconductivity,0.5196034908294678,1
superconductor-insulator transition,0.29719823598861694,1
superoksidi,0.2663304805755615,1
superpower,0.2610715925693512,1
superruoka,0.11894809454679489,0
supersankarit,0.36487826704978943,1
supersankaruus,0.14998185634613037,1
supersymmetria,0.3178606927394867,1
supervision,0.10085669904947281,0
supervisor role,0.11276224255561829,0
supplementation,0.329234778881073,1
suppliers,0.2776148021221161,1
support,0.45581579208374023,1
supportiivinen viestintä,0.26259541511535645,1
supporting,0.10932490229606628,0
supportive learning environment,0.2229182869195938,1
suprajohtava tunneliliitos,0.12747959792613983,0
suprajohtavuus,0.49694424867630005,1
suprajohteet,0.21927988529205322,1
sureminen,0.1837199330329895,1
suru,0.54747474193573,1
surukäsitys,0.23342107236385345,1
surutyö,0.3618214726448059,1
survey,0.337005078792572,1
susi,0.22673822939395905,1
suspension formulations,0.19281193614006042,1
sustainability,0.5381580591201782,1
sustainability competence development,0.21496883034706116,1
sustainability impact assessment,0.17702893912792206,1
sustainability management,0.32207947969436646,1
sustainability management implementation,0.31799405813217163,1
sustainability management model,0.19389887154102325,1
sustainability reporting,0.5435013175010681,1
sustainability strategy,0.1554887294769287,1
sustainable HRM,0.274558424949646,1
sustainable agriculture,0.26536083221435547,1
sustainable business practice,0.2751350402832031,1
sustainable careers,0.1887500286102295,1
sustainable construction,0.26835712790489197,1
sustainable consumption,0.2888396680355072,1
sustainable development,0.8153360486030579,1
sustainable development goals,0.2821834087371826,1
sustainable food,0.2140623778104782,1
sustainable forest management,0.2660042345523834,1
sustainable livelihood,0.2049764096736908,1
sustainable product design,0.20691309869289398,1
sustainable provision,0.19860534369945526,1
suullinen ilmaisu,0.2568471133708954,1
suullinen kielitaito,0.508216381072998,1
suullinen palaute,0.1430109441280365,1
suun terveys,0.49194610118865967,1
suun terveysneuvonta,0.1309438943862915,0
suunnistus,0.21201741695404053,1
suunnitellun käyttäytymisen teoria,0.3540485203266144,1
suunnitelmat,0.16524013876914978,1
suunnittelu,0.5112242102622986,1
suunnittelu ja kehittäminen,0.2144458293914795,1
suunnittelu- ja organisointitaidot,0.24492251873016357,1
suunnittelumallit,0.5288503170013428,1
suunnittelutiede,0.4351416826248169,1
suunnittelutieteellinen tutkimus,0.23680417239665985,1
suunnittelutieteet,0.33711716532707214,1
suunnittelututkimus,0.2626902759075165,1
suuren erotuskyvyn nestekromatografia,0.31630951166152954,1
suuret kielimallit,0.26456931233406067,1
suurienergiafysiikka,0.40284672379493713,1
suurvallat,0.20414279401302338,1
suurvaltapolitiikka,0.4344312250614166,1
suuryritykset,0.2679228186607361,1
suvaitsevaisuus,0.31786078214645386,1
suvereniteetti,0.33231502771377563,1
suvullinen lisääntyminen,0.10394257307052612,0
svenska,0.3880983591079712,1
svenska språket,0.22589504718780518,1
svenskinlärning,0.26360857486724854,1
svensklärare,0.18076537549495697,1
svenskundervisning,0.443004846572876,1
switching behavior,0.28898438811302185,1
syanobakteeri,0.16884806752204895,1
sydämen sykkeen tunnistustehtävä,0.19242069125175476,1
sydän,0.44277939200401306,1
sydän- ja verisuonitaudit,0.5332689881324768,1
sydänkuntoutujat,0.4471825063228607,1
sydäntaudit,0.3504762351512909,1
sydänterveys,0.49954086542129517,1
syke,0.7032564878463745,1
sykemittari,0.16938303411006927,1
sykemittarit,0.3325594663619995,1
sykeseuranta,0.29815617203712463,1
sykevaihtelu,0.3495267331600189,1
sykevälivaihtelu,0.6831672787666321,1
sykliset koodit,0.16702067852020264,1
syklisyys,0.22670938074588776,1
syklobutaani,0.21777503192424774,1
syljen kortisoli,0.38353219628334045,1
symboli,0.08799665421247482,0
symboliantropologia,0.09114338457584381,0
symboliikka,0.3495293855667114,1
symbolinen pääoma,0.182130828499794,1
symbolismi,0.23442211747169495,1
symbolit,0.6694389581680298,1
symmetria,0.18742114305496216,1
symmetrinen matriisi,0.33278101682662964,1
sympaattinen hermosto,0.276035875082016,1
synaptic plasticity,0.3903517723083496,1
synchrony,0.39614126086235046,1
synestesia,0.26250410079956055,1
synkronia,0.4312947988510132,1
synkronointi,0.40835538506507874,1
synnytys,0.4593850374221802,1
synnytyskokemus,0.3495628833770752,1
synnytystuki,0.35760706663131714,1
synnytysväkivalta,0.22587639093399048,1
synonymia,0.5584359169006348,1
synopsis,0.19631880521774292,1
synovitis,0.20971591770648956,1
syntax,0.35524266958236694,1
synteesi,0.48493772745132446,1
synteettinen potentiaali,0.16607490181922913,1
syntetisaattori,0.15758678317070007,1
syntymäaika,0.14170627295970917,1
syntymäkuukausi,0.2587064504623413,1
syntymäpaino,0.2133622020483017,1
syntyperä,0.2170880138874054,1
syrjintä,0.37275975942611694,1
syrjäinen maaseutu,0.18204091489315033,1
syrjäseudut,0.21913191676139832,1
syrjäytyminen,0.6935492753982544,1
syrjäytymisriski,0.13777589797973633,0
syrjäytyneet,0.21285364031791687,1
systeemiajattelu,0.20703858137130737,1
systeeminen toimintamali,0.21836921572685242,1
systeemiriski,0.2359234094619751,1
systeemis-funktionaalinen kielioppi,0.554888904094696,1
systeemis-funktionaalinen kieliteoria,0.6630125641822815,1
systeemiteoria,0.33272993564605713,1
system development,0.4089936316013336,1
system of higher education,0.13671500980854034,0
systemaattinen kirjallisuuskatsaus,0.22883310914039612,1
systemaattinen observointi,0.36997395753860474,1
systemaattiset kirjallisuuskatsaukset,0.6168152689933777,1
systematic reviews,0.5212312340736389,1
systemic functional linguistics,0.17253826558589935,1
systems  approach,0.23821191489696503,1
systems thinking,0.12938155233860016,0
sytokiinit,0.28313302993774414,1
syvyyspsykologia,0.15670795738697052,1
syväoppiminen,0.3492601811885834,1
syyllisyys,0.1910463124513626,1
syyt,0.1608169972896576,1
syöminen,0.3768145442008972,1
syömishäiriöt,0.41310328245162964,1
syömiskäyttäytyminen,0.38296812772750854,1
syöpäsolut,0.22476232051849365,1
syöpätaudit,0.3509414792060852,1
sädehoito,0.1777704358100891,1
sähkö- ja elektroniikkaromu,0.34361132979393005,1
sähköautot,0.19915719330310822,1
sähköinen asiointi,0.5715418457984924,1
sähköinen kirja,0.20294933021068573,1
sähköinen koe,0.3361916244029999,1
sähköinen laskutus,0.27954792976379395,1
sähköinen leimausjärjestelmä,0.27219006419181824,1
sähköinen liikenne,0.19402635097503662,1
sähköinen oppikirja,0.40625569224357605,1
sähköinen oppimateriaali,0.19373029470443726,1
sähköinen oppiminen,0.3455585539340973,1
sähköinen oppimisympäristö,0.2756623327732086,1
sähköinen raha,0.15288424491882324,1
sähköinen taloushallinto,0.191603884100914,1
sähköiset arkistot,0.32145193219184875,1
sähköiset ominaisuudet,0.13114826381206512,0
sähköiset palvelut,0.3848724663257599,1
sähköistämisprojekti,0.15526966750621796,1
sähköjohdannainen,0.1842794120311737,1
sähkökemia,0.30581551790237427,1
sähkökirjat,0.28986257314682007,1
sähkömagneettinen säteily,0.24245788156986237,1
sähkömagneettinen vuorovaikutus,0.309858500957489,1
sähkömarkkinat,0.29608526825904846,1
sähkön ja lämmön yhteistuotanto,0.3857589662075043,1
sähkön pientuotanto,0.232383593916893,1
sähkönjohtavuus,0.6086174249649048,1
sähköntuotanto,0.40464019775390625,1
sähköposti,0.5160548090934753,1
sähköpostimarkkinointi,0.2671144902706146,1
sähköverkot,0.3989273011684418,1
säieteoria,0.35220956802368164,1
säilytysviljely,0.2981199324131012,1
säilömuisti,0.2572863698005676,1
sämplerit,0.2530946135520935,1
särki,0.330700546503067,1
särkikalat,0.34961917996406555,1
särö,0.11587409675121307,0
säteenseuranta,0.4152456521987915,1
säteily,0.3925110399723053,1
säteilyannokset,0.36200636625289917,1
säteilyfysiikka,0.10866944491863251,0
säteilynvaikutukset,0.3183779716491699,1
säteilysuojaus,0.30773526430130005,1
säteilyturvallisuus,0.13875171542167664,0
sävellysprosessi,0.2376805990934372,1
säveltapailu,0.291559100151062,1
säveltäjät,0.3283613920211792,1
säveltäminen,0.5077779293060303,1
sää,0.2892262935638428,1
säädyt,0.2118428498506546,1
säädökset,0.36807140707969666,1
sääkset,0.24651695787906647,1
sääksi,0.3191595673561096,1
säänennustus,0.22668901085853577,1
säännölliset monitahokkaat,0.2928817868232727,1
säännöstely,0.398350328207016,1
säännöt,0.24599991738796234,1
sääntely,0.5239807367324829,1
säärisuojat,0.42296627163887024,1
sääsket,0.28218674659729004,1
säätely,0.4301808774471283,1
säätiöt,0.11813464760780334,0
sääty-yhteiskunta,0.39258745312690735,1
säätyläiset,0.20565709471702576,1
säätyläiskodit,0.2198389619588852,1
taajuus,0.2829335927963257,1
taajuusalueet,0.14087267220020294,1
tablet-laitteet,0.17988300323486328,1
tablet-tietokone,0.3645145297050476,1
tabletit,0.21735414862632751,1
tabletti,0.34730347990989685,1
tabu,0.19628793001174927,1
tabut,0.2809877395629883,1
tactile,0.14250408113002777,1
taekwondo,0.2809182107448578,1
tagit,0.20657755434513092,1
tahaton lapsettomuus,0.3118137717247009,1
tahdonalainen lihasaktivaatio,0.18091975152492523,1
tahto,0.20120801031589508,1
taide,0.6548471450805664,1
taide ja kulttuuri,0.17187754809856415,1
taide- ja kulttuurilaitos,0.20317257940769196,1
taide-elämä,0.16323859989643097,1
taideaineet,0.23539799451828003,1
taideala,0.429967999458313,1
taidefilosofia,0.34777918457984924,1
taidegrafiikka,0.2545928657054901,1
taidehankinnat,0.12032496184110641,0
taideharrastukset,0.27043765783309937,1
taidehistoria,0.5814376473426819,1
taideilmaisu,0.2648589015007019,1
taidekasvatus,0.5977255702018738,1
taidekauppa,0.24205927550792694,1
taidekokemukset,0.29426777362823486,1
taidekokoelmat,0.17926444113254547,1
taidekäsitykset,0.27815988659858704,1
taidelähtöiset menetelmät,0.23973873257637024,1
taidemaailma,0.12072807550430298,0
taidemaalarit,0.2831236720085144,1
taidematkailija,0.18673168122768402,1
taidematkailu,0.1543707251548767,1
taidemuseot,0.4148598909378052,1
taidemusiikki,0.5284533500671387,1
taidenäyttelyt,0.2974681258201599,1
taidepedagogiikka,0.3432992994785309,1
taidepolitiikka,0.253915399312973,1
taidepsykoterapia,0.348415344953537,1
taidesosiologia,0.14794038236141205,1
taideteokset,0.20154327154159546,1
taideteollisuus,0.16194048523902893,1
taideteoriat,0.2818570137023926,1
taideterapia,0.5609452128410339,1
taidetoimikunnat,0.17451539635658264,1
taideväärennökset,0.23551930487155914,1
taideyhdistykset,0.17165052890777588,1
taidon oppiminen,0.34727078676223755,1
taidot,0.5334808230400085,1
taikapiiri,0.2256498783826828,1
taimen,0.2782355546951294,1
taipuva pietsokalvo,0.19519634544849396,1
taistelualus,0.43073371052742004,1
taistelujärjestelmä,0.4055892527103424,1
taistelunjohtaminen,0.19083812832832336,1
taistolaisuus,0.3253856301307678,1
taitavuus,0.4814263582229614,1
taiteellinen toimijuus,0.1922333687543869,1
taiteen perusopetus,0.6576613187789917,1
taiteen teoriat,0.19464872777462006,1
taiteen tukeminen,0.23662954568862915,1
taiteentutkimus,0.16950854659080505,1
taiteet,0.45392096042633057,1
taiteidenvälisyys,0.21096336841583252,1
taiteilijamyytti,0.22233183681964874,1
taiteilijaresidenssiohjelma,0.26799705624580383,1
taiteilijat,0.6245443820953369,1
taiteilijatuki,0.1830574870109558,1
taiteilijuus,0.48434704542160034,1
taito,0.3026277720928192,1
taito- ja taideaineet,0.24598200619220734,1
taitoaineet,0.19863876700401306,1
taitoharjoittelu,0.4348606467247009,1
taitoluistelu,0.2167070358991623,1
taitovalmiustesti,0.3458101153373718,1
taivutus,0.3799252510070801,1
tajunta,0.23748145997524261,1
takaisinperintä,0.2293795645236969,1
takaisinsironta,0.1832897663116455,1
taksonikoostumus,0.22096078097820282,1
taktiikka,0.33133041858673096,1
taktinen toimijuus,0.22661565244197845,1
talent,0.3254128396511078,1
tallaus,0.2979162335395813,1
tallennus,0.21773512661457062,1
taloudellinen hyvinvointi,0.21380019187927246,1
taloudellinen integraatio,0.26806265115737915,1
taloudellinen kehitys,0.32636842131614685,1
taloudellinen käyttäytyminen,0.289517343044281,1
taloudellinen niukkuus,0.3394262194633484,1
taloudellinen suorituskyky,0.1702890545129776,1
taloudellinen vastuu,0.2416784018278122,1
taloudelliset kriisit,0.12475565075874329,0
taloudelliset toimintamahdollisuudet,0.1823662668466568,1
taloudelliset vaikutukset,0.43337613344192505,1
taloudellisuus,0.2837646007537842,1
talous,0.481279581785202,1
talousarviot,0.3435433804988861,1
taloushallinnon asiantuntijatyö,0.35235610604286194,1
taloushallinto,0.5784686207771301,1
taloushistoria,0.5633930563926697,1
talousjohtaminen,0.19587750732898712,1
talousjournalismi,0.22577838599681854,1
talouskasvatus,0.18093156814575195,1
talouskasvu,0.23002362251281738,1
talouslukutaito,0.359784334897995,1
talousosaaminen,0.3141263425350189,1
talouspakotteet,0.3049714267253876,1
talouspolitiikka,0.36518335342407227,1
talouspäälliköt,0.2774040997028351,1
talousraportointi,0.23321491479873657,1
talousrikokset,0.27105239033699036,1
taloussosiologia,0.45780253410339355,1
taloussuunnittelu,0.23038557171821594,1
talousteoriat,0.11718572676181793,0
taloustieteet,0.4880351722240448,1
taloyhtiölaina,0.18523816764354706,1
talteenotto,0.39828333258628845,1
talviurheilu,0.2057197093963623,1
tangenttiavaruus,0.20994020998477936,1
tankotanssi,0.24018654227256775,1
tanssi,0.44651439785957336,1
tanssi- ja liiketerapia,0.22222156822681427,1
tanssijat,0.28482791781425476,1
tanssikasvatus,0.3468590974807739,1
tanssikuntoutus,0.3209627866744995,1
tanssikäsitys,0.27800145745277405,1
tanssimusiikki,0.16532030701637268,1
tanssinopetus,0.39512893557548523,1
tanssiteokset,0.2431088238954544,1
tanssiterapia,0.2448173612356186,1
tanssiurheilu,0.2692895233631134,1
tapaamisoikeus,0.25795722007751465,1
tapahtuman ympäristövaikutukset,0.2959933280944824,1
tapahtumasidonnainen herätevaste,0.2542976438999176,1
tapahtumasidonnainen herätevaste (ERP),0.4327602684497833,1
tapahtumat,0.5654307007789612,1
tapahtumatuotanto,0.35000088810920715,1
tapahtumatutkimus,0.3880506753921509,1
tapaluokat,0.4133691191673279,1
tapaturmantorjunta,0.21992194652557373,1
tapaturmat,0.29297855496406555,1
tapaustutkimus,0.8123331069946289,1
tapayrittäjyys,0.3553871512413025,1
target groups,0.18108178675174713,1
target language,0.20933948457241058,1
target-malli,0.27265992760658264,1
tarhaus,0.4328775107860565,1
tarina,0.34772318601608276,1
tarinahieronta,0.23853950202465057,1
tarinakonteksti,0.3805767893791199,1
tarinallinen,0.16585424542427063,1
tarinankerronta,0.5067206025123596,1
tarinat,0.5280349254608154,1
tarjoukset,0.1702677607536316,1
tarjouma,0.19180919229984283,1
tarkekirjoitus,0.178109273314476,1
tarkkaavaisuuden jakaminen,0.3601859509944916,1
tarkkaavaisuuden suuntaaminen,0.16950909793376923,1
tarkkaavaisuus,0.8413756489753723,1
tarkkaavuuden elpymisen teoria,0.3471582531929016,1
tarkkaavuus,0.2524622082710266,1
tarkkailu,0.33366286754608154,1
tarmokkuus,0.3422909677028656,1
tarpeet,0.48258572816848755,1
tarve,0.2001565843820572,1
tarveharkinta,0.3150833249092102,1
tarvekartoitus,0.2680209279060364,1
tarveteoria,0.21251831948757172,1
tasa-arvo,0.7187665104866028,1
tasa-arvopolitiikka,0.20070838928222656,1
tasa-arvosuunnitelmat,0.26398158073425293,1
tasa-arvoviranomaiset,0.15704424679279327,1
tasaisuus,0.3068702816963196,1
tasannevuodet,0.2671084403991699,1
tasapaino,0.6246524453163147,1
tasapainon varmuus,0.3389154374599457,1
tasapainotettu mittaristo,0.42730286717414856,1
tasapainottava valinta,0.13139358162879944,0
tasavaltalaisuus,0.2398625612258911,1
tasavirtapiiri,0.2581556439399719,1
taseet,0.33750221133232117,1
taseet (kirjanpito),0.26487454771995544,1
task-based language learning and teaching,0.2315962016582489,1
task-based language teaching,0.31796032190322876,1
tasohyppelypelit,0.23534364998340607,1
tasoryhmä,0.2978438138961792,1
tatuointi,0.29597076773643494,1
taudinaiheuttajat,0.5851169228553772,1
taudit,0.3483784794807434,1
taukoliikunta,0.39099738001823425,1
taulut,0.3491075336933136,1
taulutietokone,0.3617730438709259,1
taulutietokoneet,0.5813411474227905,1
tauot,0.4545515179634094,1
tausta- ja tilannetekijät,0.18712298572063446,1
taustamusiikki,0.2879398763179779,1
taustatekijät,0.4013221561908722,1
tavaraistuminen,0.24726985394954681,1
tavaramerkit,0.24004365503787994,1
tavarantoimittajat,0.40874117612838745,1
tavat (tapakulttuuri),0.1822923868894577,1
tavoite,0.28537076711654663,1
tavoiteorientaatio,0.6635410189628601,1
tavoiteristiriidat,0.32264047861099243,1
tavoitettavuus,0.4978102147579193,1
tavoitteellinen kehittäminen,0.3693908154964447,1
tavoitteenasettelu,0.22350777685642242,1
tavoitteet,0.5439692735671997,1
tavut,0.18225324153900146,1
tavutus,0.2279481142759323,1
taxation,0.22526320815086365,1
taxonomic impediment,0.141409233212471,1
teacher,0.22893567383289337,1
teacher cognition,0.26327207684516907,1
teacher cognition research,0.1953936070203781,1
teacher collaboration,0.320928692817688,1
teacher education,0.19700583815574646,1
teacher evaluation,0.2556956112384796,1
teacher identity,0.2564089000225067,1
teacher motivation,0.24902339279651642,1
teacher overload,0.34391966462135315,1
teacher professional development,0.3807634115219116,1
teacher role,0.16234390437602997,1
teacher self-efficacy,0.3084234893321991,1
teacher stress,0.20964622497558594,1
teacher survey,0.19446976482868195,1
teacher training,0.5515974760055542,1
teacher training institutions,0.19756244122982025,1
teacher training programme,0.30593958497047424,1
teacher-pupil relationship,0.19793036580085754,1
teacherhood,0.28944987058639526,1
teachers,0.7113078236579895,1
teachers' beliefs,0.16936953365802765,1
teachers' personal theories,0.26541265845298767,1
teachers; Venäjä,0.14395776391029358,1
teachers’ attitudes,0.2783380150794983,1
teachers’ collaboration.,0.2432985156774521,1
teachers’ lives,0.34246164560317993,1
teachers’ professional development,0.2644439935684204,1
teachers’ self-efficacy,0.2744557559490204,1
teacher’s feeling in evaluation process,0.13992713391780853,0
teacher’s perspective,0.25374603271484375,1
teacher‟s role,0.17124740779399872,1
teaching,0.41366344690322876,1
teaching and instruction,0.7081494331359863,1
teaching integration,0.3117534816265106,1
teaching material package,0.1984955072402954,1
teaching materials,0.2797018587589264,1
teaching methods,0.3445540964603424,1
teaching music,0.37382635474205017,1
teaching practices,0.21492280066013336,1
teaching sector,0.1899285614490509,1
teaching vocabulary,0.17372745275497437,1
team games (sports),0.27308863401412964,1
team identity,0.18037548661231995,1
team sports,0.4470269978046417,1
team teaching,0.2890174090862274,1
teams,0.20458155870437622,1
teamwork,0.19376103579998016,1
teatteri,0.43079444766044617,1
teatteri-ilmaisu,0.23843660950660706,1
teatteritaide,0.3888041377067566,1
technical translation,0.29856833815574646,1
techno-human,0.3205758035182953,1
technological development,0.3596865236759186,1
technological evolution,0.26236093044281006,1
technological frontier,0.1650920957326889,1
technology,0.5964693427085876,1
technology (information),0.17554302513599396,1
technology acceptance,0.21140675246715546,1
technology adoption,0.39413875341415405,1
technology roadmap,0.3788324296474457,1
technology-mediated communication,0.3647734522819519,1
teema-analyysi,0.1763460487127304,1
teema-areena,0.32049065828323364,1
teemahaastattelu,0.31340181827545166,1
teemahaastattelut,0.3679811954498291,1
teemahaastettelu,0.2657521367073059,1
teemakirjoittaminen,0.1785004884004593,1
teemat,0.572913408279419,1
teemoittelu,0.5301141738891602,1
teemojen hallinta,0.28214794397354126,1
teenage learners,0.25504249334335327,1
teeri,0.3533668518066406,1
teho,0.24598287045955658,1
tehoharjoittelu,0.26834648847579956,1
tehoharjoitus,0.1895803064107895,1
tehokkuus,0.5166617631912231,1
tehokomponentti,0.3756471872329712,1
tehostaminen,0.3741031885147095,1
tehostettu palveluasuminen,0.5049484968185425,1
tehostettu tuki,0.27685993909835815,1
tehtaat,0.45172256231307983,1
tehtävien välttämisorientaatio,0.19739565253257751,1
tehtäväjohtaminen,0.13015279173851013,0
tehtäväkohtaiset pisteet,0.2572174668312073,1
tehtäväkäsitykset,0.3188948631286621,1
tehtävänannot,0.18397961556911469,1
tehtäväorientaatio,0.2660219371318817,1
tehtävät,0.4085780382156372,1
tehtävätaktiikka,0.12223821133375168,0
tehtävää välttelevä käyttäytyminen,0.22865362465381622,1
tehtävää välttävä käyttäytyminen,0.3378629684448242,1
tehtävään suuntautunut käyttäytyminen,0.2647574841976166,1
teippaus,0.21036078035831451,1
tekijyys,0.36977025866508484,1
tekijänoikeus,0.35724198818206787,1
tekniikanvaihdot,0.4323302209377289,1
tekniikkalehdet,0.20362819731235504,1
tekninen dokumentaatio,0.21031704545021057,1
tekninen kääntäminen,0.29036566615104675,1
tekninen lukutaito,0.2583448588848114,1
tekninen mediakontrollistrategia,0.22309263050556183,1
tekninen työ,0.13909806311130524,0
tekno-distressi,0.25329720973968506,1
tekno-eustressi,0.26312458515167236,1
teknologia,0.877781093120575,1
teknologia-ala,0.24323472380638123,1
teknologiakasvatus,0.38857564330101013,1
teknologian adaptaatio,0.4795752167701721,1
teknologian hyväksyminen,0.5579410791397095,1
teknologian hyväksyminen ja käyttöönotto,0.1963474303483963,1
teknologian hyväksymismalli,0.4152125418186188,1
teknologian käyttöönotto,0.3266347050666809,1
teknologian omaksumattomuus,0.21853762865066528,1
teknologian omaksuminen,0.5935010313987732,1
teknologiapolitiikka,0.19397686421871185,1
teknologiasuhde,0.23645319044589996,1
teknologiat,0.3816350996494293,1
teknologiavälitteinen vuorovaikutus,0.2475283145904541,1
teknologiavuorovaikutus,0.15285228192806244,1
teknologiavälitteinen  vuorovaikutus,0.22926285862922668,1
teknologiavälitteinen vuorovaikutus,0.26267191767692566,1
teknologiavälitteiset kokoukset,0.2535882890224457,1
teknologiayritykset,0.29952946305274963,1
teknologinen kehitys,0.5709664821624756,1
teknologinen lukutaito,0.3223032057285309,1
teknostressi,0.7378941774368286,1
teknostressin lieventäminen,0.3257213830947876,1
teknostressitekijät,0.40451380610466003,1
teknoylikuormitus,0.3466627597808838,1
tekonivelet,0.49892157316207886,1
tekoäly,0.8473796844482422,1
tekoäly ohjelmistojen laadunvarmistuksessa,0.33553266525268555,1
tekstianalytiikka,0.42625677585601807,1
tekstianalyysi,0.42109373211860657,1
tekstiiliala,0.20741824805736542,1
tekstilajit,0.5413734316825867,1
tekstilingvistiikka,0.3218831717967987,1
tekstintutkimus,0.6269943714141846,1
tekstinymmärtäminen,0.47783833742141724,1
tekstit,0.40197986364364624,1
tekstitaito,0.5510538220405579,1
tekstityypit,0.15835358202457428,1
tele-visit,0.26942694187164307,1
teleala,0.29037779569625854,1
teleasentaja,0.16868381202220917,1
telecommunications networks,0.29092738032341003,1
telecommuting,0.3494321405887604,1
telelääketiede,0.27734267711639404,1
telemedicine,0.30591925978660583,1
teleoperaattori,0.3345474302768707,1
teleoperaattorit,0.37878209352493286,1
teleoperators,0.3394290804862976,1
telerehabilitation,0.4217914342880249,1
teletekninen asiantuntija,0.22623513638973236,1
televalvonta,0.3258702754974365,1
televisio,0.5906999707221985,1
televisio-ohjelmat,0.29896873235702515,1
televisiokanavat,0.24757683277130127,1
televisiomainonta,0.3385878801345825,1
television advertising,0.19806089997291565,1
televisiosarjat,0.5033389329910278,1
teleyrityksen häiriötiedottaminen,0.2761969566345215,1
telinevoimistelu,0.38405418395996094,1
temaattinen analyysi,0.4949090778827667,1
temaområden,0.20812951028347015,1
tempaus,0.39659497141838074,1
temperament,0.45555034279823303,1
temperamentti,0.7697329521179199,1
temperamenttipiirteet,0.15604127943515778,1
temperamenttiyhdistelmät,0.1584755927324295,1
temperature,0.19874964654445648,1
tempo,0.4024532437324524,1
temporaalinen lähde,0.31539246439933777,1
temporary agency employment,0.16014684736728668,1
temporary agency work,0.18773125112056732,1
temporary agency workers,0.2541895806789398,1
tendinitis,0.18724003434181213,1
tendinopathy,0.1899677962064743,1
tendinosis,0.1573159098625183,1
tennis,0.2605188488960266,1
tennis forehand,0.29228875041007996,1
tensiotyyppinen päänsärky,0.3064236342906952,1
teokset,0.3113296627998352,1
teollinen,0.41264599561691284,1
teollisuus,0.361362487077713,1
teollisuusalueet,0.20445476472377777,1
teollisuustilasto,0.18359188735485077,1
teollisuusyritykset,0.3525007963180542,1
teoreettinen fysiikka,0.17168715596199036,1
teoriaa rakentava tapaustutkimus,0.2612050771713257,1
teoriaohjaava sisällönanalyysi,0.24107688665390015,1
teoriat,0.4854426383972168,1
teosluettelot,0.27710896730422974,1
teosofia,0.3055052161216736,1
terapeutin toiminta,0.29960885643959045,1
terapeutin vastaanottavuus,0.25211209058761597,1
terapeutin vastaukset,0.5002341270446777,1
terapeutit,0.5791425108909607,1
terapeutti,0.38072511553764343,1
terapeuttien käyttämät keinot,0.25357598066329956,1
terapeuttinen harjoittelu,0.5476192235946655,1
terapeuttinen kirjoittaminen,0.16598984599113464,1
terapeuttinen kuvataide,0.4290143549442291,1
terapeuttinen musiikkikasvatus,0.2036495953798294,1
terapeuttinen muutos,0.30975931882858276,1
terapeuttinen päiväkirja,0.18850582838058472,1
terapeuttinen sidos,0.512143611907959,1
terapeuttinen suhde,0.27868369221687317,1
terapeuttinen toiminta,0.2818201780319214,1
terapeuttinen vuorovaikutus,0.25049108266830444,1
terapeuttiset puhetavat,0.29147595167160034,1
terapeuttisuus,0.21874959766864777,1
terapia,0.2916499376296997,1
terminologia,0.18106360733509064,1
termogravimetria,0.11223534494638443,0
terpenoidi,0.21050302684307098,1
terrori-iskut,0.3598926365375519,1
terrorism,0.22970907390117645,1
terrorismi,0.7265347242355347,1
tertiary education,0.40074601769447327,1
terve ikääntyminen,0.17577029764652252,1
terveellinen ruoka,0.21613742411136627,1
terveellisyys,0.29834508895874023,1
tervehdykset,0.32239407300949097,1
terveyden edistäminen,0.6639155149459839,1
terveyden ja hyvinvoinnin edistäminen,0.20640426874160767,1
terveyden lukutaito,0.5370050072669983,1
terveyden sosiaaliset määrittäjät,0.38100436329841614,1
terveydenhoitajat,0.23379485309123993,1
terveydenhuollon sosiaalityö,0.43680039048194885,1
terveydenhuolto,0.7042850255966187,1
terveydenhuoltoaate,0.12066039443016052,0
terveydenhuoltoala,0.45137637853622437,1
terveydenhuoltohenkilöstö,0.1635267585515976,1
terveys,0.7801967859268188,1
terveys- ja hyvinvointibloggaajat,0.19767926633358002,1
terveysala,0.4640491008758545,1
terveysalan digitalisaatio,0.3118511438369751,1
terveysammattilaiset,0.2603141963481903,1
terveyserot,0.36172300577163696,1
terveyshallinnon näkökulma,0.2077530324459076,1
terveyshallintotiede,0.22704578936100006,1
terveyskasvatus,0.26647046208381653,1
terveyskeskukset,0.2224469929933548,1
terveyskunto,0.28961774706840515,1
terveyskäyttäytyminen,0.5500223636627197,1
terveysliikunta,0.32022711634635925,1
terveysneuvonta,0.613804817199707,1
terveysongelmat,0.22903256118297577,1
terveyspalvelujen käyttö,0.42841818928718567,1
terveyspalvelut,0.4641684293746948,1
terveyssosiaalityö,0.13635067641735077,0
terveyssosiologia,0.18508248031139374,1
terveystieto,0.5035918354988098,1
terveystietoisuus,0.20068958401679993,1
terveysvaikutukset,0.4122820198535919,1
terveysviestintä,0.43021923303604126,1
test automation,0.19894181191921234,1
testauksen laatutekijät,0.32448655366897583,1
testaus,0.7629827260971069,1
testausautomaatio,0.29691529273986816,1
testimonials,0.34918418526649475,1
testing,0.31170791387557983,1
testiskripti,0.3256218135356903,1
testit,0.5504072904586792,1
testosterone,0.1554611176252365,1
testosteroni,0.467435359954834,1
textbook analysis,0.2690447270870209,1
textbooks,0.4557349383831024,1
texts,0.1901998519897461,1
textual analysis,0.2613202631473541,1
textual metafunction,0.18823005259037018,1
the Nordics,0.13775967061519623,0
the UK,0.2683227062225342,1
the media,0.18906442821025848,1
thematic analysis,0.1797201782464981,1
thematic interview,0.22346529364585876,1
themes,0.3117815852165222,1
theory of planned behaviour,0.16559718549251556,1
therapeutic alliance,0.17343905568122864,1
therapeutic dialogues,0.29497429728507996,1
therapeutic discourses,0.387214720249176,1
therapeutic equilibrium,0.24558554589748383,1
therapeutic interaction,0.2974618971347809,1
therapy,0.25603172183036804,1
thermal bonding,0.10501079261302948,0
thermoplastic starch,0.23942168056964874,1
theta-aktiivisuus,0.4738190472126007,1
thin films,0.3211962580680847,1
third sector,0.4925729036331177,1
threat appraisal,0.273844450712204,1
threats,0.37745633721351624,1
three-dimensionality,0.15426784753799438,1
thunder,0.13540774583816528,0
tiaiset,0.2404329627752304,1
tidigarelagd språkundervisning,0.19055552780628204,1
tidning,0.22400180995464325,1
tiede,0.26451629400253296,1
tiedekasvatus,0.344880610704422,1
tiedelehdet,0.24709370732307434,1
tiedeviestintä,0.39017245173454285,1
tiedolla johtaminen,0.5212597250938416,1
tiedon jakaminen,0.16942454874515533,1
tiedon johtaminen,0.20498280227184296,1
tiedon tallennus,0.20907753705978394,1
tiedon välittyminen,0.2937600612640381,1
tiedonhaku,0.3926893472671509,1
tiedonhallinta,0.6114347577095032,1
tiedonhallintajärjestelmät,0.355655312538147,1
tiedonhallintalaki,0.31390315294265747,1
tiedonhallintataidot,0.1450011134147644,1
tiedonhankinta,0.46169984340667725,1
tiedonhankintataidot,0.24993745982646942,1
tiedonkulku,0.31578484177589417,1
tiedonkäsittely,0.2643324136734009,1
tiedonkäsitys,0.295585960149765,1
tiedonlouhinta,0.5698690414428711,1
tiedonsiirto,0.4476626515388489,1
tiedonsosiologia,0.3005692958831787,1
tiedontarve,0.4121863842010498,1
tiedonvälitys,0.22613941133022308,1
tiedostot,0.2350149005651474,1
tiedotus,0.20028063654899597,1
tiedotuslehdet,0.26331856846809387,1
tiedustelu,0.5341847538948059,1
tiedustelupalvelut,0.32578161358833313,1
tiedusteluprosessi,0.2619502544403076,1
tiedustelusykli,0.2599014639854431,1
tieteellinen kirjoittaminen,0.07606318593025208,0
tieteenfilosofia,0.349682480096817,1
tieteenhistoria,0.21564316749572754,1
tieteentutkimus,0.23412184417247772,1
tieteiselokuvat,0.2879221737384796,1
tieteissarjat,0.1682203859090805,1
tieto,0.6386916041374207,1
tieto- ja viestintärikokset,0.2569289207458496,1
tieto- ja viestintätekniikka,0.7890581488609314,1
tieto- ja viestintätekniikka-ala,0.37146762013435364,1
tieto- ja viestintäteknologia,0.4576403498649597,1
tietoarkkitehtuuri,0.5233376026153564,1
tietoinen läsnäolo,0.6121782064437866,1
tietointensiivinen organisaatio,0.2452394813299179,1
tietoisuus,0.491910845041275,1
tietoisuustaidot,0.19225232303142548,1
tietojenkalastelu,0.32971322536468506,1
tietojenkalasteluhyökkäys,0.33673691749572754,1
tietojenkäsittely,0.37647753953933716,1
tietojenluovutus,0.2360362708568573,1
tietojohtaminen,0.42553603649139404,1
tietojohtamisen kyvykkyys,0.267199844121933,1
tietojärjestelmien integraatio,0.20227453112602234,1
tietojärjestelmien ylläpito,0.45150670409202576,1
tietojärjestelmähankinta,0.3439686596393585,1
tietojärjestelmät,0.8483375906944275,1
tietojärjestelmätiede,0.21859170496463776,1
tietokannat,0.3393280506134033,1
tietokirjallisuus,0.17881733179092407,1
tietokoneavusteinen opetus,0.38761332631111145,1
tietokoneavusteinen oppiminen,0.3294384479522705,1
tietokoneen aktiivikäyttäjä,0.13344569504261017,0
tietokoneen käyttö,0.24446111917495728,1
tietokoneet,0.5228738784790039,1
tietokonegrafiikka,0.3998571038246155,1
tietokoneistettu arviointi,0.31261777877807617,1
tietokoneohjelmat,0.671394944190979,1
tietokonepeli,0.16913065314292908,1
tietokonepelit,0.3797157108783722,1
tietokoneverkot,0.23765751719474792,1
tietokyky,0.14038312435150146,1
tietoliikenne,0.3480437099933624,1
tietoliikenneasentaja,0.17932862043380737,1
tietoliikenneasentajat,0.10463313013315201,0
tietoliikennetekniikka,0.523855447769165,1
tietoliikenneverkot,0.27560216188430786,1
tietomurto,0.2539542615413666,1
tietopääoma,0.20785094797611237,1
tietosuoja,0.6493308544158936,1
tietosuoja-asetus,0.4148664176464081,1
tietotekniikan ammattilaiset,0.2283060997724533,1
tietotekniikan käyttö,0.24465130269527435,1
tietotekniikka,0.8482488989830017,1
tietotekniikka-ala,0.5694048404693604,1
tietotekniikkayritykset,0.3644372522830963,1
tietoteknikka,0.33652952313423157,1
tietotekniset taidot,0.3146524429321289,1
tietoteoria,0.4963923692703247,1
tietoturva,0.8215695023536682,1
tietoturva-arkkitehtuuri,0.25007766485214233,1
tietoturvakulttuuri,0.32841756939888,1
tietoturvakäyttäytyminen,0.23131252825260162,1
tietoturvakäytänteet,0.3080209493637085,1
tietoturvallisuuden hallinta,0.3371266722679138,1
tietoturvallisuuden hallintajärjestelmä,0.20811694860458374,1
tietoturvallisuus,0.5391053557395935,1
tietoturvan hallintajärjestelmä,0.2911073863506317,1
tietoturvaohjeistus,0.32624539732933044,1
tietoturvapolitiikka,0.4833987057209015,1
tietoturvastandardi,0.43587934970855713,1
tietoturvastandardisarja,0.290228933095932,1
tietoturvastrategia,0.5617766976356506,1
tietoturvatietoisuus,0.18706122040748596,1
tietoturvauhkat,0.34247714281082153,1
tietoturvavaatimukset,0.2944318354129791,1
tietotyö,0.6146530508995056,1
tietotyöläinen,0.303434282541275,1
tietoverkot,0.5424603819847107,1
tietoyhteiskunta,0.4072135090827942,1
tietämyksen jakaminen,0.31827643513679504,1
tietämyksen jakamisen esteet,0.3244578242301941,1
tietämyksenhallinta,0.6606177091598511,1
tietämys,0.4767199456691742,1
tietämys diabeteksen riskitekijöistä,0.40371623635292053,1
tiheys,0.20603686571121216,1
tiheysfunktionaaliteoria,0.41034135222435,1
tihkuva auttamistapa,0.3363650441169739,1
tiilirakennukset,0.3494422435760498,1
tiimi,0.2605329155921936,1
tiimin psykologinen turvallisuus,0.3329887390136719,1
tiimin työn imu,0.21086938679218292,1
tiimin työn tuunaus,0.25261276960372925,1
tiimipalaverit,0.21473611891269684,1
tiimit,0.7180963158607483,1
tiimit viestintänä,0.1994207352399826,1
tiimityö,0.514653742313385,1
tila,0.3710736036300659,1
tilaaja-tuottaja-toimintatapa,0.1233893483877182,0
tilaajat,0.43997064232826233,1
tilannekuva,0.39310422539711,1
tilannesidonnainen väkivalta,0.23201170563697815,1
tilannetietoisuus,0.24525855481624603,1
tilasiirtymä,0.12346858531236649,0
tilastolliset mallit,0.3114842176437378,1
tilastomenetelmät,0.3964816927909851,1
tilastotiede,0.49380359053611755,1
tilat,0.27653253078460693,1
tilaukset,0.47369715571403503,1
tilinpäätös,0.5343040227890015,1
tilinpäätösanalyysi,0.2848420739173889,1
tilinpäätösraportointi,0.1559593677520752,1
tilintarkastajat,0.4352516233921051,1
tilintarkastuksen automaatio,0.2582510709762573,1
tilintarkastuksen kiirekausi,0.2720750868320465,1
tilintarkastuksen laatu,0.42094334959983826,1
tilintarkastus,0.629067599773407,1
tilintarkastuslaki,0.30912527441978455,1
tilintarkastusriski,0.18605878949165344,1
tilintarkastustyö,0.19909849762916565,1
tilintarkastusyhteisö,0.16268056631088257,1
tilintekovelvollisuus,0.25376152992248535,1
tilivelvollisuus,0.22646789252758026,1
tilkityt tauot,0.3583897650241852,1
timber harvesting,0.13841237127780914,0
timbre,0.3706010580062866,1
timbre space,0.28330811858177185,1
time,0.18459239602088928,1
time loss,0.2731136381626129,1
time series,0.3958680331707001,1
time-course of adaptations,0.3109726011753082,1
time-harmonic,0.2892509400844574,1
time-loss,0.25841382145881653,1
time-of-flight,0.22748859226703644,1
time-varying returns,0.32916733622550964,1
titaani,0.25070586800575256,1
todennäköisyys,0.3206493556499481,1
todennäköisyysjakaumien yhdistäminen,0.30399948358535767,1
todennäköisyyslaskenta,0.22338593006134033,1
todentaminen,0.35127806663513184,1
todistajanlausunto,0.27337637543678284,1
toimeenpano,0.24583075940608978,1
toimeenpanoteoria,0.2549646198749542,1
toimeentulo,0.3457863926887512,1
toimeentulotuki,0.4271499812602997,1
toimialahistoria,0.18869909644126892,1
toimialan kehitys,0.287073016166687,1
toimialat,0.4635988473892212,1
toimijat,0.4150210916996002,1
toimijaverkkoteoria,0.6034149527549744,1
toimijuuden modaliteetit,0.3457520306110382,1
toimijuuden modaliteettiteoria,0.23046305775642395,1
toimijuus,0.8802416920661926,1
toiminimet,0.2030586302280426,1
toiminnallinen kieltenopetus,0.2559971809387207,1
toiminnallinen kytkeytyneisyys,0.25913846492767334,1
toiminnallinen magneettikuvaus,0.24787160754203796,1
toiminnallinen matematiikka,0.19840386509895325,1
toiminnallinen opetus,0.5571091175079346,1
toiminnallinen oppiminen,0.4144858419895172,1
toiminnallinen ryhmä,0.37943679094314575,1
toiminnalliset menetelmät,0.4721795618534088,1
toiminnalliset opetusmenetelmät,0.2591038942337036,1
toiminnallisuus,0.5357170104980469,1
toiminnan jatkuvuus ja varautuminen,0.2149183303117752,1
toiminnan johtaminen,0.22536717355251312,1
toiminnan teoria,0.3239879906177521,1
toiminnanohjaus,0.6739749312400818,1
toiminnanohjaus (organisaatiot),0.41773664951324463,1
toiminnanohjaus (psykologia),0.5072737336158752,1
toiminnanohjausjärjestelmä,0.16486839950084686,1
toiminnanohjausjärjestelmät,0.5347145795822144,1
toiminnanvaikutusanalyysi,0.49642714858055115,1
toiminta,0.32384902238845825,1
toiminta-alueittain järjestettävä opetus,0.45236295461654663,1
toiminta-alueittaiset tavoitteet,0.27064067125320435,1
toimintahäiriöt,0.4102230966091156,1
toimintajärjestelmät,0.3495151400566101,1
toimintakertomukset,0.2229761779308319,1
toimintakulttuuri,0.6651862263679504,1
toimintakyky,0.7284256219863892,1
toimintakykykysely,0.32762113213539124,1
toimintamahdollisuudet,0.17604441940784454,1
toimintamalli,0.39467230439186096,1
toimintamallit,0.5646684169769287,1
toimintaohjeet,0.2697904407978058,1
toimintarajoitteet,0.273368239402771,1
toimintarajoitteiden ja terveyden kansainvälinen luokitus (ICF),0.3328036367893219,1
toimintatavat,0.4939407706260681,1
toimintaterapeutit,0.23318924009799957,1
toimintaterapia,0.5040985345840454,1
toimintatila,0.17611408233642578,1
toimintatutkimus,0.6992296576499939,1
toimintavalmiusteoria,0.3994162082672119,1
toimintaympäristö,0.3298594057559967,1
toimintaympäristöanalyysi,0.3906295895576477,1
toimintaympäristön muutos,0.26968052983283997,1
toimistotyö,0.3851352632045746,1
toimitilat,0.18038803339004517,1
toimittajat,0.613383948802948,1
toimittajat (media),0.3067532479763031,1
toimitusjohtajat,0.2218424677848816,1
toimitusketjut,0.3251396417617798,1
toimitustyö,0.48424941301345825,1
toinen kieli,0.6480625867843628,1
toinen maailmansota,0.6096650958061218,1
toipuminen,0.4356634020805359,1
toisella kielellä lukeminen,0.3248462378978729,1
toisen asteen koulutus,0.6960486173629761,1
toisen asteen opinnot,0.21770049631595612,1
toisen asteen opiskelijat,0.38420867919921875,1
toisen kielen oppiminen,0.18975421786308289,1
toisen sukupolven maahanmuuttajat,0.22806042432785034,1
toiseuden representaatiot,0.24380722641944885,1
toiseus,0.6184931397438049,1
toistettavuus,0.5262854099273682,1
toistettujen mittausten varianssianalyysi,0.2177608758211136,1
toisto,0.25613343715667725,1
toistuva sprinttikyky,0.24785874783992767,1
toiveet,0.2531608045101166,1
toivo,0.3396814465522766,1
tokamak,0.31460583209991455,1
token sales,0.12319272011518478,0
tokens,0.2624345123767853,1
toksikologia,0.2267879843711853,1
tomografia,0.49657678604125977,1
tonaalisuus,0.24018603563308716,1
tone color,0.3488638997077942,1
tone sequence,0.2889864444732666,1
tonus,0.38519829511642456,1
tool evaluation criteria,0.1981583833694458,1
topologinen aste,0.16222915053367615,1
torjunta,0.36461567878723145,1
torjunta-aineet,0.18553689122200012,1
tornit,0.32020458579063416,1
torque losses,0.28967151045799255,1
tosi - tv,0.1895838975906372,1
tosi-tv,0.2893272638320923,1
total ionizing dose (TID),0.17820590734481812,1
total quality management,0.35507625341415405,1
tottelevaisuus,0.252684623003006,1
totuus,0.11641658842563629,0
toukat,0.19991718232631683,1
toukkavaihe,0.2359902560710907,1
tourism,0.4886825978755951,1
tourism businesses,0.24379698932170868,1
tourism discourse,0.22217878699302673,1
tourist destinations,0.34866586327552795,1
tourist experience,0.17352716624736786,1
toverisuosio,0.30725619196891785,1
toxicity,0.1940852552652359,1
trace,0.12718652188777924,0
trace conditioning,0.3639940619468689,1
track and field,0.23428700864315033,1
trade agreements,0.3218904137611389,1
trade with convenience goods,0.29714009165763855,1
trade-off,0.2291845679283142,1
traditio,0.2236344814300537,1
traditional training,0.30052775144577026,1
trafficked brides,0.18274863064289093,1
tragediat,0.27543631196022034,1
training,0.33132612705230713,1
training background,0.2559695243835449,1
training cessation,0.2619049549102783,1
training low,0.14459937810897827,1
training programmes,0.1595127135515213,1
training system,0.2812930643558502,1
traits,0.23491761088371277,1
trajectory patterns,0.16199401021003723,1
transaction data,0.20281149446964264,1
transcranial Direct Current Stimulation,0.18381434679031372,1
transcranial direct current stimulation,0.3019162118434906,1
transcranial magnetic stimulation,0.3509146273136139,1
transfer,0.2230510115623474,1
transferi,0.19908879697322845,1
transformaatio,0.4904404878616333,1
transformatiivinen kuluttajatutkimus,0.3250540792942047,1
transformatiivinen muutos,0.25971633195877075,1
transformation,0.26175403594970703,1
transformational leadership,0.35725024342536926,1
transformative education,0.16620159149169922,1
transistorit,0.0811699852347374,0
transistors,0.14664383232593536,1
transition governance,0.3275752067565918,1
transkraniaalinen magneettistimulaatio,0.22600510716438293,1
transkraniaalinen tasavirtastimulaatio,0.2305322140455246,1
transkultuurinen,0.1509411633014679,1
translanguaging,0.3164876103401184,1
translanguaging space,0.18778343498706818,1
translating,0.2019626945257187,1
translation,0.3401879370212555,1
translation problem,0.341012567281723,1
translation problems,0.265681654214859,1
translations,0.24140484631061554,1
transmedia,0.31750980019569397,1
transmediaalisuus,0.17428095638751984,1
transnationaalisuus,0.37869709730148315,1
transnational feminism,0.13286128640174866,0
transparency,0.14164406061172485,1
transport tax,0.2972865104675293,1
transruumiillisuus,0.24539019167423248,1
transtekstuaalisuus,0.18665741384029388,1
transtheoretical model,0.16964270174503326,1
transversal competence,0.21217361092567444,1
transversal competences,0.2141934335231781,1
trauma,0.2537408173084259,1
trauma culture,0.18669217824935913,1
trauma experiences,0.27229586243629456,1
trauma talk,0.2570977509021759,1
traumaattinen affekti,0.11860504001379013,0
traumafiktio,0.3211476802825928,1
traumakokemukset,0.40510135889053345,1
traumakulttuuri,0.1680804044008255,1
traumapuhe,0.2901548743247986,1
traumas (mental objects),0.34100237488746643,1
traumat,0.46895506978034973,1
traumatic affect,0.12446555495262146,0
traumatiimi,0.486776739358902,1
travel,0.18644656240940094,1
travel literature,0.13929474353790283,0
travel magazines,0.24222508072853088,1
travelogues (literature),0.12591113150119781,0
trehaloosi,0.22146427631378174,1
trehalose,0.2670636475086212,1
trematode,0.1895127296447754,1
triathletes,0.41967472434043884,1
triathlon,0.3576669991016388,1
tribuutti,0.18663035333156586,1
triglycerides,0.234686940908432,1
trigonometriset funktiot,0.20491258800029755,1
triple bottom line,0.21411378681659698,1
true crime,0.3259890675544739,1
trust,0.433525025844574,1
tsunami,0.19840672612190247,1
tubettajuus,0.25171351432800293,1
tubettaminen,0.3666127920150757,1
tuen hakeminen,0.1612011343240738,1
tuen kirjaaminen,0.28346511721611023,1
tuen muodot,0.31276780366897583,1
tuen tarpeet,0.38034647703170776,1
tuen tarve,0.14755332469940186,1
tuentarpeen tunnistaminen,0.21795757114887238,1
tuentarve,0.3341984450817108,1
tuettu työ,0.25076618790626526,1
tuettu työllistyminen,0.46505865454673767,1
tuhohyönteiset,0.3824879229068756,1
tuhoutuminen,0.23453505337238312,1
tukea tarvitseva lapsi,0.22128723561763763,1
tukea tarvitsevat oppilaat,0.2988607585430145,1
tukeminen,0.5901198983192444,1
tuki,0.4057520031929016,1
tuki- ja liikuntaelimet,0.2947717308998108,1
tuki- ja liikuntaelinoire,0.4593714475631714,1
tuki- ja liikuntaelinten oireilu,0.309232622385025,1
tuki- ja liikuntaelinten taudit,0.38834840059280396,1
tuki- ja liikuntaelinvammat,0.3256334364414215,1
tukihenkilöt,0.17105646431446075,1
tukikeinot,0.20872284471988678,1
tukimuodot,0.6664734482765198,1
tukipalvelut,0.24504274129867554,1
tukiperheet,0.1784134805202484,1
tukitoimet,0.22000311315059662,1
tukiviittomat,0.12383192032575607,0
tulehdukselliset suolistosairaudet,0.20936493575572968,1
tulevaisuuden osaaminen,0.2867317795753479,1
tulevaisuuden taidot,0.27096185088157654,1
tulevaisuuden työ,0.22212105989456177,1
tulevaisuudenkuva,0.1731896549463272,1
tulevaisuudenodotukset,0.3686106503009796,1
tulevaisuus,0.39104944467544556,1
tulevaisuusajattelun historia,0.2523721754550934,1
tulevaisuuskuva,0.22275039553642273,1
tulevaisuusorientaatio,0.2211267054080963,1
tulkinta,0.722798228263855,1
tulkintakehys,0.34885600209236145,1
tulkintarepertuaari,0.39820030331611633,1
tulkit,0.13203071057796478,0
tulkitseva tutkimus,0.2368457317352295,1
tulkkipalvelut,0.23633985221385956,1
tuloerot,0.3700587749481201,1
tuloksellisuus,0.3104362487792969,1
tuloksenohjaus,0.23821306228637695,1
tulonjako,0.19257992506027222,1
tulosbudjetointi,0.3724459111690521,1
tulosennustaminen,0.3919070363044739,1
tulosjohtaminen,0.24248865246772766,1
tulosmittari,0.14178332686424255,1
tulosperusteinen rahoitussopimus,0.3415161073207855,1
tulot,0.3391992151737213,1
tulotaso,0.27741435170173645,1
tulovalvonta,0.2531518042087555,1
tuma,0.37118613719940186,1
tumblr,0.201052725315094,1
tundra,0.14039362967014313,1
tuning,0.2613790035247803,1
tunne,0.21825885772705078,1
tunne-elämä,0.45182615518569946,1
tunne-elämältään epävakaa persoonallisuus,0.24149338901042938,1
tunne-elämän häiriöt,0.29701897501945496,1
tunne-elämän kehitys,0.3091171681880951,1
tunne-elämän vahvuus,0.1832885891199112,1
tunneilmaisu,0.3899058997631073,1
tunneilmasto,0.21048802137374878,1
tunneinterventio,0.24851387739181519,1
tunnekasvatus,0.3837970793247223,1
tunnekasvatus-materiaali,0.2197621613740921,1
tunnekeskeinen,0.24238568544387817,1
tunnemuistot,0.15665195882320404,1
tunneoireet,0.14234569668769836,1
tunnepuhe,0.24746137857437134,1
tunnerakenne,0.19451595842838287,1
tunnetaidot,0.7148391008377075,1
tunnetila,0.39331483840942383,1
tunnetilat,0.26311102509498596,1
tunnetoimijuus,0.4061279296875,1
tunnetuki,0.39004582166671753,1
tunnetyö,0.12433736026287079,0
tunneyhteys,0.21831020712852478,1
tunneäly,0.7303599715232849,1
tunnistaminen,0.4147624671459198,1
tunnistautuminen,0.29971522092819214,1
tunnisteet,0.2645874619483948,1
tunnusluku,0.18192094564437866,1
tunnusluvut,0.48776647448539734,1
tunnusluvut ja ristiintaulukointi,0.25258776545524597,1
tunnustaminen (filosofia),0.16193145513534546,1
tunnustuksen filosofia,0.2357473373413086,1
tunnustus,0.23901058733463287,1
tunnustussuhteet,0.1726076602935791,1
tunteet,0.8746119737625122,1
tunteiden käsittely,0.1878114491701126,1
tunteiden säätely,0.6029461622238159,1
tuntijako,0.2332940399646759,1
tuoliltanousutesti,0.20303647220134735,1
tuomiokirjat,0.3008733093738556,1
tuore kangas,0.25507059693336487,1
tuotannontekijät,0.25765469670295715,1
tuotanto,0.4163239300251007,1
tuotekehitys,0.3399961590766907,1
tuotepohjainen ohjelmistokehitys,0.33184680342674255,1
tuotetiedot,0.3742215931415558,1
tuoton sujuvuus,0.37657737731933594,1
tuottajat,0.3656097948551178,1
tuottaminen,0.2739223539829254,1
tuottavuus,0.48529553413391113,1
tuotteistus,0.2310175597667694,1
tuotto,0.5165599584579468,1
tupakkateollisuus,0.19065257906913757,1
tupakointi,0.6511126756668091,1
turbiinit,0.21549563109874725,1
turismi,0.3947772681713104,1
turismin antropologia,0.1300252377986908,0
turkistarhaiskut,0.40166690945625305,1
turkistarhat,0.2863631546497345,1
turskakalat,0.25677046179771423,1
turvakodit,0.3031071424484253,1
turvallinen viestintäilmapiiri,0.2625431418418884,1
turvallistaminen,0.2761744260787964,1
turvallisuus,0.7360532879829407,1
turvallisuusarkkitehtuuri,0.26214489340782166,1
turvallisuusjohtaminen,0.3501697778701782,1
turvallisuuskriittiset palvelut,0.1922556459903717,1
turvallisuuskulttuuri,0.3828318417072296,1
turvallisuuskysymykset,0.20732234418392181,1
turvallisuuskäsitys,0.21389815211296082,1
turvallisuusneuvosto,0.11535841226577759,0
turvallisuuspalvelut,0.296693354845047,1
turvallisuuspoliisi,0.2725358307361603,1
turvallisuuspolitiikka,0.6260426640510559,1
turvallisuusstressi,0.34328559041023254,1
turvallisuustutkimus,0.32933586835861206,1
turvallisuusvalvomo,0.42982929944992065,1
turvallisuusympäristö,0.258426308631897,1
turvapaikanhakija,0.14026960730552673,1
turvapaikanhakijat,0.29891616106033325,1
turvattomuus,0.49509069323539734,1
turvotus,0.20668084919452667,1
tutkat,0.2525779604911804,1
tutkijat,0.3640441298484802,1
tutkimus,0.5936389565467834,1
tutkimusetiikka,0.1429673731327057,1
tutkimuslaitokset,0.18517841398715973,1
tutkimusryhmät,0.289760023355484,1
tutkimusyksiköiden väliset erot,0.26805076003074646,1
tutkiva keskutelu,0.24202461540699005,1
tutkiva oppiminen,0.5313113927841187,1
tutkivan oppimisen ohjaus,0.5217324495315552,1
tutorointi,0.20569384098052979,1
tuulienergia,0.544050931930542,1
tuulipuistot,0.21853163838386536,1
tuuliturbiini,0.26761332154273987,1
tuuliturbiinit,0.187932550907135,1
tuulivoimalat,0.31613942980766296,1
tuulivoimapuisto,0.22705906629562378,1
tuunaus,0.25869202613830566,1
tvåspråkig undervisning,0.3089505732059479,1
tvåspråkighet,0.30957671999931335,1
twelve fifth-tones tuning,0.16601677238941193,1
twins,0.2771698534488678,1
twitch,0.24621915817260742,1
two photon oxidized,0.1512463241815567,1
ty-töt,0.359712153673172,1
tyhjiö,0.2658981382846832,1
tyhjyys,0.2648533582687378,1
tyhjät tauot,0.361481249332428,1
tyky-toiminta,0.27601057291030884,1
työstressi,0.25037553906440735,1
työyhteisöviestintä,0.25754815340042114,1
typ 2-diabetes,0.30614855885505676,1
type 2 diabetes,0.2899917662143707,1
typensidonta,0.18594364821910858,1
typensitojamikrobit,0.3048337697982788,1
tyrosine kinase,0.4052116572856903,1
tyttäret,0.2952706217765808,1
tyttökirjat,0.2577495276927948,1
tyttöseminaari,0.15012837946414948,1
tyttötutkimus,0.2062719613313675,1
tyttötyö,0.3099878430366516,1
tyttöys,0.26219189167022705,1
tytöt,0.6824109554290771,1
tyydyttymätön liikunnantarve,0.3345203995704651,1
tyyli,0.21832427382469177,1
tyylikaudet,0.1709180623292923,1
tyylintutkimus,0.346774160861969,1
tyylit,0.24939851462841034,1
tyypilliset ja poikkeukselliset elämäntapahtumat,0.2729203402996063,1
tyypillisyys,0.24919560551643372,1
tyypin 1. diabetes,0.23451147973537445,1
tyypin 2 diabetes,0.37231966853141785,1
tyypin 2diabetes,0.28865790367126465,1
tyypin II funktionaalinen vaste,0.29226404428482056,1
tyyppijärjestelmät,0.3796791434288025,1
tyytyväisyys,0.5033372640609741,1
työ,0.7983435988426208,1
työ ja perhe,0.14339692890644073,1
työ- ja elinkeinotoimistot,0.2957853376865387,1
työaika,0.632731556892395,1
työajan lyhentäminen,0.21271222829818726,1
työasennot,0.4693615436553955,1
työehtosopimukset,0.22466696798801422,1
työelämä,0.8244257569313049,1
työelämälähtöisyys,0.3367255628108978,1
työelämän kestävyys,0.23230266571044922,1
työelämän murros,0.20466424524784088,1
työelämän muutokset,0.3457418382167816,1
työelämän muutos,0.37216442823410034,1
työelämänäkymät,0.29746654629707336,1
työelämäohjaus,0.2575802505016327,1
työelämäpedagogiikka,0.2929080128669739,1
työelämäpedagoginen yhteistyö,0.232522651553154,1
työelämässä oppiminen,0.28305038809776306,1
työelämätaidot,0.41529202461242676,1
työelämätaito,0.15897947549819946,1
työelämävalmiudet,0.28356438875198364,1
työelämävastaavuus,0.22494173049926758,1
työelämäverkostoituminen,0.20350274443626404,1
työhaastattelija,0.2729406952857971,1
työhaastattelut,0.39525851607322693,1
työhyvinvoinnin johtaminen,0.23407036066055298,1
työhyvinvointi,0.8858626484870911,1
työhyvinvointi ja työhön sitoutuminen,0.16187529265880585,1
työhön liittyvä muuttoliike,0.21537689864635468,1
työhön perehdyttäminen,0.2648451626300812,1
työhön sitoutuminen,0.4410022795200348,1
työhönotto,0.33602631092071533,1
työhönvalmennus,0.19995617866516113,1
työidentiteettivalmennus,0.2746555805206299,1
työikäiset,0.24954979121685028,1
työilmapiiri,0.4958125054836273,1
työkalutuettu kommunikaatio,0.23110556602478027,1
työkokemus,0.3998018801212311,1
työkulttuuri,0.2870402932167053,1
työkuormitus,0.3884299695491791,1
työkyky,0.6592969298362732,1
työkykyindeksi,0.11342813819646835,0
työkykyjohtaminen,0.22113236784934998,1
työlainsäädäntö,0.2775627076625824,1
työllistyminen,0.5669373273849487,1
työllistyvyys,0.38259074091911316,1
työllistäminen,0.274707555770874,1
työllisyys,0.5697356462478638,1
työllisyysosuus,0.21943378448486328,1
työllisyyspolitiikka,0.186012402176857,1
työläiset,0.41090744733810425,1
työläisnaiset,0.2501598596572876,1
työläisurheilu,0.24022942781448364,1
työmarkkina-asema,0.20210431516170502,1
työmarkkinapolitiikka,0.23474277555942535,1
työmarkkinat,0.7109369039535522,1
työmarkkinatulemat,0.19297583401203156,1
työmarkkinoiden segmentoituminen,0.2303217351436615,1
työmatka,0.2243773192167282,1
työmatkat,0.21384817361831665,1
työmatkat (työpaikalle),0.30502745509147644,1
työmenetelmät,0.28952106833457947,1
työmotivaatio,0.5843546390533447,1
työmuisti,0.6592872142791748,1
työmuistin kapasiteetti,0.3078494369983673,1
työmuistin vaiheet,0.47409069538116455,1
työn  voimavarat,0.26113197207450867,1
työn fyysinen kuormittavuus,0.42092886567115784,1
työn hallinta,0.21814438700675964,1
työn imu,0.7242278456687927,1
työn intensifikaatio,0.4715651869773865,1
työn ja perheen suhde,0.233158677816391,1
työn ja perheen yhteensovittaminen,0.36811190843582153,1
työn ja perheen yhteensovittamisongelma,0.2458466738462448,1
työn kuormittavuus,0.6473090648651123,1
työn laatu,0.2404528707265854,1
työn merkityksellisyys,0.26535820960998535,1
työn merkitykset,0.32932814955711365,1
työn merkitys,0.2902165949344635,1
työn mielekkyys,0.2854909300804138,1
työn miellyttävyys,0.14846812188625336,1
työn muutos,0.43186429142951965,1
työn organisointi,0.3565535247325897,1
työn taloustiede,0.17095725238323212,1
työn tulevaisuus,0.40114930272102356,1
työn tulo–osuus,0.24238237738609314,1
työn tuunaus,0.2532751262187958,1
työn täyttymykset,0.29728010296821594,1
työn vaatimukset ja voimavarat,0.24617667496204376,1
työn vaatimusten ja voimavarojen malli,0.31343328952789307,1
työn voimavarat,0.21085353195667267,1
työn ydinosaamisalueet,0.37487882375717163,1
työnantajabrändi,0.22957806289196014,1
työnantajakuva,0.20743075013160706,1
työnantajan houkuttelevuus,0.31514444947242737,1
työnantajat,0.4949871003627777,1
työnhakijat,0.4134083092212677,1
työnjako,0.2449229210615158,1
työnkuva,0.5143278241157532,1
työnohjaajat,0.24167218804359436,1
työnopetus,0.2937869429588318,1
työntekijyys,0.3296133279800415,1
työntekijä,0.32291361689567566,1
työntekijäintegraatio,0.2830163836479187,1
työntekijäkuva,0.26223820447921753,1
työntekijälähettilyys,0.5005350708961487,1
työntekijälähettiläisyys,0.3827633559703827,1
työntekijät,0.8333256840705872,1
työntutkimus,0.40733277797698975,1
työnäyte,0.16235260665416718,1
työnäytegradu,0.1415509283542633,1
työoikeus,0.26583975553512573,1
työolot,0.41236910223960876,1
työorganisaatiositoutuminen,0.20364953577518463,1
työpaikan tuki,0.22780989110469818,1
työpaikan vaihto,0.2104511708021164,1
työpaikanvaihtoaikeet,0.387033611536026,1
työpaikat,0.1856449544429779,1
työpaikkailmoitukset,0.2984178364276886,1
työpaikkakiusaaminen,0.5040074586868286,1
työpaikkakoulutus,0.19440147280693054,1
työpaikkaliikunta,0.320024311542511,1
työpaikkaohjaajat,0.31871816515922546,1
työpaikkaopiskelu,0.32649287581443787,1
työpaikkaväkivalta,0.304097980260849,1
työpajat,0.4201093018054962,1
työpajatoiminta,0.2541155517101288,1
työperäinen hyväksikäyttö,0.3378159701824188,1
työperäinen maahanmuutto,0.3760879635810852,1
työperäinen stressi,0.24391506612300873,1
työperäiset sairaudet,0.2873627245426178,1
työpolitiikka,0.19230568408966064,1
työprosessit,0.20982061326503754,1
työpsykologia,0.2966058850288391,1
työrauha,0.4682486057281494,1
työrauha (työyhteisöt),0.49894508719444275,1
työrauhahäirio,0.27701911330223083,1
työrauhahäiriö,0.2539154887199402,1
työryhmät,0.15137790143489838,1
työskentely ulkomailla,0.3923487365245819,1
työskentelytavat,0.21641260385513306,1
työssä jaksaminen,0.4875287115573883,1
työssä jatkaminen,0.3668709397315979,1
työssä kehittyminen,0.37698373198509216,1
työssä oppiminen,0.24312618374824524,1
työssä viihtyminen,0.3439820110797882,1
työssäkäynti,0.1399480700492859,0
työssäkäyvät köyhät,0.2653919458389282,1
työssäoppiminen,0.5628438591957092,1
työstressi,0.1919468194246292,1
työtaistelut,0.367493212223053,1
työtapa,0.3058176040649414,1
työtapaturmat,0.38297703862190247,1
työtavat,0.3640834391117096,1
työtavoitteet,0.23688924312591553,1
työterveys,0.36098116636276245,1
työterveyshoitajat,0.5481140613555908,1
työterveyshuolto,0.48691144585609436,1
työtilat,0.2009461373090744,1
työttömyys,0.748647153377533,1
työttömät,0.2796671688556671,1
työtuolit,0.5099048614501953,1
työturvallisuus,0.3499862253665924,1
työtyytymättömyys,0.27885252237319946,1
työtyytyväisyys,0.48598340153694153,1
työura,0.6470237970352173,1
työurajohtaminen,0.29928189516067505,1
työuran kestävyys,0.26484039425849915,1
työurapolku,0.20764687657356262,1
työuupumus,0.47287118434906006,1
työvalmennus,0.39742565155029297,1
työvalmentajat,0.26829272508621216,1
työviihtyvyys,0.3837786614894867,1
työvoima,0.39317649602890015,1
työvoiman tarjonta,0.1911758929491043,1
työvoimapolitiikka,0.27592018246650696,1
työvoimapula,0.20058850944042206,1
työvoimatoimistot,0.39190903306007385,1
työväenliike,0.5244379639625549,1
työväenluokka,0.2604580223560333,1
työvälineet,0.2215060144662857,1
työyhteisö,0.47788968682289124,1
työyhteisö ja työorganisaatio,0.33200594782829285,1
työyhteisön tuki,0.13832056522369385,0
työyhteisön vuorovaikutus,0.24064725637435913,1
työyhteisösovittelu,0.2957681119441986,1
työyhteisöt,0.8816915154457092,1
työyhteisötaidot,0.6102895736694336,1
työyhteisöviestintä,0.47451022267341614,1
työympäristö,0.5385626554489136,1
tägit,0.23110103607177734,1
tähdet,0.22851957380771637,1
tähteys,0.22708196938037872,1
täplärapu,0.4141266345977783,1
täpläsiilikäs,0.4936937987804413,1
täydennyskoulutus,0.6227902173995972,1
täysistunto,0.22275280952453613,1
täysistuntokeskustelu,0.14848369359970093,1
täysivaltaisuus,0.3764932155609131,1
täystyöllisyys,0.18013200163841248,1
uhanalaisuus,0.40909984707832336,1
uhat,0.5299541354179382,1
uhka-alttius,0.3414788544178009,1
uhka-arviot,0.16523052752017975,1
uhkakuva,0.2418738752603531,1
uhkakuvat,0.4948866665363312,1
uhkakäsitys,0.49180859327316284,1
uhkapelit,0.36046844720840454,1
uhmakkuus- ja käytöshäiriö,0.3463843762874603,1
uhrien tukeminen,0.2832852005958557,1
uhrikokemukset,0.3444584608078003,1
uhrikokemusten kasautuminen,0.2848888635635376,1
uhrit,0.40674319863319397,1
uimaopetus,0.3066803812980652,1
uimarit,0.1711348444223404,1
uimataito,0.4360305964946747,1
uinti,0.3886549174785614,1
ujous,0.15848439931869507,1
ukkonen,0.24252067506313324,1
ukulele,0.2737937569618225,1
ulko-opetus,0.23772183060646057,1
ulkoilmakasvatus,0.3471740484237671,1
ulkoilmakoulu,0.38120949268341064,1
ulkoilu,0.13172340393066406,0
ulkoinen derivaatta,0.18651191890239716,1
ulkoinen leima,0.2247971147298813,1
ulkoinen motivaatio,0.35180461406707764,1
ulkoinen tulo,0.2298121303319931,1
ulkoiset tekijät,0.1835223138332367,1
ulkoistaminen,0.5057646632194519,1
ulkoisvaikutukset,0.290363073348999,1
ulkomaalainen tutkinto-opiskelija,0.2371404767036438,1
ulkomaalaiset,0.25159958004951477,1
ulkomaalaiset opiskelijat,0.5496668219566345,1
ulkomaankauppa,0.3033525049686432,1
ulkomainen apu,0.2346937507390976,1
ulkomainen työvoima,0.27739766240119934,1
ulkona oppiminen,0.287309467792511,1
ulkonäkö,0.603972852230072,1
ulkonäköpaineet,0.40460944175720215,1
ulkopolitiikka,0.4966614544391632,1
ulkosuomalaiset,0.23385967314243317,1
ulkosuomalaisuus,0.22330771386623383,1
ulkoympäristö,0.3605502247810364,1
ulompi reisilihas,0.3897377848625183,1
ulospäin suuntautuva ongelmakäyttäytyminen,0.22376815974712372,1
ulospäin suuntautuvat ongelmat,0.22714267671108246,1
ulospäinsuuntautuva ongelmakäyttäytyminen,0.2022375911474228,1
ulosteet,0.42604365944862366,1
ultrasound,0.424663782119751,1
ultraääni,0.3019610047340393,1
ultraäänitutkimus,0.32881423830986023,1
uncertainty,0.24342000484466553,1
uncoating,0.3281513452529907,1
underground,0.26671838760375977,1
underlying values,0.1710422933101654,1
underprivileged social position,0.25072547793388367,1
undervisning,0.3710852563381195,1
undervisning på ett andraspråk,0.21862980723381042,1
uneliaisuus,0.31678396463394165,1
unelma,0.2567990720272064,1
unelmat,0.2706623375415802,1
unen fysiologia,0.35259658098220825,1
unen laatu,0.36407899856567383,1
unen mittaaminen,0.2951720654964447,1
unettomuus,0.6197308301925659,1
unettomuusoireet,0.2985196113586426,1
uni,0.6685086488723755,1
uni (biologiset ilmiöt),0.31021836400032043,1
uni (lepotila),0.5779686570167542,1
uniapnea-oireyhtymä,0.18741221725940704,1
unihäiriöt,0.3728701174259186,1
unitutkimus,0.2885054349899292,1
unity3d,0.3622608482837677,1
universitetspedagogik,0.21578696370124817,1
universities,0.32850077748298645,1
university,0.17013320326805115,1
university student,0.17716193199157715,1
university students,0.3220873475074768,1
university students in Pakistan,0.1640670895576477,1
unkarin kieli,0.2575801908969879,1
unsustainable behaviour,0.1424817442893982,1
upper comprehensive school,0.31569620966911316,1
upper secondary education,0.1719963252544403,1
upper secondary school,0.3479611277580261,1
uppfattningar,0.2106451392173767,1
ura,0.2469298541545868,1
ura-ankkuri,0.1575227677822113,1
uraani,0.2246333658695221,1
urakehitys,0.6370264291763306,1
urakoitsijat,0.12812867760658264,0
uran jatkuminen,0.397399365901947,1
uranium,0.2405077964067459,1
uranvalinta,0.5509857535362244,1
uraohjaus,0.51558518409729,1
uraohjausalan yritykset,0.17266233265399933,1
uraohjauspalvelut,0.35413089394569397,1
urapolku,0.4743110239505768,1
urasiirtymä,0.2770038843154907,1
urasopeutuvuus,0.1953323483467102,1
urasuunnittelu,0.40303826332092285,1
urasuunnitteluun liittyvä minäpystyvyys,0.1794082075357437,1
urateoria,0.3301122784614563,1
urban culture,0.28499338030815125,1
urban development,0.3350754380226135,1
ureaformaldehydi,0.14502805471420288,1
urheilija(t),0.3005174994468689,1
urheilijakehitys,0.3678673803806305,1
urheilijan harjoittelu,0.1522970348596573,1
urheilijan polku,0.29466283321380615,1
urheilijan seuranta,0.18775597214698792,1
urheilijan urapolku,0.3741745054721832,1
urheilijat,0.8531986474990845,1
urheilu,0.933225154876709,1
urheilu- ja liikuntajärjestöt,0.6180349588394165,1
urheilu- ja liikuntaseurat,0.5869545936584473,1
urheilu-ura,0.46861532330513,1
urheiluhallinto,0.40215426683425903,1
urheiluhistoria,0.2884436547756195,1
urheilujohtajat,0.1880519837141037,1
urheilujohtaminen,0.384178102016449,1
urheilujournalismi,0.42186760902404785,1
urheilujuomat,0.2144174575805664,1
urheilujärjestöt,0.4604681134223938,1
urheilukilpailut,0.3258472979068756,1
urheilulajit,0.535410463809967,1
urheiluluokat,0.2794082462787628,1
urheiluluokka,0.25756850838661194,1
urheilulähetys,0.2757422924041748,1
urheilumedia,0.38846486806869507,1
urheilun sukupuolittuneisuus,0.22515243291854858,1
urheiluopistot,0.503470242023468,1
urheiluravitsemus,0.2530515789985657,1
urheiluselostukset,0.24213169515132904,1
urheiluseura.,0.21810127794742584,1
urheiluseuraharrastaminen,0.25125837326049805,1
urheiluseurajäsenyys,0.20030029118061066,1
urheiluseurat,0.6630344986915588,1
urheiluseuratoiminta,0.34800970554351807,1
urheiluseurojen liikunta,0.21061809360980988,1
urheilusponsorointi,0.4796075224876404,1
urheilusuoritukset,0.20098796486854553,1
urheiluvalmennus,0.26860904693603516,1
urheiluvammat,0.6560506224632263,1
urheiluyleisö,0.33121350407600403,1
urheiluyläkoulu,0.23994891345500946,1
urheiluyläkoulu/liikuntapainotteinen yläkoulu,0.38546881079673767,1
urheiluyläkoulukokeilu,0.2931990921497345,1
usability,0.30436646938323975,1
use continuance,0.47962573170661926,1
use of health care service,0.3961884677410126,1
use of language,0.3107636868953705,1
usefulness,0.19292479753494263,1
user experience,0.6579895615577698,1
user generated content,0.38101744651794434,1
user interface design,0.23778598010540009,1
user interfaces,0.19949856400489807,1
user studies,0.19786156713962555,1
user testing,0.18801835179328918,1
user values,0.24691583216190338,1
user-centeredness,0.15606988966464996,1
username,0.3314749002456665,1
users,0.28623437881469727,1
users‟ experiences,0.2704262137413025,1
usko,0.29217657446861267,1
uskollisuus,0.21677696704864502,1
uskomukset,0.40751752257347107,1
uskonnollisuus,0.323912113904953,1
uskonnonfilosofia,0.49103331565856934,1
uskonto,0.3990233838558197,1
uskonto (uskominen),0.29520076513290405,1
uskonto ja uskonnot,0.3125500977039337,1
uskottavuus,0.5096060633659363,1
uskoutuminen,0.29064488410949707,1
uskova opettaja,0.23937779664993286,1
utbildning,0.1296570599079132,0
utilitarismi,0.18748138844966888,1
utilitaristiset tekijät,0.188182070851326,1
utopia,0.1562814563512802,1
utopianism,0.1949058622121811,1
utopiat,0.17069604992866516,1
uttal,0.254800021648407,1
uttalsinlärning,0.19661591947078705,1
utveckling,0.3388400673866272,1
uudelleenkirjoittaminen,0.25019803643226624,1
uudelleenkirjoitus,0.17425309121608734,1
uudelleenkoulutus,0.2946915626525879,1
uudelleenkäyttö,0.29748639464378357,1
uudelleensosialisaatio,0.3260640501976013,1
uudelleentviittaus,0.26380404829978943,1
uuden ajan alku,0.20738445222377777,1
uuden julkisjohtamisen oppi,0.3167904317378998,1
uudet kirjoitustaidot,0.26348817348480225,1
uudet talouden muodot,0.1612420678138733,1
uudet teknologiat,0.19966283440589905,1
uudisrakentaminen,0.24629884958267212,1
uudistava oppiminen,0.25463220477104187,1
uudistukset,0.4183156192302704,1
uupumus,0.8495709896087646,1
uusi aika,0.18668237328529358,1
uusi julkisjohtaminen,0.3740330636501312,1
uusi kirjoittaminen,0.248989537358284,1
uusi maksupalveludirektiivi,0.45451366901397705,1
uusi retoriikka,0.22020122408866882,1
uusi työ,0.3001993000507355,1
uusi yhteisö,0.25901299715042114,1
uusinstitutionalismi,0.20715992152690887,1
uusintaminen,0.22931241989135742,1
uusiokäyttö,0.22206808626651764,1
uusiovesi,0.14373311400413513,1
uusiutuvat energialähteet,0.5101516842842102,1
uusklassismi,0.20641231536865234,1
uusliberalismi,0.4939410090446472,1
uusmaterialismi,0.235821932554245,1
uusmedia,0.3722478151321411,1
uusperheet,0.3215000331401825,1
uussuomalainen,0.20259961485862732,1
uuteen ihmiseen suhtautuminen,0.3992781639099121,1
uutiset,0.656629741191864,1
uutiskirje,0.31650272011756897,1
uutiskriteerit,0.20943179726600647,1
uutisointi,0.5634856224060059,1
uutispelit,0.3552287220954895,1
uutisten välttely,0.21786998212337494,1
uutto,0.24858534336090088,1
uutuus,0.3888697624206543,1
vaalikampanjat,0.26015111804008484,1
vaaliohjelmat,0.2343132644891739,1
vaalirahoitus,0.3441818058490753,1
vaalit,0.6101328730583191,1
vaaratilanteet,0.20167860388755798,1
vaateteollisuus,0.4008702337741852,1
vaatetusliikkeet,0.1954413503408432,1
vaatetusteollisuus,0.2312454730272293,1
vaatimukset,0.1782909333705902,1
vaatimusmäärittely,0.20464786887168884,1
vaatimusmäärittelyt,0.24284903705120087,1
vaatimustekijä,0.27878448367118835,1
vaatimustenhallinta,0.41336628794670105,1
vaativa erityinen tuki,0.4170825481414795,1
vaativa monialainen tuki,0.29331135749816895,1
vaatteet,0.36147743463516235,1
vacuum,0.35723671317100525,1
vaellus,0.326489120721817,1
vaelluseste,0.38065412640571594,1
vaelluskalat,0.4673261046409607,1
vaellusreitit,0.24127154052257538,1
vahingoittavat käytännöt,0.21833722293376923,1
vahinkofunktio,0.2118590623140335,1
vahvistushyökkäys,0.33263465762138367,1
vahvuudet,0.4683935344219208,1
vahvuuksiin perustuva valmennus,0.34511494636535645,1
vahvuus ihmissuhteissa,0.33611276745796204,1
vahvuusnäkökulma,0.27484384179115295,1
vahvuusperustainen opetus,0.4236748516559601,1
vaiennettujen ryhmien teoria,0.2661516070365906,1
vaihdevuodet,0.7046812176704407,1
vaihtelu,0.3680354058742523,1
vaihto-opiskelijat,0.3213249444961548,1
vaihtoehtokulttuuri,0.21167483925819397,1
vaihtoehtolajit,0.30020421743392944,1
vaihtoehtoliikunta,0.3950902223587036,1
vaihtoehtomusiikki,0.3014158606529236,1
vaihtokäyttäytyminen,0.45500314235687256,1
vaihtuvuus,0.2721831202507019,1
vaikea temperamentti,0.20038847625255585,1
vaikeudet,0.3827153742313385,1
vaikutelman hallinta,0.23025929927825928,1
vaikuttajamarkkinointi,0.4721972644329071,1
vaikuttaminen,0.6006022691726685,1
vaikuttamisviestintä,0.22616051137447357,1
vaikuttavuus,0.790837824344635,1
vaikuttavuusinvestoiminen,0.200893372297287,1
vaikuttavuussijoittaminen,0.19828101992607117,1
vaikutukset,0.6148859858512878,1
vaikutushierarkiamalli,0.25510844588279724,1
vaikutusmahdollisuudet,0.1494196355342865,1
vaikutusvalta,0.18413428962230682,1
vaimo,0.11161153763532639,0
vaimot,0.20610879361629486,1
vainoaminen,0.38950619101524353,1
vainon seuraukset,0.25922441482543945,1
vainoteot,0.23660840094089508,1
vakaat isotoopit,0.4739020764827728,1
vakaumus,0.24783927202224731,1
vakavaraisuus,0.2934747040271759,1
vakoilu,0.4459823668003082,1
vakuutus,0.14189238846302032,1
vakuutusala,0.5149133801460266,1
vakuutusmatematiikka,0.34826672077178955,1
vakuutussopimukset,0.1845790445804596,1
vakuutusyhtiöt,0.35765355825424194,1
validation,0.35351118445396423,1
validiteetti,0.5581530928611755,1
validointi,0.310891717672348,1
valikoivat markkinat,0.1496455818414688,1
valinnanvapaus,0.22542276978492737,1
valinta,0.46136975288391113,1
valintajono,0.266185998916626,1
valintakoe,0.3891284167766571,1
valintapaine,0.32602670788764954,1
valitukset,0.16834470629692078,1
valkohäntäkauris,0.41705521941185,1
valkohäntäpeura,0.3345092535018921,1
valkoihoiset,0.21505020558834076,1
valkosolut,0.22245870530605316,1
vallan lähteet,0.18086834251880646,1
vallankaappaukset,0.13826440274715424,0
vallankumoukset,0.34044238924980164,1
vallankumous,0.11395908892154694,0
vallankäyttö,0.5387356281280518,1
valloni,0.14844021201133728,1
vallonit,0.2897087633609772,1
valmennus,0.8465871214866638,1
valmennuskulttuuri,0.18443818390369415,1
valmennuskäyttäytyminen,0.25204774737358093,1
valmennussuhde,0.41750475764274597,1
valmennustyö,0.22067460417747498,1
valmentajat,0.8043635487556458,1
valmentajuus,0.29364341497421265,1
valmentaminen,0.39930978417396545,1
valmentautuminen,0.3757077753543854,1
valmentava johtaminen,0.1818309873342514,1
valmentava koulutus,0.32458317279815674,1
valmistalot,0.26317450404167175,1
valmistava opetus,0.4513563811779022,1
valmiudet,0.4735809862613678,1
valo,0.2702556848526001,1
valokuvaajat,0.4874078631401062,1
valokuvat,0.6164602637290955,1
valokuvataide,0.36277133226394653,1
valokuvaus,0.30522215366363525,1
valokuvaus tutkimusmenetelmänä,0.21339009702205658,1
valta,0.8111098408699036,1
valtakunnalliset linjaukset,0.3850712478160858,1
valtapositiot,0.2588125765323639,1
valtasuhteet,0.15290412306785583,1
valtavirtaistaminen,0.1252693384885788,0
valtimot,0.5173362493515015,1
valtimoterveys,0.20323491096496582,1
valtio,0.5420701503753662,1
valtion taideteostoimikunta,0.20050936937332153,1
valtionhallinto,0.6237437129020691,1
valtionlainat,0.22690364718437195,1
valtionyhtiöt,0.2749894857406616,1
valtiopäivät,0.2486344426870346,1
valtiopäivät (istuntokaudet),0.17636358737945557,1
valtiopäivät (kansanedustuslaitokset),0.2137388288974762,1
valtiosihteerit,0.3704277276992798,1
valtuustot,0.1259404569864273,0
valtuutetut,0.1733616143465042,1
value (properties),0.33375224471092224,1
value at risk,0.20948204398155212,1
value capture,0.306481271982193,1
value co-creation,0.5867535471916199,1
value co-destruction,0.3992726802825928,1
value communication,0.24901266396045685,1
value creation,0.6351589560508728,1
value measurement,0.2893262505531311,1
value network,0.21558542549610138,1
value typology,0.23326905071735382,1
value-based selling,0.31016233563423157,1
values,0.14583195745944977,1
values (conceptions),0.19781328737735748,1
values (cultural objects),0.38059988617897034,1
valuma-alueet,0.17064571380615234,1
valuutat,0.2751457691192627,1
valuuttapolitiikka,0.2914012372493744,1
valvonta,0.5860818028450012,1
valvontarangaistus,0.20824483036994934,1
vammaiset,0.4944615960121155,1
vammaiskäsitys,0.2794017493724823,1
vammaispalvelut,0.17736123502254486,1
vammaispolitiikka,0.16623641550540924,1
vammaistutkimus,0.33509179949760437,1
vammaisurheilu,0.4319276511669159,1
vammaisuus,0.4777822196483612,1
vammat,0.38282400369644165,1
vammautuminen,0.27066394686698914,1
vampyyrit,0.2709619402885437,1
vangit,0.30762842297554016,1
vanhainkodit,0.2289947271347046,1
vanhainkotiasukkaat,0.23725853860378265,1
vanhemmaksi tuleminen,0.2573080062866211,1
vanhemmaksi tulo,0.25454244017601013,1
vanhemman asiantuntijuus,0.21263179183006287,1
vanhemman osallistuminen,0.17541547119617462,1
vanhemmat,0.8226022124290466,1
vanhemmuuden mallit,0.38730838894844055,1
vanhemmuuden rakentuminen,0.3254750967025757,1
vanhemmuuden stressi,0.30129116773605347,1
vanhemmuuden taidot,0.16624431312084198,1
vanhemmuuden uupumus,0.4505962133407593,1
vanhemmuuden vastuu,0.400753915309906,1
vanhemmuus,0.7325423359870911,1
vanhemmuustyyli,0.1803683638572693,1
vanhemmuustyylit,0.5537979602813721,1
vanhemmuuteen siirtyminen,0.2347782403230667,1
vanhempainvapaa,0.37396371364593506,1
vanhempi-lapsi sijoitus,0.3076690435409546,1
vanhempi-lapsisuhde,0.3274952471256256,1
vanhempien kokemukset,0.2534911036491394,1
vanhempien käsitykset,0.2899119555950165,1
vanhempien mediakontrolli,0.1496150940656662,1
vanhempien minäpystyvyys,0.3555745482444763,1
vanhempien näkemys,0.2090020775794983,1
vanhempien osallistuminen,0.4178873896598816,1
vanhempien osallisuus,0.270506888628006,1
vanhempien puhe,0.1896985024213791,1
vanhempien rooli,0.24848923087120056,1
vanhempien tuki,0.18898798525333405,1
vanhempien työaika,0.20775070786476135,1
vanhempien voimavarat,0.4433276653289795,1
vanhempien välinen työnjako,0.2075890749692917,1
vanheneminen,0.6633784770965576,1
vanhoillislestadiolaisuus,0.31070995330810547,1
vanhukset,0.5914100408554077,1
vanhus,0.25969359278678894,1
vanhusasiakas,0.31783515214920044,1
vanhuspalvelut,0.363494336605072,1
vanhusten hoitotyö,0.17752274870872498,1
vanhustenhuolto,0.31579795479774475,1
vanhustyö,0.41674116253852844,1
vanhuus,0.49665674567222595,1
vanhuustutkimus,0.21661798655986786,1
vankilat,0.22356081008911133,1
vapaa leikki,0.38848772644996643,1
vapaa testosteroni,0.26733654737472534,1
vapaa valinta,0.1884869486093521,1
vapaa-aika,0.7489222884178162,1
vapaa-ajan fyysinen aktiivisuus,0.41273337602615356,1
vapaa-ajan liikunta-aktiivisuus,0.25896382331848145,1
vapaa-ajan liikuntaharrastaminen,0.25480982661247253,1
vapaaehtoinen lapsettomuus,0.17204031348228455,1
vapaaehtoinen tilintarkastus,0.3347502648830414,1
vapaaehtoiset,0.3780665099620819,1
vapaaehtoistoiminta,0.4161098897457123,1
vapaaehtoistyö,0.8063436150550842,1
vapaaehtoisuus,0.4337752163410187,1
vapaat rasvahapot,0.2985793948173523,1
vapaauinti,0.18758712708950043,1
vapauden rajoittaminen,0.45159822702407837,1
vapaus,0.6549358367919922,1
vapautuneet orjat,0.14159223437309265,1
varainhoito,0.3258299231529236,1
varakkuus,0.23676113784313202,1
varallisuus,0.3642139732837677,1
varallisuuserot,0.24493299424648285,1
varallisuustaso,0.36302149295806885,1
varastointi,0.1539374738931656,1
varautuminen,0.315965861082077,1
varhainen englannin kielen opetus,0.20940853655338287,1
varhainen erikoistuminen,0.3704657554626465,1
varhainen kielen kehitys,0.46343687176704407,1
varhainen kieltenopetus,0.23648059368133545,1
varhainen puuttuminen,0.5450488924980164,1
varhainen tiedonkäsittely,0.32441845536231995,1
varhainen tuki,0.3996862471103668,1
varhainen tunnistaminen,0.31920140981674194,1
varhainen vuorovaikutus,0.5493566989898682,1
varhaiserityiskasvatus,0.32518288493156433,1
varhaiserityisopettajat,0.16855524480342865,1
varhaiserityispedagogiikka,0.3065551817417145,1
varhaiset matemaattiset taidot,0.12886692583560944,0
varhaisiän musiikkikasvatus,0.17147131264209747,1
varhaisiän taidekasvatus,0.2887084186077118,1
varhaiskasvattaja,0.22105762362480164,1
varhaiskasvatuksen aloitus,0.17379704117774963,1
varhaiskasvatuksen ammattilaiset,0.2472033053636551,1
varhaiskasvatuksen erityisopettaja,0.22286821901798248,1
varhaiskasvatuksen johtajuus,0.1859394609928131,1
varhaiskasvatuksen musiikkikasvatus,0.3112768828868866,1
varhaiskasvatuksen opettaja,0.27385374903678894,1
varhaiskasvatuksen opettajankoulutus,0.1397121548652649,0
varhaiskasvatuksen opettajat,0.41262874007225037,1
varhaiskasvatuksen pedagogiikka,0.21197310090065002,1
varhaiskasvatuksen uudistukset,0.2865641117095947,1
varhaiskasvatus,0.9395103454589844,1
varhaiskasvatusala,0.2465260773897171,1
varhaiskasvatuslaki,0.5240134000778198,1
varhaiskasvatusoikeus,0.31199321150779724,1
varhaiskasvatussuunnitelma,0.3893173933029175,1
varhaiskasvatussuunnitelman perusteet,0.3193747103214264,1
varhaiskasvatussuunnitelmat,0.5466795563697815,1
varhaiskasvatusympäristö esiopetus,0.10972927510738373,0
varhaisnuoret,0.46604859828948975,1
varhaisnuoruus,0.308603972196579,1
varhaisopetus,0.18479447066783905,1
varhennettu englannin kielen opetus,0.1707739681005478,1
varhennettu kieltenopetus,0.453052282333374,1
variaatiolaskenta,0.24122098088264465,1
varianssianalyysi,0.21953676640987396,1
variogrammi,0.24482661485671997,1
varis,0.2669287621974945,1
varmenteet,0.2257552444934845,1
varoitusväri,0.21042299270629883,1
vartalo,0.48856931924819946,1
varusmiehet,0.3372092843055725,1
varusmieskoulutus,0.19442331790924072,1
varusmiespalvelus,0.3465694487094879,1
varusnaiset,0.2542223334312439,1
vasemmistopuolueet,0.2496500164270401,1
vaskularisaatio,0.20798084139823914,1
vasta-aineet,0.21992333233356476,1
vasta-alkaja,0.2037850171327591,1
vasta-alkajat,0.20206528902053833,1
vastaanotto,0.34564560651779175,1
vastaanottokeskukset,0.20110929012298584,1
vastaanottotoiminta,0.31732943654060364,1
vastaavuus,0.25967317819595337,1
vastadiskurssi,0.221173495054245,1
vastakarvaan kirjoittaminen,0.20550407469272614,1
vastakulttuurit,0.15686161816120148,1
vastamedia,0.19570297002792358,1
vastarinta,0.40248632431030273,1
vastatieto,0.27525007724761963,1
vastavalmistuneet,0.4869285225868225,1
vastavirta-algoritmi,0.15128709375858307,1
vastustettu sisäänhengitysharjoittelu,0.5151267647743225,1
vastustus,0.17702621221542358,1
vastuu,0.4920288026332855,1
vastuullinen henkilöstöjohtaminen,0.22721192240715027,1
vastuullinen kuluttaminen,0.30514225363731384,1
vastuullinen palkitsemisjärjestelmä,0.1519491821527481,1
vastuullinen sijoittaminen,0.24081335961818695,1
vastuullinen veronmaksu,0.344011127948761,1
vastuullisuus,0.5503151416778564,1
vastuullisuusperiaatteet,0.27718469500541687,1
vastuullisuusraportointi,0.16710679233074188,1
vastuun jakautuminen,0.3167317807674408,1
vastuuttaminen,0.22592724859714508,1
vaulting,0.31969037652015686,1
vauvaperheet,0.31510743498802185,1
veden lämpötila,0.21444149315357208,1
vedenjakelu,0.26831772923469543,1
vedenkäsittely,0.28817662596702576,1
vedenlaatu,0.452860563993454,1
vedenpuhdistus,0.17987839877605438,1
vehicle,0.2703554332256317,1
veisto,0.3708922266960144,1
veistokset,0.22863899171352386,1
vektoriautoregressio,0.23982690274715424,1
vektorit (matematiikka),0.2075386345386505,1
velhot,0.18366992473602295,1
velkaantuminen,0.2616928517818451,1
ventilatory efficiency,0.2050812691450119,1
venyttely,0.4884696900844574,1
venäjä äidinkielenä,0.15118776261806488,1
venäjän kielen opiskelu,0.19060349464416504,1
venäjän kieli,0.47034481167793274,1
venäjänkielinen maahanmuuttaja,0.2200322449207306,1
venäjänkieliset,0.6439076066017151,1
venäläinen,0.18285050988197327,1
venäläinen maahanmuuttaja,0.23687323927879333,1
venäläiset,0.5216907858848572,1
venäläistämispolitiikka,0.1653841733932495,1
venäläisyys,0.38968807458877563,1
veo,0.1526607871055603,1
verbit,0.40476131439208984,1
veren happisaturaatio,0.30223211646080017,1
verenkiertoelimet,0.22901663184165955,1
verensokeri,0.34229716658592224,1
veri,0.2516109049320221,1
verifiointi,0.16358080506324768,1
veritilavuus,0.19426946341991425,1
verkko-ohjaus,0.3813607692718506,1
verkko-ohjelma,0.34795042872428894,1
verkko-opetus,0.43103718757629395,1
verkko-opiskelu,0.35439333319664,1
verkko-oppimateriaali,0.3053593337535858,1
verkko-oppiminen,0.41451624035835266,1
verkko-oppimisympäristö,0.26018932461738586,1
verkko-ostaminen,0.3513060510158539,1
verkkoetnografia,0.1969638168811798,1
verkkohyökkäykset,0.5746002793312073,1
verkkointerventio,0.5854686498641968,1
verkkointerventiot,0.3120153546333313,1
verkkojournalismi,0.5385428071022034,1
verkkojuttelu,0.19829528033733368,1
verkkokauppa,0.47788429260253906,1
verkkokauppa (verkkoliiketoiminta),0.2876768708229065,1
verkkokauppakuluttaminen,0.2600414454936981,1
verkkokeskustelu,0.5679784417152405,1
verkkokirjoittaminen,0.37682729959487915,1
verkkokiusaaminen,0.2612396478652954,1
verkkokurssi,0.328461229801178,1
verkkokurssit,0.3992769420146942,1
verkkolaskutus,0.2438245415687561,1
verkkolehdet,0.437617689371109,1
verkkoliiketoiminta,0.38282716274261475,1
verkkomaksaminen,0.20785097777843475,1
verkkonuorisotyö,0.31962764263153076,1
verkkonäkyvyys,0.16867965459823608,1
verkkopalvelut,0.5625895857810974,1
verkkopankit,0.43786805868148804,1
verkkopelit,0.3206045627593994,1
verkkoperustainen nuorisotyö,0.27955374121665955,1
verkkorikollisuus,0.3262823522090912,1
verkkoruokakauppa,0.3614840507507324,1
verkkosivustot,0.4929054379463196,1
verkkosovellus,0.3554159998893738,1
verkkoteoria,0.2997855246067047,1
verkkourkinta,0.53474360704422,1
verkkovalmennus,0.3920900523662567,1
verkkovideot,0.40033215284347534,1
verkkoviestintä,0.4515686333179474,1
verkkoyhteisö,0.19642241299152374,1
verkkoyhteisöt,0.6255821585655212,1
verkkoympäristö,0.2606397569179535,1
verkonhallinta,0.2850494980812073,1
verkosto,0.2719767987728119,1
verkostoituminen,0.4717734754085541,1
verkostonäkökulma,0.18301740288734436,1
verkostot,0.7436349391937256,1
verohallinto,0.30920737981796265,1
verojalanjälki,0.3277982175350189,1
verojalanjälkiraportointi,0.3205505907535553,1
veronkierto,0.34011512994766235,1
veroraportointi,0.2610146999359131,1
verosuunnittelu,0.2864340543746948,1
verot,0.19571666419506073,1
verotus,0.3487085998058319,1
verovalvonta,0.17598216235637665,1
verovastuullisuus,0.32685214281082153,1
vertaileva tutkimus,0.5189179182052612,1
vertailu,0.2198568880558014,1
vertaiset,0.3588268458843231,1
vertaiskokemukset,0.19348667562007904,1
vertaisoppilas,0.2246101349592209,1
vertaisoppiminen,0.47976595163345337,1
vertaisryhmät,0.6477815508842468,1
vertaisryhmävaikutukset,0.3366042673587799,1
vertaissuhde,0.2068338841199875,1
vertaissuhteet,0.6919100284576416,1
vertaistoiminta,0.16802604496479034,1
vertaistuk,0.25391945242881775,1
vertaistuki,0.6471288800239563,1
vertaistuki.,0.273110032081604,1
vertaisuus,0.2326795607805252,1
vertaisverkkokauppa,0.24265043437480927,1
vertaisverkot,0.49272653460502625,1
vertaukset,0.2031463384628296,1
vertical jump performance,0.17829743027687073,1
vertikaalinen integraatio,0.16867057979106903,1
vesi,0.6678755879402161,1
vesihuolto,0.4462481141090393,1
vesihyönteiset,0.23396256566047668,1
vesijohdot,0.11935117840766907,0
vesikirput,0.3866328001022339,1
vesikulkuneuvot,0.6000039577484131,1
vesilaitokset,0.17472471296787262,1
vesiliikunta,0.2993011176586151,1
vesilinnut,0.22625093162059784,1
vesiperhoset,0.17828594148159027,1
vesipula,0.3545987010002136,1
vesipätevyys,0.3496285378932953,1
vesireformi,0.3825170397758484,1
vesistöt,0.5090611577033997,1
vesiturvallisuustaito,0.33408981561660767,1
vesivarat,0.3193853795528412,1
vesivastusharjoittelu,0.3481796681880951,1
vesiviljely (kalatalous),0.3669392168521881,1
vesivoima,0.35853123664855957,1
vesivoimistelu,0.4101334810256958,1
veteraaniurheilu,0.3732399344444275,1
vetovoima,0.20776772499084473,1
vety,0.30122557282447815,1
vetysidokset,0.3521621823310852,1
victimhood,0.2275003045797348,1
video,0.4064951539039612,1
video blogs,0.28690144419670105,1
video game genre,0.26283612847328186,1
video game industry,0.17265090346336365,1
video games,0.6512448787689209,1
videoanalysointi,0.1776561737060547,1
videoblogit,0.38283780217170715,1
videogame,0.1610732078552246,1
videoharjoittelu,0.22158615291118622,1
videokuva,0.1112765222787857,0
videokuvaus,0.1425883173942566,1
videoneuvottelu,0.32638370990753174,1
videoneuvottelut,0.41119384765625,1
videopeli,0.1529192179441452,1
videopelit,0.7761682271957397,1
videopodcast,0.17170444130897522,1
videotaide,0.5069279074668884,1
videotaiteilijat,0.26152873039245605,1
videotyöskentely,0.2495594024658203,1
viemärilaitokset,0.19176791608333588,1
vienankarjala,0.3116703927516937,1
vienti,0.3913578391075134,1
vieraan kielen opetus,0.29419854283332825,1
vieraannuttaminen,0.2790750563144684,1
vieraannuttaminen (kääntäminen),0.36928457021713257,1
vieraantuminen,0.24353887140750885,1
vieraat kielet,0.4727725684642792,1
vierasaineet,0.2201431542634964,1
vieraskielinen opetus,0.3848251402378082,1
vieraskielisyys,0.17177869379520416,1
vieraskirjat,0.295109361410141,1
vieraslajit,0.5214030146598816,1
vierassanat,0.14143146574497223,1
vierikoulutus,0.3666422665119171,1
viestimet,0.34510964155197144,1
viestinnän arvon kehä,0.24476352334022522,1
viestintä,0.9392940402030945,1
viestintäammattilaisen roolit,0.21312099695205688,1
viestintäarkuus,0.20845083892345428,1
viestintäfunktiot,0.2800414562225342,1
viestintäilmapiiri,0.22738432884216309,1
viestintäjohtaja,0.3166235089302063,1
viestintäkampaja,0.3247361183166504,1
viestintäkonsultointi,0.16178862750530243,1
viestintäkäyttäytyminen,0.18207670748233795,1
viestintäkäytänteet,0.4100750684738159,1
viestintästrategiat,0.27134984731674194,1
viestintätaidot,0.223262220621109,1
viestintätekniikka,0.4471735954284668,1
viestintäteknologia,0.20897214114665985,1
viestintäteoriat,0.11754221469163895,0
viestintätutkimus,0.15175865590572357,1
viestipalvelu,0.34486034512519836,1
viestit,0.25479868054389954,1
view of women,0.18145757913589478,1
vigilance,0.2550811767578125,1
vigilanssi,0.30706560611724854,1
vignettes,0.22341902554035187,1
viha,0.21669764816761017,1
vihannekset,0.36969396471977234,1
vihapuhe,0.3493631184101105,1
viherlevät,0.2312864065170288,1
viherympäristö,0.17002704739570618,1
viholliskuva,0.37663739919662476,1
viholliskuvat,0.16374331712722778,1
vihreä kemia,0.17106962203979492,1
vihreä vety,0.21499520540237427,1
viiden suuren persoonallisuuden piirteen teoria,0.19962148368358612,1
viihdetaiteilijat,0.25095248222351074,1
viihteellistyminen,0.23053941130638123,1
viihtyminen,0.3986615538597107,1
viihtyvyys,0.5091295838356018,1
viimesijainen sosiaaliturva,0.12050027400255203,0
viinitilat,0.38766559958457947,1
viisaus,0.506870448589325,1
viisauskäsitys,0.212378591299057,1
viisivuotiaiden maksuton varhaiskasvatus,0.26632633805274963,1
viittaaminen,0.2382696270942688,1
viittomakieli,0.7999867796897888,1
viittomakieltä omaksuva,0.3937731683254242,1
viittomat,0.2511722445487976,1
viittomisvauhti,0.3372821509838104,1
viivasegmenttiprosessi,0.1600288450717926,1
viljely,0.2696209251880646,1
villeys,0.2727799415588379,1
vilppi,0.3590419292449951,1
vinjetit,0.23777572810649872,1
viraalimarkkinointi,0.44147562980651855,1
viral marketing,0.3072526156902313,1
viral uncoating,0.24278923869132996,1
viranomais- ja tiedeviestintä,0.38442638516426086,1
viranomaiset,0.48054274916648865,1
viranomaisyhteistyö,0.1760937124490738,1
vireys,0.3328244686126709,1
virhe,0.3578639030456543,1
virheanalyysi,0.31852149963378906,1
virheet,0.37309831380844116,1
virhekäsitykset,0.200408473610878,1
virhekäsitys,0.2014411985874176,1
virhelähteet,0.13196800649166107,0
virheteoria,0.2051868885755539,1
virikekasvatus,0.2923341393470764,1
virikkeet,0.21576616168022156,1
viritys,0.24191215634346008,1
viritys (soittimet),0.22928720712661743,1
virkakieli,0.4536936581134796,1
virkamiehet,0.28595787286758423,1
virkerakenne,0.42572128772735596,1
virkistyskäyttö,0.15609483420848846,1
virologia,0.30654430389404297,1
virology,0.37158724665641785,1
viron kieli,0.21907976269721985,1
virtapiirit,0.3437032401561737,1
virtavedet,0.305949330329895,1
virtavesiekosysteemi,0.19001542031764984,1
virtsa,0.23626463115215302,1
virtuaalietnografia,0.27701306343078613,1
virtuaalimaailma,0.27324968576431274,1
virtuaalinen  projektitiimi,0.35311612486839294,1
virtuaalinen yhteisöllisyys,0.25651389360427856,1
virtuaalisuus,0.17334596812725067,1
virtuaalitiimi,0.17916499078273773,1
virtuaalitodellisuus,0.36398714780807495,1
virtuaalitodellisuusmatkailu,0.4034896790981293,1
virtuaalitodellisuusympäristö,0.4010486602783203,1
virtuaalivaluutta,0.38095149397850037,1
virtuaaliympäristö,0.5637181997299194,1
virtual,0.2464720755815506,1
virtual community,0.30042919516563416,1
virtual ethnography,0.20257194340229034,1
virtual goods,0.2652832269668579,1
virtual learning environment,0.18152150511741638,1
virtual learning materials,0.18522292375564575,1
virtual reality,0.3076641261577606,1
virukset,0.2914186716079712,1
virulence,0.17755436897277832,1
virulenssi,0.5445199608802795,1
virus diseases,0.23505033552646637,1
viruses,0.2953616678714752,1
virustaudit,0.30981066823005676,1
viscosity,0.3229585886001587,1
vision,0.18029317259788513,1
visiot,0.2575019299983978,1
viskositeetti,0.3920053243637085,1
viskositeettiratkaisut,0.22939936816692352,1
viskositeettisensori,0.17652824521064758,1
vismutti,0.22067506611347198,1
visuaalinen ajattelu,0.41096749901771545,1
visuaalinen analogia,0.253233939409256,1
visuaalinen analyysi,0.12813037633895874,0
visuaalinen havaitseminen,0.2477502077817917,1
visuaalinen ilmaisu,0.23428216576576233,1
visuaalinen journalismi,0.07595793902873993,0
visuaalinen kielioppi,0.5149961113929749,1
visuaalinen kulttuuri,0.35139864683151245,1
visuaalinen luovuus,0.2874870300292969,1
visuaalinen palaute,0.4317744970321655,1
visuaalinen sujuvuus,0.2735677659511566,1
visuaalinen työmuisti,0.35268551111221313,1
visuaalinen viestintä,0.23084403574466705,1
visuaaliset narratiivit,0.3374522030353546,1
visuaalisuus,0.5194017291069031,1
visual,0.16292260587215424,1
visual attentional processes,0.1648494005203247,1
visual narratives,0.1562914252281189,1
visual processing,0.2825351357460022,1
visual search strategy,0.16420061886310577,1
visualisation,0.19367356598377228,1
visualisointi,0.3783457577228546,1
visuo-spatiaalinen hahmottaminen,0.18390901386737823,1
visuospatiaaliset taidot,0.10471464693546295,0
vitality affects,0.1872684508562088,1
viulistit,0.3469031751155853,1
viulu,0.18089640140533447,1
viulunsoitonopetus,0.22375987470149994,1
vocabulary,0.28165075182914734,1
vocabulary (knowledge),0.2814062237739563,1
vocabulary learning,0.21201470494270325,1
vocational education and training,0.18070100247859955,1
voima,0.5880088806152344,1
voimaannuttaminen,0.2146477997303009,1
voimaantuminen,0.5002260208129883,1
voimaharjoittelu,0.7958406209945679,1
voimailu,0.3100425601005554,1
voimalajit,0.383491575717926,1
voimalat,0.2084522247314453,1
voimalevyt,0.3213590383529663,1
voimankäyttö,0.34742239117622375,1
voimantuotto,0.5299603939056396,1
voimantuotto (fysiologia),0.40294700860977173,1
voimavara,0.23828662931919098,1
voimavarakeskeisyys,0.1944800466299057,1
voimavarat,0.22885018587112427,1
voimistelijat,0.46462714672088623,1
voimistelu,0.521253764629364,1
voitelu,0.4773581027984619,1
voitelu (tekniikka),0.20243807137012482,1
vokaalinen minäkuva,0.16595107316970825,1
vokaalit,0.45150700211524963,1
volatiliteetti,0.5103089213371277,1
volatility (societal properties),0.230158269405365,1
voles,0.2823876738548279,1
voluntary activation,0.1338556855916977,0
voluntary sport sector,0.2265634536743164,1
voluntary work,0.22222639620304108,1
volunteer work,0.37157055735588074,1
volunteers,0.3319084048271179,1
von Bertalanffy,0.30480995774269104,1
vowels,0.34817948937416077,1
vulnerability,0.24894535541534424,1
vulnerable children,0.20221321284770966,1
vuodenaikaisuus,0.16842053830623627,1
vuodenajat,0.4369756579399109,1
vuokra-asunnot,0.2210402935743332,1
vuokratyö,0.4742323160171509,1
vuokratyön johtaminen,0.2329690009355545,1
vuokratyön maine,0.2317763715982437,1
vuokratyöntekijät,0.39444810152053833,1
vuokrausyrityksen esihenkilötyö,0.24099649488925934,1
vuokrausyrityksen haasteet,0.3408030569553375,1
vuoro- ja vuosikurssijärjestelmä,0.23861493170261383,1
vuorohoidon erityispiirteet,0.27710574865341187,1
vuorohoito,0.5310155153274536,1
vuoropäivähoito,0.2377658635377884,1
vuorovaikutteinen kehityspsykoterapia,0.392909437417984,1
vuorovaikutuksen funktiot,0.2218366414308548,1
vuorovaikutus,0.9722352623939514,1
vuorovaikutusodotukset,0.22008879482746124,1
vuorovaikutusosaaminen,0.5658077001571655,1
vuorovaikutusosaamisen kehittyminen,0.3028653562068939,1
vuorovaikutusprosessit,0.16166315972805023,1
vuorovaikutussuhde,0.34774768352508545,1
vuorovaikutussuhteet,0.17411044239997864,1
vuorovaikutustaidot,0.4866098165512085,1
vuorovaikutustapa,0.25527065992355347,1
vuorovaikutustyylit,0.21777477860450745,1
vuorovaikutusvalmennus,0.21742776036262512,1
vuosikertomukset,0.2931715250015259,1
vuosiluokat 1–4,0.22941350936889648,1
vuosiluokkiin sitomaton opetus,0.24856773018836975,1
vuosiluokkiin sitomatonta opetusta tukeva opetus,0.20068025588989258,1
vuosiraportti,0.12368261069059372,0
vuosisadan vaihde,0.20886366069316864,1
vyötärönympärys,0.42073559761047363,1
väestö,0.27569714188575745,1
väestön hallinta,0.20452237129211426,1
väestönsiirrot,0.1917375773191452,1
väestöpolitiikka,0.2136407196521759,1
väestöryhmät,0.3298153281211853,1
väestötiede,0.21738573908805847,1
vähemmistökielet,0.3294197618961334,1
vähemmistökieli,0.17048273980617523,1
vähemmistöt,0.33065077662467957,1
vähittäismyymälän taustamusiikki,0.1342034935951233,0
vähähiilihydraattinen ruokavalio,0.19017428159713745,1
vähähiilihydraattinen ruokavalio.,0.25864002108573914,1
vähäinen liikkuminen,0.24151743948459625,1
vähäinen liikunta,0.21426424384117126,1
vähävaraisuus,0.3100118935108185,1
väistötilat,0.17888911068439484,1
väittely,0.35150447487831116,1
väittelyt,0.19041509926319122,1
väitöskirjat,0.3966537415981293,1
väkivallan selittäminen,0.21317732334136963,1
väkivallasta toipuminen,0.2701916992664337,1
väkivalta,0.7637072205543518,1
väkivaltaisen radikalisoitumisen ennaltaehkäisy,0.44108715653419495,1
väkivaltakyky,0.3304872512817383,1
väkivaltatyö,0.3108247220516205,1
väliesimies,0.16920961439609528,1
väliinputoaminen,0.23843321204185486,1
välikieli,0.3719589114189148,1
välikysymykset,0.28111669421195984,1
välimuisti,0.32752642035484314,1
välimuistiolio,0.22895625233650208,1
välimuistit,0.24539068341255188,1
välirauha,0.21890272200107574,1
välittäjäpalvelut,0.2159203141927719,1
välittäminen,0.20894385874271393,1
välittävät tekijät; couple therapy,0.2867806553840637,1
välitunnit,0.2635495066642761,1
välitys,0.23317749798297882,1
välitön vaara,0.17313356697559357,1
välttämiskäyttäytyminen,0.5206102728843689,1
väri,0.27728188037872314,1
väriaineet,0.1724248230457306,1
värinmuutokset,0.19300495088100433,1
värit,0.22984974086284637,1
värähtelyspektri,0.2844107151031494,1
värähtelyspetkrianalyysi,0.2857242226600647,1
värähtelyt,0.4888637065887451,1
väsyminen,0.41480228304862976,1
väsymisenvasteet,0.20097146928310394,1
väsymys,0.5325330495834351,1
väsytys,0.342425137758255,1
väsyvyys,0.2027013897895813,1
väärennökset,0.27727246284484863,1
väärinkäyttö,0.20563462376594543,1
wage differentials,0.1992001235485077,1
wages,0.23433062434196472,1
walking (motion),0.13509756326675415,0
wars,0.19000713527202606,1
waste management,0.36028599739074707,1
waste treatment,0.2768368721008301,1
wastes,0.30769962072372437,1
water,0.44078725576400757,1
water economy,0.42430996894836426,1
water investing,0.2999650835990906,1
water purification,0.1614910066127777,1
water quality,0.20741312205791473,1
water quality parameters,0.18397948145866394,1
water resources,0.2602351903915405,1
water scarcity,0.30065056681632996,1
water systems,0.2875652313232422,1
water treatment,0.30702081322669983,1
waterfowls,0.28535354137420654,1
watershed management,0.21053385734558105,1
weak coupling,0.2973472476005554,1
weather,0.20467408001422882,1
weather forecasting,0.1630600094795227,1
web,0.49717971682548523,1
web 2.0,0.14663046598434448,1
web 3.0,0.17671501636505127,1
web design,0.24354767799377441,1
web pages,0.1865655481815338,1
web-based intervention,0.27383312582969666,1
web-based studies,0.3746800422668457,1
web-sovellus,0.2822243273258209,1
webpage analysis,0.19688542187213898,1
website,0.46008002758026123,1
websites,0.28636521100997925,1
weight loss,0.151958629488945,1
weight reduction,0.13938017189502716,0
weightlifting,0.15559260547161102,1
welfare services,0.19891685247421265,1
well-being,0.5119777321815491,1
well-being at work,0.25476962327957153,1
wet etching,0.18920479714870453,1
wet etching of glass,0.2627066671848297,1
wheat straw,0.22687038779258728,1
whiplash-vamma,0.3842788636684418,1
white paper,0.1462763547897339,1
whole-lake experiment,0.41349631547927856,1
wicked problems,0.2150353193283081,1
will (mental qualities),0.2264924943447113,1
willingness to communicate,0.1834753155708313,1
wind energy,0.24268676340579987,1
wind farm,0.21228422224521637,1
wind farms,0.24555978178977966,1
wind power stations,0.24870999157428741,1
wind turbines,0.25339046120643616,1
within generational immune priming,0.3162824213504791,1
wizards,0.24904678761959076,1
womanhood,0.07891697436571121,0
women,0.5654414892196655,1
women's culture,0.14757150411605835,1
women's magazines,0.16530701518058777,1
women's movements,0.1920577585697174,1
women's rights movements,0.33353906869888306,1
wood chemistry,0.20834997296333313,1
wooden multistorey construction,0.3117122948169708,1
word of mouth,0.3045685589313507,1
word-of-mouth,0.2286233752965927,1
work economy,0.30750373005867004,1
work environment,0.21120165288448334,1
work life,0.23268111050128937,1
work's core competence areas,0.4209373891353607,1
work-related migration,0.17675501108169556,1
working abroad,0.33827295899391174,1
working life,0.3752075135707855,1
working memory,0.3711452782154083,1
workplace learning,0.32986992597579956,1
workplaces,0.16908609867095947,1
world war,0.13948491215705872,0
writing,0.12026433646678925,0
writing exercises,0.2506483197212219,1
writing in a second language,0.26804614067077637,1
xylose,0.1992790549993515,1
ydinaseet,0.23341982066631317,1
ydinenergia,0.43866655230522156,1
ydinestimointi,0.21235330402851105,1
ydinfysiikka,0.7349818348884583,1
ydinjätteet,0.26447877287864685,1
ydinkompetenssi,0.28032034635543823,1
ydinosaaminen,0.6496447324752808,1
ydinperhe,0.18840178847312927,1
ydinreaktorit,0.232520192861557,1
ydinsota,0.23847515881061554,1
ydinvoimalaitos,0.2558571398258209,1
ydinvoimalat,0.37578198313713074,1
ydinvoimapolitiikka,0.33698245882987976,1
yhdenvertaisuus,0.6296876072883606,1
yhdistelmäDNA-tekniikka.,0.13354051113128662,0
yhdistelmäajoneuvonkuljettaja,0.3164770007133484,1
yhdistetty harjoittelu,0.2055286169052124,1
yhdistetty hiihto,0.3566083014011383,1
yhdistetty voima- ja kestävyysharjoittelu,0.14141945540905,1
yhdistykset,0.3940986096858978,1
yhdistyminen,0.2538730204105377,1
yhdistynyt järjestelmä,0.18028144538402557,1
yhdistys,0.31262797117233276,1
yhdistäminen,0.47532036900520325,1
yhdistävä arvo,0.2592315375804901,1
yhdyskuntajätteet,0.1575441211462021,1
yhdyskuntaseuraamukset,0.1702686995267868,1
yhdyskuntasuunnittelu,0.31089988350868225,1
yhdyskuntatyö,0.2536488175392151,1
yhdysluokat,0.2688504159450531,1
yhdysluokka,0.3503504693508148,1
yhdysluokkaopetus,0.4808073341846466,1
yhdyssanat,0.4791523218154907,1
yhdysvallat,0.12761053442955017,0
yhteenkuuluvuus,0.45571210980415344,1
yhteensopivuus,0.35092252492904663,1
yhteensovittaminen,0.36308279633522034,1
yhteensovittautuminen,0.16477523744106293,1
yhteentoimivuus,0.3112190365791321,1
yhteinen opettajaidentiteetti,0.144662007689476,1
yhteinen ymmärrys,0.26454266905784607,1
yhteiset tutkinnon osat,0.4226248860359192,1
yhteishallinta,0.2614896893501282,1
yhteishuolto,0.2725690007209778,1
yhteisintegraatio,0.3406653106212616,1
yhteiskunnallinen asema,0.1862921416759491,1
yhteiskunnallinen mainonta,0.25324198603630066,1
yhteiskunnallinen muutos,0.46504324674606323,1
yhteiskunnallinen yrittäjyys,0.46262478828430176,1
yhteiskunnallisesti tiedostava ohjaus,0.2241852879524231,1
yhteiskunnalliset liikkeet,0.40935295820236206,1
yhteiskunnalliset oikeudet,0.22748498618602753,1
yhteiskunnalliset vaikutukset,0.15504083037376404,1
yhteiskunta,0.619138240814209,1
yhteiskuntafilosofia,0.4542764127254486,1
yhteiskuntakritiikki,0.2946989834308624,1
yhteiskuntakuvaus,0.2715259790420532,1
yhteiskuntaluokat,0.5828027129173279,1
yhteiskuntapoliittinen aktivismi,0.2261684089899063,1
yhteiskuntapolitiikka,0.3224113881587982,1
yhteiskuntasopimus,0.21962136030197144,1
yhteiskuntateoriat,0.24339094758033752,1
yhteiskuntatieteellinen vammaistutkimus,0.2359018325805664,1
yhteiskuntatieteet,0.49283573031425476,1
yhteiskuntavastuu,0.6534915566444397,1
yhteisleikki,0.2179846167564392,1
yhteisopettajuus,0.5422725081443787,1
yhteisopetus,0.1558295339345932,1
yhteissoitto,0.311174601316452,1
yhteissuunnittelu,0.36397236585617065,1
yhteissäätely,0.24716739356517792,1
yhteistoimijuus,0.3647533059120178,1
yhteistoiminnallinen opettaminen,0.42188945412635803,1
yhteistoiminnallinen oppiminen,0.48561927676200867,1
yhteistoiminnallinen yhteisö,0.2202921062707901,1
yhteistoiminnallisuus,0.4450552463531494,1
yhteistoiminta,0.4776904881000519,1
yhteistutkimushaastattelu,0.17788834869861603,1
yhteistyö,0.8836864233016968,1
yhteistyömuodot,0.19837547838687897,1
yhteistyömuoto,0.24372915923595428,1
yhteistyövanhemmuus,0.2705773711204529,1
yhteistyöverkosto,0.23187965154647827,1
yhteisvanhemmuus,0.4221315383911133,1
yhteisviranomainen,0.48843252658843994,1
yhteisyys,0.1718125194311142,1
yhteisö,0.3809598684310913,1
yhteisöasuminen,0.27452242374420166,1
yhteisöllinen hyvinvointityö,0.3244124948978424,1
yhteisöllinen lukeminen,0.2366471290588379,1
yhteisöllinen luovuus,0.15630598366260529,1
yhteisöllinen oppiminen,0.5848158001899719,1
yhteisöllinen toiminta,0.2499905824661255,1
yhteisöllisyys,0.7898153066635132,1
yhteisöllisyys ja vertaistuki,0.19060200452804565,1
yhteisömarkkinointi,0.4625879228115082,1
yhteisöt,0.7864288091659546,1
yhteisötalous,0.23872855305671692,1
yhteisöviestintä,0.5509268045425415,1
yhteisöviestintä.,0.3214654326438904,1
yhtenäinen sisältöstrategia,0.2359519749879837,1
yhteys,0.19117435812950134,1
yhtiöittäminen,0.2049928605556488,1
yhtiöt,0.13330990076065063,0
yhtyeet,0.12224331498146057,0
yhtälöt,0.2588076591491699,1
ykseys,0.15094228088855743,1
yksihiukkastila,0.22068952023983002,1
yksilö,0.39723843336105347,1
yksilöllinen opettaminen,0.3255685269832611,1
yksilöllinen oppiminen,0.3685823976993561,1
yksilölliset ominaisuudet,0.19002921879291534,1
yksilöllistetty opetussuunnitelma,0.40175488591194153,1
yksilöllistetyn lääketieteen kehittäminen,0.20221789181232452,1
yksilöllistyminen,0.3571133613586426,1
yksilöllisyys,0.6373579502105713,1
yksilön ja työn yhteensopivuus,0.20379310846328735,1
yksilönsuoja,0.2581750154495239,1
yksilönvapaus,0.15334127843379974,1
yksilötiheys,0.24047233164310455,1
yksilöurheilu,0.1606798619031906,1
yksin asuminen,0.1414257138967514,1
yksinasuvat,0.32269495725631714,1
yksinäisyys.,0.18719466030597687,1
yksineläjä,0.31334882974624634,1
yksineläjät,0.30434292554855347,1
yksinhuoltajat,0.2562697231769562,1
yksinhuoltajuus,0.31366199254989624,1
yksinolo,0.3449844717979431,1
yksinpelit,0.19808746874332428,1
yksintulleet alaikäiset turvapaikanhakijat,0.21296468377113342,1
yksintulleet pakolaislapset,0.23096422851085663,1
yksinäisyys,0.6085915565490723,1
yksittäismolekyylimagneetti,0.17553037405014038,1
yksityinen elämä,0.23563246428966522,1
yksityinen kulutus,0.34923282265663147,1
yksityinen päivähoito,0.41412353515625,1
yksityinen sektori,0.544624924659729,1
yksityinen varhaiskasvatus,0.22473390400409698,1
yksityiselämä,0.3901727795600891,1
yksityiskirjeenvaihto,0.2195511758327484,1
yksityisyrittäjyys,0.22052836418151855,1
yksityisyys,0.6435226202011108,1
yksityisyyslaskelma,0.20886538922786713,1
yläkoulu,0.196260467171669,1
yleinen historia,0.2896473705768585,1
yleinen oppiainekiinnostus,0.2612186670303345,1
yleinen tietosuoja-asetus,0.20055817067623138,1
yleisaikakauslehdet,0.1802963763475418,1
yleiset summapelit,0.2409897893667221,1
yleishyödylliset yhteisöt,0.2634151875972748,1
yleiskieli,0.2551841735839844,1
yleisluonteinen tarkastus,0.39114660024642944,1
yleisluonteisen tarkastuksen laatu,0.39075741171836853,1
yleisopetus,0.3016643226146698,1
yleisopetus ja suomalainen viittomakieli.,0.19632655382156372,1
yleistetyt trigonometriset funktiot,0.34356144070625305,1
yleistynyt ahdistuneisuushäiriö,0.22168540954589844,1
yleisurheilijat,0.26672497391700745,1
yleisurheilu,0.33138513565063477,1
yleisö,0.5803433060646057,1
yleisö-agentti,0.2703392207622528,1
yleisötilaisuudet,0.21003013849258423,1
yleisötutkimus,0.35523325204849243,1
yleisötyö,0.2348688542842865,1
ylellisyys,0.2213190197944641,1
yliaktiivisuusoireet,0.24088245630264282,1
ylijäämien sijoittaminen,0.21928811073303223,1
ylikuormitus,0.470533549785614,1
yliluonnolliset olennot,0.4345638155937195,1
yliluonnollisuus,0.2797548174858093,1
yliopisto,0.27258843183517456,1
yliopisto-opinnot,0.12187471240758896,0
yliopisto-opiskelija,0.31832587718963623,1
yliopisto-opiskelijat,0.37247028946876526,1
yliopisto-opiskelu,0.26592084765434265,1
yliopisto-yhteisöt,0.15991367399692535,1
yliopistokoulutus,0.23770229518413544,1
yliopistolaki,0.19863159954547882,1
yliopistot,0.6859558820724487,1
yliopistotyö,0.28250542283058167,1
yliopistouudistus,0.17501161992549896,1
ylioppilasarvosanat,0.2105632871389389,1
ylioppilaskirjoitukset,0.39409124851226807,1
ylioppilaskoe,0.25497573614120483,1
ylioppilastutkinto,0.3698490560054779,1
ylipaino,0.7507368922233582,1
ylirajaisuus,0.19306202232837677,1
ylisitoutuminen,0.30551421642303467,1
ylisukupolvisuus,0.326925128698349,1
ylläpito,0.47370409965515137,1
yläaste,0.3977883756160736,1
yläfunktio,0.2024347186088562,1
yläkoulu,0.9236876368522644,1
yläkoululaiset,0.6508135199546814,1
yläkoulun liikunnanopetus,0.2961379885673523,1
yläraajat,0.41947537660598755,1
ylävartalon lihasvoima,0.2927532196044922,1
ylävartalon voimaharjoittelu,0.2636776566505432,1
ylöspäin eriyttäminen,0.26687872409820557,1
ymmärrettävyys,0.3971768319606781,1
ymmärtäminen,0.19659483432769775,1
ympyräbiljardi,0.20334887504577637,1
ympäristö,0.639108419418335,1
ympäristö- ja luonnontieto,0.24403813481330872,1
ympäristöahdistus,0.41592416167259216,1
ympäristöanalytiikka,0.20939482748508453,1
ympäristöarvot,0.24667268991470337,1
ympäristöasenteet,0.4327584207057953,1
ympäristöestetiikka,0.5777694582939148,1
ympäristöetiikka,0.393236368894577,1
ympäristöhallinta,0.3085310459136963,1
ympäristöhistoria,0.17855072021484375,1
ympäristöjohtaminen,0.5807695984840393,1
ympäristöjohtamisjärjestelmä,0.2228376716375351,1
ympäristöjournalismi,0.16573622822761536,1
ympäristöjärjestelmät,0.28631964325904846,1
ympäristökasvatus,0.6186885237693787,1
ympäristökokemus,0.24152183532714844,1
ympäristökonflikti,0.3936655521392822,1
ympäristökonfliktit,0.2731584906578064,1
ympäristökriteerit,0.3222266435623169,1
ympäristökysymykset,0.28011563420295715,1
ympäristökäyttäytyminen,0.2972571551799774,1
ympäristölaskentatoimi,0.18796764314174652,1
ympäristöliikkeet,0.30697333812713623,1
ympäristömyrkyt,0.3665235638618469,1
ympäristön esteet,0.27314525842666626,1
ympäristön hallinta,0.32214221358299255,1
ympäristönhoito,0.2286461889743805,1
ympäristönmuutokset,0.4443957209587097,1
ympäristönsuojelu,0.27143922448158264,1
ympäristönsuojelukamppailu,0.18271848559379578,1
ympäristöongelmat,0.25646764039993286,1
ympäristöoppi,0.2865452766418457,1
ympäristöpakolaiset,0.2811008095741272,1
ympäristöpakolaisuus,0.3381907045841217,1
ympäristöpolitiikka,0.569749116897583,1
ympäristöraportointi,0.29425469040870667,1
ympäristöriskit,0.3796931505203247,1
ympäristösosiologia,0.26610997319221497,1
ympäristösuhde,0.22690349817276,1
ympäristösuunnittelu,0.33618712425231934,1
ympäristötekijät,0.18651266396045685,1
ympäristöteot,0.17828592658042908,1
ympäristötietoisuus,0.29141587018966675,1
ympäristötunteet,0.2744457423686981,1
ympäristövaikutukset,0.645503044128418,1
ympäristövaikutusten arviointi,0.3458004295825958,1
ympäristövastuu,0.5831438899040222,1
ympäristöverotus,0.24560211598873138,1
ympäristöviestintä,0.29922544956207275,1
ympäristöystävällinen kuluttaminen,0.18308255076408386,1
ympäristöystävällisyys,0.3455641269683838,1
young,0.17418746650218964,1
young adults,0.2925240099430084,1
young people,0.4976467192173004,1
young soccer,0.1504621058702469,1
youth,0.1956910938024521,1
youth sport,0.26786288619041443,1
yrittäjyyden edistäminen,0.3053310513496399,1
yrittäjyys,0.7261500954627991,1
yrittäjyyskasvatus,0.23493987321853638,1
yrittäjä,0.22810569405555725,1
yrittäjäidentiteetti,0.16553808748722076,1
yrittäjäminä,0.24973566830158234,1
yrittäjämäinen käyttäytyminen,0.17524735629558563,1
yrittäjämäisyys,0.20475153625011444,1
yrittäjät,0.6263017654418945,1
yrityksen perustaminen,0.2183169275522232,1
yrityksen sosiaalinen media,0.47995075583457947,1
yrityksen taloudellinen tulos,0.32590025663375854,1
yritykset,0.8705966472625732,1
yritys-kansalaisjärjestöyhteistyö,0.3610207140445709,1
yritysarkkitehtuuri,0.18360446393489838,1
yritysasiakkaat,0.27696773409843445,1
yritysblogi,0.22360104322433472,1
yritysbrändi,0.25558316707611084,1
yritysfuusiot,0.2648279368877411,1
yrityshautomot,0.26582208275794983,1
yritysjohtajat,0.2213791310787201,1
yritysjärjestelmä,0.3263667821884155,1
yrityskasvu,0.2868490219116211,1
yrityskaupat,0.373464435338974,1
yrityskulttuuri,0.3564586341381073,1
yrityskuva,0.3927203416824341,1
yritysmarkkinointi,0.4763360917568207,1
yritysmyynti,0.4702259600162506,1
yrityspalvelut,0.18998734652996063,1
yritysstrategiat,0.42289677262306213,1
yritysten bloggaaminen,0.262521892786026,1
yritysten välinen luottamus,0.294833242893219,1
yritysten yhteiskuntavastuu,0.24711333215236664,1
yritystodistus,0.3383519947528839,1
yritystoiminta,0.1658717393875122,1
yritysvastuu,0.6766400933265686,1
yritysvastuuluokitus,0.16064506769180298,1
yritysvastuuraportointi,0.17599017918109894,1
yritysvastuuviestintä,0.29005467891693115,1
yritysviestintä,0.39990702271461487,1
ystävien määrä,0.19326317310333252,1
ystävyys,0.36892810463905334,1
ystävyyskoulut,0.24661429226398468,1
ystävyyskunnat,0.29617244005203247,1
ystävyyssuhteet,0.2611778676509857,1
ystävyyssuhteiden laatu,0.15182258188724518,1
ystävät,0.3675045073032379,1
ystävätoiminta,0.35772326588630676,1
ytterbium,0.21622022986412048,1
z-sukupolvi,0.532559871673584,1
zenbuddhalaisuus,0.13671918213367462,0
zoografia,0.20344257354736328,1
zoomorfismi,0.22928927838802338,1
zoonarratologia,0.16299954056739807,1
zooplankton abundance,0.28900694847106934,1
zooplankton community,0.20268514752388,1
Äidinkieli ja kirjallisuus,0.2914799153804779,1
Ääntäminen,0.31380343437194824,1
Äärellinen vääntö,0.1426614671945572,1
Åland,0.1246846541762352,0
Émile Zola,0.1573929339647293,1
äidillinen ruumis,0.19002148509025574,1
äidin perhe,0.17439018189907074,1
äidinkielen kehitys,0.21961188316345215,1
äidinkielen opetus,0.16887427866458893,1
äidinkielenopettajat,0.35921019315719604,1
äidinkieli,0.7197572588920593,1
äidinkieli (kieli),0.3613186776638031,1
äidinkieli ja kirjallisuus,0.368134081363678,1
äidit,0.7574054002761841,1
äiti,0.28654778003692627,1
äitien uskomukset,0.2822321057319641,1
äitipuolet,0.18554431200027466,1
äitiys,0.6286420226097107,1
äitiyshuolto,0.2471460998058319,1
äitiyspakkaukset,0.19971199333667755,1
äkillinen vamma,0.4073498249053955,1
äldre,0.4531797766685486,1
älykkyys,0.24118879437446594,1
älykoti,0.42222464084625244,1
älykäs ympäristö,0.3889983594417572,1
älylaitteet,0.34899014234542847,1
älypuhelimet,0.6079704165458679,1
älypuhelin,0.2531486749649048,1
älysopimus,0.24444296956062317,1
älytalot,0.4080365002155304,1
älytaulu,0.24175016582012177,1
älytaulut,0.20474079251289368,1
älytekniikka,0.5862521529197693,1
älyteknologia,0.4054672122001648,1
älyvaateteknologia,0.3909205198287964,1
älyvaatteet,0.3567088842391968,1
ämneslärarutbildning,0.39366796612739563,1
ärsykkeet,0.3739854693412781,1
ääneen ajattelu,0.489956796169281,1
ääneen ajattelun - menetelmä,0.39449211955070496,1
ääneenajattelu,0.31506413221359253,1
äänenmuodostus,0.2383994460105896,1
äänestykset,0.21837617456912994,1
äänet,0.49140864610671997,1
ääni (fysikaaliset ilmiöt),0.2130604237318039,1
äänibrändäys,0.26056087017059326,1
äänikirjat,0.31871846318244934,1
äänilevyt,0.34113165736198425,1
äänilogo,0.27201688289642334,1
äänioikeus,0.3380289077758789,1
äänittäminen,0.19830000400543213,1
ääniviestintä,0.387637734413147,1
äänneoppi,0.1855723112821579,1
äänteet,0.4299840033054352,1
ääntäminen,0.47155484557151794,1
äärellisen lämpötilan kenttäteoria,0.25248005986213684,1
äärelliset kunnat,0.22696523368358612,1
ääriliikkeet,0.19844944775104523,1
äärioikeisto,0.5158286094665527,1
äärioikeistolaisuus,0.5108575820922852,1
élocution,0.19885686039924622,1
öljyteollisuus,0.3127867579460144,1
α2β1-integriini,0.15329985320568085,1
‘internationalisation at home’,0.16535484790802002,1
